"capabilityId","module","capabilityName","historicalStatus","codePresent","runtimeBound","active","reachable","consumerCount","operable","independentlyVerified","finalStatus","severity","breakpoint","evidence","recommendedAction"
"CLI-0343D1BCB352","FRONTEND / UI ACTIVATION","@hukuk/web:type-check","IMPLEMENTED | MERGED","true","true","true","true","1","","false","OPERABLE_UNVERIFIED","NONE","","project/apps/web/package.json:scripts.type-check","ADD_REPRESENTATIVE_L6_VERIFICATION"
"CLI-03DDDCE2D411","SHARED PLATFORM / INFRASTRUCTURE","@hukuk/api:seed:client-workspace-live-smoke","IMPLEMENTED | MERGED","true","true","true","true","1","","false","OPERABLE_UNVERIFIED","NONE","","project/apps/api/package.json:scripts.seed:client-workspace-live-smoke","ADD_REPRESENTATIVE_L6_VERIFICATION"
"CLI-0C61E57E2CDD","SHARED PLATFORM / INFRASTRUCTURE","hukuk-platform:db:studio","CLOSED | IMPLEMENTED | MERGED","true","true","true","true","1","","false","OPERABLE_UNVERIFIED","NONE","","project/package.json:scripts.db:studio","ADD_REPRESENTATIVE_L6_VERIFICATION"
"CLI-13987990D92C","FRONTEND / UI ACTIVATION","@hukuk/web:start","IMPLEMENTED | MERGED","true","true","true","true","1","","false","OPERABLE_UNVERIFIED","NONE","","project/apps/web/package.json:scripts.start","ADD_REPRESENTATIVE_L6_VERIFICATION"
"CLI-13D3060C8110","SHARED PLATFORM / INFRASTRUCTURE","@hukuk/api:test:watch","IMPLEMENTED | MERGED","true","true","true","true","1","","false","OPERABLE_UNVERIFIED","NONE","","project/apps/api/package.json:scripts.test:watch","ADD_REPRESENTATIVE_L6_VERIFICATION"
"CLI-2DA40C06F8BD","GOVERNANCE / ORCHESTRATION","hukuk-platform:orch:verify-executors","CLOSED | IMPLEMENTED | MERGED","true","true","true","true","1","","false","OPERABLE_UNVERIFIED","NONE","","project/package.json:scripts.orch:verify-executors","ADD_REPRESENTATIVE_L6_VERIFICATION"
"CLI-38A87F9DBFD0","GOVERNANCE / ORCHESTRATION","hukuk-platform:orch:service","CLOSED | IMPLEMENTED | MERGED","true","true","true","true","1","","false","OPERABLE_UNVERIFIED","NONE","","project/package.json:scripts.orch:service","ADD_REPRESENTATIVE_L6_VERIFICATION"
"CLI-43EF0B16796E","GOVERNANCE / ORCHESTRATION","hukuk-platform:orch:run","CLOSED | IMPLEMENTED | MERGED","true","true","true","true","1","","false","OPERABLE_UNVERIFIED","NONE","","project/package.json:scripts.orch:run","ADD_REPRESENTATIVE_L6_VERIFICATION"
"CLI-4D5F2DEE529C","SHARED PLATFORM / INFRASTRUCTURE","@hukuk/api:db:seed","IMPLEMENTED | MERGED","true","true","true","true","1","","false","OPERABLE_UNVERIFIED","NONE","","project/apps/api/package.json:scripts.db:seed","ADD_REPRESENTATIVE_L6_VERIFICATION"
"CLI-55A2ADE6EE46","SHARED PLATFORM / INFRASTRUCTURE","@hukuk/api:db:migrate","IMPLEMENTED | MERGED","true","true","true","true","1","","false","OPERABLE_UNVERIFIED","NONE","","project/apps/api/package.json:scripts.db:migrate","ADD_REPRESENTATIVE_L6_VERIFICATION"
"CLI-562C5A953DD7","GOVERNANCE / ORCHESTRATION","hukuk-platform:orch:enqueue","CLOSED | IMPLEMENTED | MERGED","true","true","true","true","1","","false","OPERABLE_UNVERIFIED","NONE","","project/package.json:scripts.orch:enqueue","ADD_REPRESENTATIVE_L6_VERIFICATION"
"CLI-64A169CFB4F9","SHARED PLATFORM / INFRASTRUCTURE","@hukuk/api:seed:rates","IMPLEMENTED | MERGED","true","true","true","true","1","","false","OPERABLE_UNVERIFIED","NONE","","project/apps/api/package.json:scripts.seed:rates","ADD_REPRESENTATIVE_L6_VERIFICATION"
"CLI-6B4D63F14404","SHARED PLATFORM / INFRASTRUCTURE","@hukuk/api:dev","IMPLEMENTED | MERGED","true","true","true","true","1","","false","OPERABLE_UNVERIFIED","NONE","","project/apps/api/package.json:scripts.dev","ADD_REPRESENTATIVE_L6_VERIFICATION"
"CLI-755020D09F2E","SHARED PLATFORM / INFRASTRUCTURE","@hukuk/api:test:phase9c","IMPLEMENTED | MERGED","true","true","true","true","1","","false","OPERABLE_UNVERIFIED","NONE","","project/apps/api/package.json:scripts.test:phase9c","ADD_REPRESENTATIVE_L6_VERIFICATION"
"CLI-7F9783911686","SHARED PLATFORM / INFRASTRUCTURE","hukuk-platform:lint","CLOSED | IMPLEMENTED | MERGED","true","true","true","true","1","","false","OPERABLE_UNVERIFIED","NONE","","project/package.json:scripts.lint","ADD_REPRESENTATIVE_L6_VERIFICATION"
"CLI-8018B19E88FA","GOVERNANCE / ORCHESTRATION","hukuk-platform:orch:closeout","CLOSED | IMPLEMENTED | MERGED","true","true","true","true","1","","false","OPERABLE_UNVERIFIED","NONE","","project/package.json:scripts.orch:closeout","ADD_REPRESENTATIVE_L6_VERIFICATION"
"CLI-830AEBB8DDCC","SHARED PLATFORM / INFRASTRUCTURE","@hukuk/api:type-check","IMPLEMENTED | MERGED","true","true","true","true","1","","false","OPERABLE_UNVERIFIED","NONE","","project/apps/api/package.json:scripts.type-check","ADD_REPRESENTATIVE_L6_VERIFICATION"
"CLI-88141DA5450D","GOVERNANCE / ORCHESTRATION","hukuk-platform:verify:live","CLOSED | IMPLEMENTED | MERGED","true","true","true","true","1","","false","OPERABLE_UNVERIFIED","NONE","","project/package.json:scripts.verify:live","ADD_REPRESENTATIVE_L6_VERIFICATION"
"CLI-889C2695D065","SHARED PLATFORM / INFRASTRUCTURE","@hukuk/api:inventory:due-claimitem","IMPLEMENTED | MERGED","true","true","true","true","1","","false","OPERABLE_UNVERIFIED","NONE","","project/apps/api/package.json:scripts.inventory:due-claimitem","ADD_REPRESENTATIVE_L6_VERIFICATION"
"CLI-8AF7D9CD5152","SHARED PLATFORM / INFRASTRUCTURE","@hukuk/api:backfill:due-claimitem","IMPLEMENTED | MERGED","true","true","true","true","1","","false","OPERABLE_UNVERIFIED","NONE","","project/apps/api/package.json:scripts.backfill:due-claimitem","ADD_REPRESENTATIVE_L6_VERIFICATION"
"CLI-8E1BBC81BD0B","FRONTEND / UI ACTIVATION","@hukuk/web:smoke:client-workspace","IMPLEMENTED | MERGED","true","true","true","true","1","","false","OPERABLE_UNVERIFIED","NONE","","project/apps/web/package.json:scripts.smoke:client-workspace","ADD_REPRESENTATIVE_L6_VERIFICATION"
"CLI-8E2E5224540F","SHARED PLATFORM / INFRASTRUCTURE","@hukuk/api:lint","IMPLEMENTED | MERGED","true","true","true","true","1","","false","OPERABLE_UNVERIFIED","NONE","","project/apps/api/package.json:scripts.lint","ADD_REPRESENTATIVE_L6_VERIFICATION"
"CLI-8F24552F052F","SHARED PLATFORM / INFRASTRUCTURE","@hukuk/api:seed:client-timeline-smoke","IMPLEMENTED | MERGED","true","true","true","true","1","","false","OPERABLE_UNVERIFIED","NONE","","project/apps/api/package.json:scripts.seed:client-timeline-smoke","ADD_REPRESENTATIVE_L6_VERIFICATION"
"CLI-8FD156CC3674","SHARED PLATFORM / INFRASTRUCTURE","@hukuk/api:db:push","IMPLEMENTED | MERGED","true","true","true","true","1","","false","OPERABLE_UNVERIFIED","NONE","","project/apps/api/package.json:scripts.db:push","ADD_REPRESENTATIVE_L6_VERIFICATION"
"CLI-9001B0C17034","FRONTEND / UI ACTIVATION","@hukuk/web:lint","IMPLEMENTED | MERGED","true","true","true","true","1","","false","OPERABLE_UNVERIFIED","NONE","","project/apps/web/package.json:scripts.lint","ADD_REPRESENTATIVE_L6_VERIFICATION"
"CLI-956AECCAE6BA","SHARED PLATFORM / INFRASTRUCTURE","hukuk-platform:db:generate","CLOSED | IMPLEMENTED | MERGED","true","true","true","true","1","","false","OPERABLE_UNVERIFIED","NONE","","project/package.json:scripts.db:generate","ADD_REPRESENTATIVE_L6_VERIFICATION"
"CLI-9EEADCE50B6E","SHARED PLATFORM / INFRASTRUCTURE","hukuk-platform:type-check","CLOSED | IMPLEMENTED | MERGED","true","true","true","true","1","","false","OPERABLE_UNVERIFIED","NONE","","project/package.json:scripts.type-check","ADD_REPRESENTATIVE_L6_VERIFICATION"
"CLI-AD32815935B5","SHARED PLATFORM / INFRASTRUCTURE","@hukuk/api:db:studio","IMPLEMENTED | MERGED","true","true","true","true","1","","false","OPERABLE_UNVERIFIED","NONE","","project/apps/api/package.json:scripts.db:studio","ADD_REPRESENTATIVE_L6_VERIFICATION"
"CLI-B0174F4E12A5","SHARED PLATFORM / INFRASTRUCTURE","@hukuk/api:test:cov","IMPLEMENTED | MERGED","true","true","true","true","1","","false","OPERABLE_UNVERIFIED","NONE","","project/apps/api/package.json:scripts.test:cov","ADD_REPRESENTATIVE_L6_VERIFICATION"
"CLI-B23FAB4E3417","SHARED PLATFORM / INFRASTRUCTURE","@hukuk/api:seed:tm47d-happy-path","IMPLEMENTED | MERGED","true","true","true","true","1","","false","OPERABLE_UNVERIFIED","NONE","","project/apps/api/package.json:scripts.seed:tm47d-happy-path","ADD_REPRESENTATIVE_L6_VERIFICATION"
"CLI-B409CACEE8A6","SHARED PLATFORM / INFRASTRUCTURE","hukuk-platform:build","CLOSED | IMPLEMENTED | MERGED","true","true","true","true","1","","false","OPERABLE_UNVERIFIED","NONE","","project/package.json:scripts.build","ADD_REPRESENTATIVE_L6_VERIFICATION"
"CLI-BBD264A10CA4","SHARED PLATFORM / INFRASTRUCTURE","@hukuk/api:build","IMPLEMENTED | MERGED","true","true","true","true","1","","false","OPERABLE_UNVERIFIED","NONE","","project/apps/api/package.json:scripts.build","ADD_REPRESENTATIVE_L6_VERIFICATION"
"CLI-C04ED9A1CE81","SHARED PLATFORM / INFRASTRUCTURE","@hukuk/api:db:bootstrap","IMPLEMENTED | MERGED","true","true","true","true","1","","false","OPERABLE_UNVERIFIED","NONE","","project/apps/api/package.json:scripts.db:bootstrap","ADD_REPRESENTATIVE_L6_VERIFICATION"
"CLI-C23C1302D87D","SHARED PLATFORM / INFRASTRUCTURE","hukuk-platform:db:push","CLOSED | IMPLEMENTED | MERGED","true","true","true","true","1","","false","OPERABLE_UNVERIFIED","NONE","","project/package.json:scripts.db:push","ADD_REPRESENTATIVE_L6_VERIFICATION"
"CLI-CCA3A09B4E5A","SHARED PLATFORM / INFRASTRUCTURE","@hukuk/api:start:prod","IMPLEMENTED | MERGED","true","true","true","true","1","","false","OPERABLE_UNVERIFIED","NONE","","project/apps/api/package.json:scripts.start:prod","ADD_REPRESENTATIVE_L6_VERIFICATION"
"CLI-CF0410E5AB7A","FRONTEND / UI ACTIVATION","@hukuk/web:test","IMPLEMENTED | MERGED","true","true","true","true","1","","false","OPERABLE_UNVERIFIED","NONE","","project/apps/web/package.json:scripts.test","ADD_REPRESENTATIVE_L6_VERIFICATION"
"CLI-CF6AF81FE25D","FRONTEND / UI ACTIVATION","@hukuk/web:dev","IMPLEMENTED | MERGED","true","true","true","true","1","","false","OPERABLE_UNVERIFIED","NONE","","project/apps/web/package.json:scripts.dev","ADD_REPRESENTATIVE_L6_VERIFICATION"
"CLI-D95A7835B18C","SHARED PLATFORM / INFRASTRUCTURE","@hukuk/api:test","IMPLEMENTED | MERGED","true","true","true","true","1","","false","OPERABLE_UNVERIFIED","NONE","","project/apps/api/package.json:scripts.test","ADD_REPRESENTATIVE_L6_VERIFICATION"
"CLI-DB878F82AB56","FRONTEND / UI ACTIVATION","@hukuk/web:test:watch","IMPLEMENTED | MERGED","true","true","true","true","1","","false","OPERABLE_UNVERIFIED","NONE","","project/apps/web/package.json:scripts.test:watch","ADD_REPRESENTATIVE_L6_VERIFICATION"
"CLI-DC37F710AF08","SHARED PLATFORM / INFRASTRUCTURE","@hukuk/api:db:generate","IMPLEMENTED | MERGED","true","true","true","true","1","","false","OPERABLE_UNVERIFIED","NONE","","project/apps/api/package.json:scripts.db:generate","ADD_REPRESENTATIVE_L6_VERIFICATION"
"CLI-E01985D02B4F","SHARED PLATFORM / INFRASTRUCTURE","hukuk-platform:dev","CLOSED | IMPLEMENTED | MERGED","true","true","true","true","1","","false","OPERABLE_UNVERIFIED","NONE","","project/package.json:scripts.dev","ADD_REPRESENTATIVE_L6_VERIFICATION"
"CLI-F3D1FCD00708","SHARED PLATFORM / INFRASTRUCTURE","@hukuk/api:inventory:rich-interest-uyap","IMPLEMENTED | MERGED","true","true","true","true","1","","false","OPERABLE_UNVERIFIED","NONE","","project/apps/api/package.json:scripts.inventory:rich-interest-uyap","ADD_REPRESENTATIVE_L6_VERIFICATION"
"CLI-FC4913F34BB6","FRONTEND / UI ACTIVATION","@hukuk/web:build","IMPLEMENTED | MERGED","true","true","true","true","1","","false","OPERABLE_UNVERIFIED","NONE","","project/apps/web/package.json:scripts.build","ADD_REPRESENTATIVE_L6_VERIFICATION"
"CLI-FFD9CFE0BD6F","SHARED PLATFORM / INFRASTRUCTURE","@hukuk/api:start","IMPLEMENTED | MERGED","true","true","true","true","1","","false","OPERABLE_UNVERIFIED","NONE","","project/apps/api/package.json:scripts.start","ADD_REPRESENTATIVE_L6_VERIFICATION"
"DYN-7C3990B751A9","GOVERNANCE / ORCHESTRATION","GOV_COORD_V2_REQUEST_EXECUTOR_PATH","MERGED","true","true","true","true","1","true","true","VERIFIED_OPERATIONAL","NONE","","project/docs/audit/runtime-binding-reconciliation-r01/evidence/delivery-evidence-87090cdd45b6-sealed.json | project/scripts/orchestration-v2/delivery/manifest.cjs:CAPABILITIES | project/scripts/orchestration-v2/delivery/probes.cjs","KEEP_AND_REVERIFY_ON_CHANGE"
"DYN-805F178BCA71","GOVERNANCE / ORCHESTRATION","MECHANICAL_GOVERNANCE_GATE","MERGED","true","true","true","true","1","true","true","VERIFIED_OPERATIONAL","NONE","","project/docs/audit/runtime-binding-reconciliation-r01/evidence/delivery-evidence-87090cdd45b6-sealed.json | project/scripts/orchestration-v2/delivery/manifest.cjs:CAPABILITIES | project/scripts/orchestration-v2/delivery/probes.cjs","KEEP_AND_REVERIFY_ON_CHANGE"
"DYN-8BC12BB89FE3","GOVERNANCE / ORCHESTRATION","GOV_COORD_V2_POST_MERGE_DELIVERY_CLOSURE","MERGED","true","true","true","true","1","true","true","VERIFIED_OPERATIONAL","NONE","","project/docs/audit/runtime-binding-reconciliation-r01/evidence/delivery-evidence-87090cdd45b6-sealed.json | project/scripts/orchestration-v2/delivery/manifest.cjs:CAPABILITIES | project/scripts/orchestration-v2/delivery/probes.cjs","KEEP_AND_REVERIFY_ON_CHANGE"
"DYN-B9C3B709E811","GOVERNANCE / ORCHESTRATION","GOV_COORD_V2_RUNNER_AUTHORITY","MERGED","true","true","true","true","1","true","true","VERIFIED_OPERATIONAL","NONE","","project/docs/audit/runtime-binding-reconciliation-r01/evidence/delivery-evidence-87090cdd45b6-sealed.json | project/scripts/orchestration-v2/delivery/manifest.cjs:CAPABILITIES | project/scripts/orchestration-v2/delivery/probes.cjs","KEEP_AND_REVERIFY_ON_CHANGE"
"HTTP-007DC4CB65E9","SHARED PLATFORM / INFRASTRUCTURE","ReportController.getPersonelReport — GET /api/reports/personel","IMPLEMENTED | MERGED","true","true","true","true","1","","false","OPERABLE_UNVERIFIED","NONE","","project/apps/api/src/main.ts:22 | project/apps/api/src/modules/report/report.controller.ts:42 | project/apps/api/src/modules/report/report.module.ts:ReportModule.controllers","ADD_REPRESENTATIVE_L6_VERIFICATION"
"HTTP-009A64EFA23C","SHARED PLATFORM / INFRASTRUCTURE","PrecautionaryOrderController.findByCase — GET /api/precautionary-orders/case/:caseId","IMPLEMENTED | MERGED","true","true","true","true","1","","false","OPERABLE_UNVERIFIED","NONE","","project/apps/api/src/main.ts:22 | project/apps/api/src/modules/precautionary-order/precautionary-order.controller.ts:29 | project/apps/api/src/modules/precautionary-order/precautionary-order.module.ts:PrecautionaryOrderModule.controllers","ADD_REPRESENTATIVE_L6_VERIFICATION"
"HTTP-00C4BC195BE4","OFFICE / AVUKAT-PERSONEL","LawyerController.update — PUT /api/lawyers/:id","IMPLEMENTED | MERGED","true","true","true","true","1","","false","OPERABLE_UNVERIFIED","NONE","","project/apps/api/src/main.ts:22 | project/apps/api/src/modules/lawyer/lawyer.controller.ts:97 | project/apps/api/src/modules/lawyer/lawyer.module.ts:LawyerModule.controllers","ADD_REPRESENTATIVE_L6_VERIFICATION"
"HTTP-00E13E60CAD7","CLIENT / MÜVEKKİL","DispositionController.approve — POST /api/collection-dispositions/:id/approve","MERGED","true","true","true","true","1","","false","BOUND_DORMANT","P2","","project/apps/api/src/main.ts:22 | project/apps/api/src/modules/client-settlement/client-settlement.module.ts:ClientSettlementModule.controllers | project/apps/api/src/modules/client-settlement/disposition.controller.ts:81","VERIFY_ACTIVATION_AUTHORITY_AND_DEPLOYED_VALUE"
"HTTP-00E18B282DF9","RECEIVABLE / ALACAK","CaseBalanceController.credit — POST /api/cases/:caseId/balance/credit","IMPLEMENTED","true","true","true","true","1","","false","OPERABLE_UNVERIFIED","NONE","","project/apps/api/src/main.ts:22 | project/apps/api/src/modules/case-balance/case-balance.controller.ts:41 | project/apps/api/src/modules/case-balance/case-balance.module.ts:CaseBalanceModule.controllers","ADD_REPRESENTATIVE_L6_VERIFICATION"
"HTTP-0108A1EA6544","CLIENT / MÜVEKKİL","ClientController.createAndDeliverIntakeLink — POST /api/clients/:clientId/cases/:caseId/intake-links/create-and-deliver","IMPLEMENTED | MERGED","true","true","true","true","1","","false","OPERABLE_UNVERIFIED","NONE","","project/apps/api/src/main.ts:22 | project/apps/api/src/modules/client/client.controller.ts:182 | project/apps/api/src/modules/client/client.module.ts:ClientModule.controllers","ADD_REPRESENTATIVE_L6_VERIFICATION"
"HTTP-012A4656F862","UYAP CONNECTOR","TebligatController.sendViaUets — POST /api/tebligat/:id/send-uets","IMPLEMENTED | MERGED","true","true","true","true","1","","false","OPERABLE_UNVERIFIED","NONE","","project/apps/api/src/main.ts:22 | project/apps/api/src/modules/tebligat/tebligat.controller.ts:232 | project/apps/api/src/modules/tebligat/tebligat.module.ts:TebligatModule.controllers","ADD_REPRESENTATIVE_L6_VERIFICATION"
"HTTP-023EA3B40266","CLIENT / MÜVEKKİL","ClientAccountingController.summary — GET /api/clients/:clientId/accounting/summary","IMPLEMENTED | MERGED","true","true","true","true","1","","false","OPERABLE_UNVERIFIED","NONE","","project/apps/api/src/main.ts:22 | project/apps/api/src/modules/client-settlement/client-accounting.controller.ts:39 | project/apps/api/src/modules/client-settlement/client-settlement.module.ts:ClientSettlementModule.controllers","ADD_REPRESENTATIVE_L6_VERIFICATION"
"HTTP-0283A02BF4E1","SHARED PLATFORM / INFRASTRUCTURE","ExpenseRequestController.getThreeViewForCase — GET /api/expense-requests/case/:caseId/three-view","IMPLEMENTED | MERGED","true","true","true","true","1","","false","OPERABLE_UNVERIFIED","NONE","","project/apps/api/src/main.ts:22 | project/apps/api/src/modules/expense-request/expense-request.controller.ts:317 | project/apps/api/src/modules/expense-request/expense-request.module.ts:ExpenseRequestModule.controllers","ADD_REPRESENTATIVE_L6_VERIFICATION"
"HTTP-02F58A43857F","SHARED PLATFORM / INFRASTRUCTURE","CalcPreviewController.healthCheck — GET /api/calc/health","IMPLEMENTED","true","true","true","true","1","","false","OPERABLE_UNVERIFIED","NONE","","project/apps/api/src/main.ts:22 | project/apps/api/src/modules/calc-preview/calc-preview.controller.ts:201 | project/apps/api/src/modules/calc-preview/calc-preview.module.ts:CalcPreviewModule.controllers","ADD_REPRESENTATIVE_L6_VERIFICATION"
"HTTP-032441060EC3","SHARED PLATFORM / INFRASTRUCTURE","PdfController.generateTablePdf — POST /api/pdf/generate-table","IMPLEMENTED | MERGED","true","true","true","true","1","","false","OPERABLE_UNVERIFIED","NONE","","project/apps/api/src/main.ts:22 | project/apps/api/src/modules/pdf/pdf.controller.ts:83 | project/apps/api/src/modules/pdf/pdf.module.ts:PdfModule.controllers","ADD_REPRESENTATIVE_L6_VERIFICATION"
"HTTP-034FD281282D","UYAP CONNECTOR","IcrabotController.getStageMetadata — GET /api/icrabot/stages","IMPLEMENTED | MERGED","true","true","true","true","1","","false","OPERABLE_UNVERIFIED","NONE","","project/apps/api/src/main.ts:22 | project/apps/api/src/modules/icrabot/icrabot.controller.ts:232 | project/apps/api/src/modules/icrabot/icrabot.module.ts:IcrabotModule.controllers","ADD_REPRESENTATIVE_L6_VERIFICATION"
"HTTP-04317FA6F2B4","CLIENT / MÜVEKKİL","ClientStatementController.void — POST /api/client-statements/:id/void","MERGED","true","true","true","true","1","","false","OPERABLE_UNVERIFIED","NONE","","project/apps/api/src/main.ts:22 | project/apps/api/src/modules/client-statement/client-statement.controller.ts:61 | project/apps/api/src/modules/client-statement/client-statement.module.ts:ClientStatementModule.controllers","ADD_REPRESENTATIVE_L6_VERIFICATION"
"HTTP-045A90CB4CFA","UYAP CONNECTOR","IcrabotController.getStageFlow — GET /api/icrabot/stage-flows/:icraType","IMPLEMENTED | MERGED","true","true","true","true","1","","false","OPERABLE_UNVERIFIED","NONE","","project/apps/api/src/main.ts:22 | project/apps/api/src/modules/icrabot/icrabot.controller.ts:243 | project/apps/api/src/modules/icrabot/icrabot.module.ts:IcrabotModule.controllers","ADD_REPRESENTATIVE_L6_VERIFICATION"
"HTTP-049E0BBF4C86","SHARED PLATFORM / INFRASTRUCTURE","ExpenseRequestController.getDueReminders — GET /api/expense-requests/due-reminders","IMPLEMENTED | MERGED","true","true","true","true","1","","false","OPERABLE_UNVERIFIED","NONE","","project/apps/api/src/main.ts:22 | project/apps/api/src/modules/expense-request/expense-request.controller.ts:287 | project/apps/api/src/modules/expense-request/expense-request.module.ts:ExpenseRequestModule.controllers","ADD_REPRESENTATIVE_L6_VERIFICATION"
"HTTP-04A958E9B9C7","SHARED PLATFORM / INFRASTRUCTURE","ESignController.checkSignatureStatus — GET /api/esign/status/:transactionId","IMPLEMENTED | MERGED","true","true","true","true","1","","false","OPERABLE_UNVERIFIED","NONE","","project/apps/api/src/main.ts:22 | project/apps/api/src/modules/esign/esign.controller.ts:48 | project/apps/api/src/modules/esign/esign.module.ts:ESignModule.controllers","ADD_REPRESENTATIVE_L6_VERIFICATION"
"HTTP-04F1623D555C","SHARED PLATFORM / INFRASTRUCTURE","CaseStatusController.getStatusHistory — GET /api/case-status/:caseId/history","IMPLEMENTED | MERGED","true","true","true","true","1","","false","OPERABLE_UNVERIFIED","NONE","","project/apps/api/src/main.ts:22 | project/apps/api/src/modules/case-status/case-status.controller.ts:128 | project/apps/api/src/modules/case-status/case-status.module.ts:CaseStatusModule.controllers","ADD_REPRESENTATIVE_L6_VERIFICATION"
"HTTP-05296BA27484","SHARED PLATFORM / INFRASTRUCTURE","PrecautionaryOrderController.updateCost — PUT /api/precautionary-orders/costs/:costId","IMPLEMENTED | MERGED","true","true","true","true","1","","false","OPERABLE_UNVERIFIED","NONE","","project/apps/api/src/main.ts:22 | project/apps/api/src/modules/precautionary-order/precautionary-order.controller.ts:79 | project/apps/api/src/modules/precautionary-order/precautionary-order.module.ts:PrecautionaryOrderModule.controllers","ADD_REPRESENTATIVE_L6_VERIFICATION"
"HTTP-054B0508E07D","SHARED PLATFORM / INFRASTRUCTURE","CrossTenantAccessController.getLegalHold — GET /api/api/v1/internal-ops/cross-tenant/:tenantId/legal-holds/:holdId","IMPLEMENTED","true","false","false","false","0","","false","CODE_PRESENT_UNBOUND","P1","CrossTenantAccessController hiçbir production-reachable module controllers listesinde değil.","project/apps/api/src/main.ts:22 | project/apps/api/src/modules/calc-preview/break-glass/controllers/cross-tenant-access.controller.ts:306","OWNER_REVIEW_BIND_OR_DISPOSITION"
"HTTP-054D365182EC","UYAP CONNECTOR","IcrabotController.getPendingTasks — GET /api/icrabot/cases/:caseId/tasks","IMPLEMENTED | MERGED","true","true","true","true","1","","false","OPERABLE_UNVERIFIED","NONE","","project/apps/api/src/main.ts:22 | project/apps/api/src/modules/icrabot/icrabot.controller.ts:73 | project/apps/api/src/modules/icrabot/icrabot.module.ts:IcrabotModule.controllers","ADD_REPRESENTATIVE_L6_VERIFICATION"
"HTTP-05F8C50909FF","AUTH / TENANT / SECURITY","PasswordResetController.resetPassword — POST /api/auth/reset-password","MERGED","true","true","","true","1","","false","UNKNOWN_REQUIRES_EVIDENCE","NONE","","project/apps/api/src/main.ts:22 | project/apps/api/src/modules/auth/auth.module.ts:AuthModule.controllers | project/apps/api/src/modules/auth/password-reset/password-reset.controller.ts:20","COLLECT_MISSING_EVIDENCE"
"HTTP-061BBAAB776C","SHARED PLATFORM / INFRASTRUCTURE","ManifestAdminController.queryDlqWithCursor — GET /api/admin/manifest/retry/dlq","IMPLEMENTED","true","false","false","false","0","","false","CODE_PRESENT_UNBOUND","P1","ManifestAdminController hiçbir production-reachable module controllers listesinde değil.","project/apps/api/src/main.ts:22 | project/apps/api/src/modules/calc-preview/diagnostics/object-store/manifest-retry/manifest-admin.controller.ts:222","OWNER_REVIEW_BIND_OR_DISPOSITION"
"HTTP-06F892A4128B","SHARED PLATFORM / INFRASTRUCTURE","SimulationController.getLatestRun — GET /api/incidents/:id/runs/latest","IMPLEMENTED","true","true","true","true","1","","false","OPERABLE_UNVERIFIED","NONE","","project/apps/api/src/main.ts:22 | project/apps/api/src/modules/calc-preview/diagnostics/simulation-api/simulation-api.module.ts:SimulationApiModule.controllers | project/apps/api/src/modules/calc-preview/diagnostics/simulation-api/simulation.controller.ts:309","ADD_REPRESENTATIVE_L6_VERIFICATION"
"HTTP-0750799664CC","SHARED PLATFORM / INFRASTRUCTURE","ManifestAdminController.queryDlq — GET /api/admin/manifest/dlq","IMPLEMENTED","true","false","false","false","0","","false","CODE_PRESENT_UNBOUND","P1","ManifestAdminController hiçbir production-reachable module controllers listesinde değil.","project/apps/api/src/main.ts:22 | project/apps/api/src/modules/calc-preview/diagnostics/object-store/manifest-retry/manifest-admin.controller.ts:193","OWNER_REVIEW_BIND_OR_DISPOSITION"
"HTTP-075C0647000D","DEBTOR / BORÇLU","AddressController.getAddressesSorted — GET /api/debtors/:debtorId/addresses/sorted","IMPLEMENTED | MERGED","true","true","true","true","1","","false","OPERABLE_UNVERIFIED","NONE","","project/apps/api/src/main.ts:22 | project/apps/api/src/modules/debtor/address.controller.ts:194 | project/apps/api/src/modules/debtor/debtor.module.ts:DebtorModule.controllers","ADD_REPRESENTATIVE_L6_VERIFICATION"
"HTTP-08453CF5B6E2","UYAP CONNECTOR","TebligatController.findByCaseId — GET /api/tebligat/case/:caseId","IMPLEMENTED | MERGED","true","true","true","true","1","","false","OPERABLE_UNVERIFIED","NONE","","project/apps/api/src/main.ts:22 | project/apps/api/src/modules/tebligat/tebligat.controller.ts:62 | project/apps/api/src/modules/tebligat/tebligat.module.ts:TebligatModule.controllers","ADD_REPRESENTATIVE_L6_VERIFICATION"
"HTTP-08FBA77728EF","SHARED PLATFORM / INFRASTRUCTURE","LookupController.create — POST /api/lookups/:type","IMPLEMENTED","true","true","true","true","1","","false","OPERABLE_UNVERIFIED","NONE","","project/apps/api/src/main.ts:22 | project/apps/api/src/modules/lookup/lookup.controller.ts:41 | project/apps/api/src/modules/lookup/lookup.module.ts:LookupModule.controllers","ADD_REPRESENTATIVE_L6_VERIFICATION"
"HTTP-0966166B9353","SHARED PLATFORM / INFRASTRUCTURE","CaseJudgmentController.remove — DELETE /api/case-judgments/:id","IMPLEMENTED","true","true","true","true","1","","false","OPERABLE_UNVERIFIED","NONE","","project/apps/api/src/main.ts:22 | project/apps/api/src/modules/case-judgment/case-judgment.controller.ts:50 | project/apps/api/src/modules/case-judgment/case-judgment.module.ts:CaseJudgmentModule.controllers","ADD_REPRESENTATIVE_L6_VERIFICATION"
"HTTP-099AD4CF8C34","SHARED PLATFORM / INFRASTRUCTURE","CaseStatusController.changeStatus — POST /api/case-status/:caseId/change","IMPLEMENTED | MERGED","true","true","true","true","1","","false","OPERABLE_UNVERIFIED","NONE","","project/apps/api/src/main.ts:22 | project/apps/api/src/modules/case-status/case-status.controller.ts:46 | project/apps/api/src/modules/case-status/case-status.module.ts:CaseStatusModule.controllers","ADD_REPRESENTATIVE_L6_VERIFICATION"
"HTTP-09A0408AC49B","RECEIVABLE / ALACAK","SummaryEngineController.updateDemandedAmount — PUT /api/summary-engine/claim-item/:id/demanded-amount","IMPLEMENTED | MERGED","true","true","true","true","1","","false","OPERABLE_UNVERIFIED","NONE","","project/apps/api/src/main.ts:22 | project/apps/api/src/modules/summary-engine/summary-engine.controller.ts:62 | project/apps/api/src/modules/summary-engine/summary-engine.module.ts:SummaryEngineModule.controllers","ADD_REPRESENTATIVE_L6_VERIFICATION"
"HTTP-0A00E0228D14","DEBTOR / BORÇLU","CaseDebtorController.updateCaseDebtor — PUT /api/case-debtors/:id","IMPLEMENTED | MERGED","true","true","true","true","1","","false","OPERABLE_UNVERIFIED","NONE","","project/apps/api/src/main.ts:22 | project/apps/api/src/modules/debtor/case-debtor.controller.ts:80 | project/apps/api/src/modules/debtor/debtor.module.ts:DebtorModule.controllers","ADD_REPRESENTATIVE_L6_VERIFICATION"
"HTTP-0A01522AFD1A","DEBTOR / BORÇLU","DebtorController.update — PUT /api/debtors/:id","IMPLEMENTED | MERGED","true","true","true","true","1","","false","OPERABLE_UNVERIFIED","NONE","","project/apps/api/src/main.ts:22 | project/apps/api/src/modules/debtor/debtor.controller.ts:238 | project/apps/api/src/modules/debtor/debtor.module.ts:DebtorModule.controllers","ADD_REPRESENTATIVE_L6_VERIFICATION"
"HTTP-0A09A41C13F4","SHARED PLATFORM / INFRASTRUCTURE","PlaybookController.getAudit — GET /api/calc/diagnostics/playbooks/:id/audit","IMPLEMENTED","true","false","false","false","0","","false","CODE_PRESENT_UNBOUND","P1","PlaybookController hiçbir production-reachable module controllers listesinde değil.","project/apps/api/src/main.ts:22 | project/apps/api/src/modules/calc-preview/diagnostics/playbook/playbook.controller.ts:314","OWNER_REVIEW_BIND_OR_DISPOSITION"
"HTTP-0A1181DE8718","COLLECTION / TAHSİLAT","CollectionController.findByCaseId — GET /api/collections/case/:caseId","CANONICAL | IMPLEMENTED | MERGED","true","true","true","true","1","","false","OPERABLE_UNVERIFIED","NONE","","project/apps/api/src/main.ts:22 | project/apps/api/src/modules/collection/collection.controller.ts:81 | project/apps/api/src/modules/collection/collection.module.ts:CollectionModule.controllers","ADD_REPRESENTATIVE_L6_VERIFICATION"
"HTTP-0A2D9E6BA316","SHARED PLATFORM / INFRASTRUCTURE","StageTriggerController.triggerStage — POST /api/cases/:caseId/stage-trigger","IMPLEMENTED","true","true","true","true","1","","false","OPERABLE_UNVERIFIED","NONE","","project/apps/api/src/main.ts:22 | project/apps/api/src/modules/stage-trigger/stage-trigger.controller.ts:19 | project/apps/api/src/modules/stage-trigger/stage-trigger.module.ts:StageTriggerModule.controllers","ADD_REPRESENTATIVE_L6_VERIFICATION"
"HTTP-0AE716E62B91","CLIENT / MÜVEKKİL","ClientController.sendPoaReminder — POST /api/clients/:clientId/poa-reminders/send","IMPLEMENTED | MERGED","true","true","true","true","1","","false","OPERABLE_UNVERIFIED","NONE","","project/apps/api/src/main.ts:22 | project/apps/api/src/modules/client/client.controller.ts:116 | project/apps/api/src/modules/client/client.module.ts:ClientModule.controllers","ADD_REPRESENTATIVE_L6_VERIFICATION"
"HTTP-0AFC7C5E803D","SHARED PLATFORM / INFRASTRUCTURE","PlaybookController.listPlaybooks — GET /api/calc/diagnostics/playbooks","IMPLEMENTED","true","false","false","false","0","","false","CODE_PRESENT_UNBOUND","P1","PlaybookController hiçbir production-reachable module controllers listesinde değil.","project/apps/api/src/main.ts:22 | project/apps/api/src/modules/calc-preview/diagnostics/playbook/playbook.controller.ts:102","OWNER_REVIEW_BIND_OR_DISPOSITION"
"HTTP-0B001CAF007F","CLIENT / MÜVEKKİL","PortalController.markAsRead — POST /api/portal/notifications/:id/read","IMPLEMENTED | MERGED","true","true","","true","1","","false","UNKNOWN_REQUIRES_EVIDENCE","NONE","","project/apps/api/src/main.ts:22 | project/apps/api/src/modules/portal/portal.controller.ts:237 | project/apps/api/src/modules/portal/portal.module.ts:PortalModule.controllers","COLLECT_MISSING_EVIDENCE"
"HTTP-0B154D9C101D","SHARED PLATFORM / INFRASTRUCTURE","LimitationEngineController.getRulesForCaseType — GET /api/limitation-engine/rules/by-case-type","IMPLEMENTED","true","true","true","true","1","","false","OPERABLE_UNVERIFIED","NONE","","project/apps/api/src/main.ts:22 | project/apps/api/src/modules/limitation-engine/limitation-engine.controller.ts:112 | project/apps/api/src/modules/limitation-engine/limitation-engine.module.ts:LimitationEngineModule.controllers","ADD_REPRESENTATIVE_L6_VERIFICATION"
"HTTP-0B1CA08D1367","SHARED PLATFORM / INFRASTRUCTURE","CaseInstrumentController.update — PUT /api/case-instruments/:id","IMPLEMENTED | MERGED","true","true","true","true","1","","false","OPERABLE_UNVERIFIED","NONE","","project/apps/api/src/main.ts:22 | project/apps/api/src/modules/case-instrument/case-instrument.controller.ts:55 | project/apps/api/src/modules/case-instrument/case-instrument.module.ts:CaseInstrumentModule.controllers","ADD_REPRESENTATIVE_L6_VERIFICATION"
"HTTP-0B28437D962E","SHARED PLATFORM / INFRASTRUCTURE","BreakGlassController.revokeGrant — POST /api/api/v1/internal-ops/break-glass/revoke","IMPLEMENTED","true","false","false","false","0","","false","CODE_PRESENT_UNBOUND","P1","BreakGlassController hiçbir production-reachable module controllers listesinde değil.","project/apps/api/src/main.ts:22 | project/apps/api/src/modules/calc-preview/break-glass/controllers/break-glass.controller.ts:234","OWNER_REVIEW_BIND_OR_DISPOSITION"
"HTTP-0B6371E7C1A8","DEBTOR / BORÇLU","CommunicationController.getCommunicationHistory — GET /api/debtors/:debtorId/communications","IMPLEMENTED","true","true","true","true","1","","false","OPERABLE_UNVERIFIED","NONE","","project/apps/api/src/main.ts:22 | project/apps/api/src/modules/debtor/communication.controller.ts:51 | project/apps/api/src/modules/debtor/debtor.module.ts:DebtorModule.controllers","ADD_REPRESENTATIVE_L6_VERIFICATION"
"HTTP-0B7A2692644B","SHARED PLATFORM / INFRASTRUCTURE","GreetingController.upsertSpecialDay — POST /api/greetings/special-days","IMPLEMENTED","true","true","true","true","1","","false","OPERABLE_UNVERIFIED","NONE","","project/apps/api/src/main.ts:22 | project/apps/api/src/modules/greeting/greeting.controller.ts:18 | project/apps/api/src/modules/greeting/greeting.module.ts:GreetingModule.controllers","ADD_REPRESENTATIVE_L6_VERIFICATION"
"HTTP-0B7F4A3F990F","SHARED PLATFORM / INFRASTRUCTURE","CaseController.getResponsibilityHistory — GET /api/cases/:id/responsibility-history","CANONICAL | IMPLEMENTED | MERGED","true","true","true","true","1","","false","OPERABLE_UNVERIFIED","NONE","","project/apps/api/src/main.ts:22 | project/apps/api/src/modules/case/case.controller.ts:142 | project/apps/api/src/modules/case/case.module.ts:CaseModule.controllers","ADD_REPRESENTATIVE_L6_VERIFICATION"
"HTTP-0C1115B2DCE1","CLIENT / MÜVEKKİL","ClientStatementController.supersede — POST /api/client-statements/:id/supersede","MERGED","true","true","true","true","1","","false","OPERABLE_UNVERIFIED","NONE","","project/apps/api/src/main.ts:22 | project/apps/api/src/modules/client-statement/client-statement.controller.ts:51 | project/apps/api/src/modules/client-statement/client-statement.module.ts:ClientStatementModule.controllers","ADD_REPRESENTATIVE_L6_VERIFICATION"
"HTTP-0C642492BB85","SHARED PLATFORM / INFRASTRUCTURE","PrecautionaryOrderController.update — PUT /api/precautionary-orders/:id","IMPLEMENTED | MERGED","true","true","true","true","1","","false","OPERABLE_UNVERIFIED","NONE","","project/apps/api/src/main.ts:22 | project/apps/api/src/modules/precautionary-order/precautionary-order.controller.ts:37 | project/apps/api/src/modules/precautionary-order/precautionary-order.module.ts:PrecautionaryOrderModule.controllers","ADD_REPRESENTATIVE_L6_VERIFICATION"
"HTTP-0C90DF37B1D3","CLIENT / MÜVEKKİL","ClientIntakeReviewController.reject — POST /api/client-intake-submissions/:id/reject","MERGED","true","true","true","true","1","","false","OPERABLE_UNVERIFIED","NONE","","project/apps/api/src/main.ts:22 | project/apps/api/src/modules/client-intake-review/client-intake-review.controller.ts:44 | project/apps/api/src/modules/client-intake-review/client-intake-review.module.ts:ClientIntakeReviewModule.controllers","ADD_REPRESENTATIVE_L6_VERIFICATION"
"HTTP-0CA7FE428D0B","UYAP CONNECTOR","TebligatController.recordPttResult — POST /api/tebligat/:id/ptt-result","IMPLEMENTED | MERGED","true","true","true","true","1","","false","OPERABLE_UNVERIFIED","NONE","","project/apps/api/src/main.ts:22 | project/apps/api/src/modules/tebligat/tebligat.controller.ts:114 | project/apps/api/src/modules/tebligat/tebligat.module.ts:TebligatModule.controllers","ADD_REPRESENTATIVE_L6_VERIFICATION"
"HTTP-0D23A074F158","CLIENT / MÜVEKKİL","PortalController.getCases — GET /api/portal/cases","IMPLEMENTED | MERGED","true","true","","true","1","","false","UNKNOWN_REQUIRES_EVIDENCE","NONE","","project/apps/api/src/main.ts:22 | project/apps/api/src/modules/portal/portal.controller.ts:90 | project/apps/api/src/modules/portal/portal.module.ts:PortalModule.controllers","COLLECT_MISSING_EVIDENCE"
"HTTP-0D5AE5C5347F","SHARED PLATFORM / INFRASTRUCTURE","SeedController.seedDebtors — POST /api/seed/debtors","IMPLEMENTED","true","true","true","true","1","","false","OPERABLE_UNVERIFIED","NONE","","project/apps/api/src/main.ts:22 | project/apps/api/src/modules/icrabot/v28-engine/v28-engine.module.ts:V28EngineModule.controllers | project/apps/api/src/modules/seed/seed.controller.ts:34 | project/apps/api/src/modules/seed/seed.module.ts:SeedModule.controllers","ADD_REPRESENTATIVE_L6_VERIFICATION"
"HTTP-0DCD8F9033B0","SHARED PLATFORM / INFRASTRUCTURE","EscalationController.run — POST /api/escalation/run","MERGED","true","true","true","true","1","","false","OPERABLE_UNVERIFIED","NONE","","project/apps/api/src/main.ts:22 | project/apps/api/src/modules/escalation/escalation.controller.ts:14 | project/apps/api/src/modules/escalation/escalation.module.ts:EscalationModule.controllers","ADD_REPRESENTATIVE_L6_VERIFICATION"
"HTTP-0DD2F4B87930","CLIENT / MÜVEKKİL","PortalController.getFinancialDisclosures — GET /api/portal/financial-disclosures","IMPLEMENTED | MERGED","true","true","","true","1","","false","UNKNOWN_REQUIRES_EVIDENCE","NONE","","project/apps/api/src/main.ts:22 | project/apps/api/src/modules/portal/portal.controller.ts:117 | project/apps/api/src/modules/portal/portal.module.ts:PortalModule.controllers","COLLECT_MISSING_EVIDENCE"
"HTTP-0DE0C6531479","DEBTOR / BORÇLU","AddressController.deleteAddress — DELETE /api/addresses/:addressId","IMPLEMENTED | MERGED","true","true","true","true","1","","false","OPERABLE_UNVERIFIED","NONE","","project/apps/api/src/main.ts:22 | project/apps/api/src/modules/debtor/address.controller.ts:59 | project/apps/api/src/modules/debtor/debtor.module.ts:DebtorModule.controllers","ADD_REPRESENTATIVE_L6_VERIFICATION"
"HTTP-0E460EEF649A","UYAP CONNECTOR","BundleController.cloneBundle — POST /api/icrabot/bundles/:id/clone","IMPLEMENTED","true","true","true","true","1","","false","OPERABLE_UNVERIFIED","NONE","","project/apps/api/src/main.ts:22 | project/apps/api/src/modules/icrabot/bundle/bundle.controller.ts:104 | project/apps/api/src/modules/icrabot/icrabot.module.ts:IcrabotModule.controllers","ADD_REPRESENTATIVE_L6_VERIFICATION"
"HTTP-0E505533BB0C","SHARED PLATFORM / INFRASTRUCTURE","CaseController.updateCaseDebtorNotification — PATCH /api/cases/:id/debtors/:caseDebtorId/notification","CANONICAL | IMPLEMENTED | MERGED","true","true","true","true","1","","false","OPERABLE_UNVERIFIED","NONE","","project/apps/api/src/main.ts:22 | project/apps/api/src/modules/case/case.controller.ts:405 | project/apps/api/src/modules/case/case.module.ts:CaseModule.controllers","ADD_REPRESENTATIVE_L6_VERIFICATION"
"HTTP-0E6EA48C6CE4","DEBTOR / BORÇLU","AddressTaskController.triggerAddressWorkflow — POST /api/address-tasks/case/:caseId/trigger-address-workflow","IMPLEMENTED | MERGED","true","true","true","true","1","","false","OPERABLE_UNVERIFIED","NONE","","project/apps/api/src/main.ts:22 | project/apps/api/src/modules/address-task/address-task.controller.ts:163 | project/apps/api/src/modules/address-task/address-task.module.ts:AddressTaskModule.controllers","ADD_REPRESENTATIVE_L6_VERIFICATION"
"HTTP-0F1F42279C4F","DEBTOR / BORÇLU","DebtorController.updateQuickNote — PUT /api/debtors/case/:caseId/:caseDebtorId/note","IMPLEMENTED | MERGED","true","true","true","true","1","","false","OPERABLE_UNVERIFIED","NONE","","project/apps/api/src/main.ts:22 | project/apps/api/src/modules/debtor/debtor.controller.ts:65 | project/apps/api/src/modules/debtor/debtor.module.ts:DebtorModule.controllers","ADD_REPRESENTATIVE_L6_VERIFICATION"
"HTTP-0F3625F06FD8","SHARED PLATFORM / INFRASTRUCTURE","PrecautionaryOrderController.findOne — GET /api/precautionary-orders/:id","IMPLEMENTED | MERGED","true","true","true","true","1","","false","OPERABLE_UNVERIFIED","NONE","","project/apps/api/src/main.ts:22 | project/apps/api/src/modules/precautionary-order/precautionary-order.controller.ts:21 | project/apps/api/src/modules/precautionary-order/precautionary-order.module.ts:PrecautionaryOrderModule.controllers","ADD_REPRESENTATIVE_L6_VERIFICATION"
"HTTP-0F456E7C7A1C","UYAP CONNECTOR","TebligatController.determineElectronicChannel — GET /api/tebligat/electronic-channel/:tcVkn","IMPLEMENTED | MERGED","true","true","true","true","1","","false","OPERABLE_UNVERIFIED","NONE","","project/apps/api/src/main.ts:22 | project/apps/api/src/modules/tebligat/tebligat.controller.ts:287 | project/apps/api/src/modules/tebligat/tebligat.module.ts:TebligatModule.controllers","ADD_REPRESENTATIVE_L6_VERIFICATION"
"HTTP-0F55DC5EC1AB","CLIENT / MÜVEKKİL","ClientAccountingController.cases — GET /api/clients/:clientId/accounting/cases","IMPLEMENTED | MERGED","true","true","true","true","1","","false","OPERABLE_UNVERIFIED","NONE","","project/apps/api/src/main.ts:22 | project/apps/api/src/modules/client-settlement/client-accounting.controller.ts:28 | project/apps/api/src/modules/client-settlement/client-settlement.module.ts:ClientSettlementModule.controllers","ADD_REPRESENTATIVE_L6_VERIFICATION"
"HTTP-0FBEC3D487F4","CLIENT / MÜVEKKİL","PortalController.getUnreadCount — GET /api/portal/notifications/unread-count","IMPLEMENTED | MERGED","true","true","","true","1","","false","UNKNOWN_REQUIRES_EVIDENCE","NONE","","project/apps/api/src/main.ts:22 | project/apps/api/src/modules/portal/portal.controller.ts:227 | project/apps/api/src/modules/portal/portal.module.ts:PortalModule.controllers","COLLECT_MISSING_EVIDENCE"
"HTTP-0FE0B906B1D2","DEBTOR / BORÇLU","ThirdPartyController.getOverdueIhbarnames — GET /api/third-parties/overdue","CANONICAL | IMPLEMENTED | MERGED","true","true","true","true","1","","false","OPERABLE_UNVERIFIED","NONE","","project/apps/api/src/main.ts:22 | project/apps/api/src/modules/debtor/debtor.module.ts:DebtorModule.controllers | project/apps/api/src/modules/debtor/third-party.controller.ts:94","ADD_REPRESENTATIVE_L6_VERIFICATION"
"HTTP-10009FA8F8EB","SHARED PLATFORM / INFRASTRUCTURE","TemplateEngineController.previewDolandiricilik — GET /api/template-engine/dolandiricilik/case/:caseId/preview","IMPLEMENTED | MERGED","true","true","true","true","1","","false","OPERABLE_UNVERIFIED","NONE","","project/apps/api/src/main.ts:22 | project/apps/api/src/modules/template-engine/template-engine.controller.ts:777 | project/apps/api/src/modules/template-engine/template-engine.module.ts:TemplateEngineModule.controllers","ADD_REPRESENTATIVE_L6_VERIFICATION"
"HTTP-104F49C58098","SHARED PLATFORM / INFRASTRUCTURE","CaseController.assignResponsiblePerson — PATCH /api/cases/:id/responsible-person","CANONICAL | IMPLEMENTED | MERGED","true","true","true","true","1","","false","OPERABLE_UNVERIFIED","NONE","","project/apps/api/src/main.ts:22 | project/apps/api/src/modules/case/case.controller.ts:174 | project/apps/api/src/modules/case/case.module.ts:CaseModule.controllers","ADD_REPRESENTATIVE_L6_VERIFICATION"
"HTTP-1099E6B90A2B","UYAP CONNECTOR","UyapController.downloadXmlFromCase — GET /api/uyap/xml/case/:caseId/download","IMPLEMENTED | MERGED","true","true","true","true","1","","false","OPERABLE_UNVERIFIED","NONE","","project/apps/api/src/main.ts:22 | project/apps/api/src/modules/uyap/uyap.controller.ts:325 | project/apps/api/src/modules/uyap/uyap.module.ts:UyapModule.controllers","ADD_REPRESENTATIVE_L6_VERIFICATION"
"HTTP-10BC78F942B4","OFFICE / AVUKAT-PERSONEL","OfficeApprovalController.mine — GET /api/office-approvals/mine","MERGED","true","true","true","true","1","","false","OPERABLE_UNVERIFIED","NONE","","project/apps/api/src/main.ts:22 | project/apps/api/src/modules/office-approval/office-approval.controller.ts:71 | project/apps/api/src/modules/office-approval/office-approval.module.ts:OfficeApprovalModule.controllers","ADD_REPRESENTATIVE_L6_VERIFICATION"
"HTTP-10D24466E003","SHARED PLATFORM / INFRASTRUCTURE","EvidenceBundleController.getBundle — GET /api/evidence-bundles/:bundleId","IMPLEMENTED","true","true","true","true","1","","false","OPERABLE_UNVERIFIED","NONE","","project/apps/api/src/main.ts:22 | project/apps/api/src/modules/calc-preview/diagnostics/simulation-api/evidence-bundle.controller.ts:239 | project/apps/api/src/modules/calc-preview/diagnostics/simulation-api/simulation-api.module.ts:SimulationApiModule.controllers","ADD_REPRESENTATIVE_L6_VERIFICATION"
"HTTP-10ED131AFDB6","SHARED PLATFORM / INFRASTRUCTURE","TemplateEngineController.previewItirazinIptali — GET /api/template-engine/itirazin-iptali/case/:caseId/preview","IMPLEMENTED | MERGED","true","true","true","true","1","","false","OPERABLE_UNVERIFIED","NONE","","project/apps/api/src/main.ts:22 | project/apps/api/src/modules/template-engine/template-engine.controller.ts:657 | project/apps/api/src/modules/template-engine/template-engine.module.ts:TemplateEngineModule.controllers","ADD_REPRESENTATIVE_L6_VERIFICATION"
"HTTP-11E501B8E064","SHARED PLATFORM / INFRASTRUCTURE","PublicInstitutionController.findByCategory — GET /api/public-institutions/by-category/:category","IMPLEMENTED","true","true","true","true","1","","false","OPERABLE_UNVERIFIED","NONE","","project/apps/api/src/main.ts:22 | project/apps/api/src/modules/public-institution/public-institution.controller.ts:28 | project/apps/api/src/modules/public-institution/public-institution.module.ts:PublicInstitutionModule.controllers","ADD_REPRESENTATIVE_L6_VERIFICATION"
"HTTP-122183895FD0","SHARED PLATFORM / INFRASTRUCTURE","BreakGlassController.renewGrant — POST /api/api/v1/internal-ops/break-glass/renew","IMPLEMENTED","true","false","false","false","0","","false","CODE_PRESENT_UNBOUND","P1","BreakGlassController hiçbir production-reachable module controllers listesinde değil.","project/apps/api/src/main.ts:22 | project/apps/api/src/modules/calc-preview/break-glass/controllers/break-glass.controller.ts:277","OWNER_REVIEW_BIND_OR_DISPOSITION"
"HTTP-1287CD839964","SHARED PLATFORM / INFRASTRUCTURE","BreakGlassController.denyRequest — POST /api/api/v1/internal-ops/break-glass/deny","IMPLEMENTED","true","false","false","false","0","","false","CODE_PRESENT_UNBOUND","P1","BreakGlassController hiçbir production-reachable module controllers listesinde değil.","project/apps/api/src/main.ts:22 | project/apps/api/src/modules/calc-preview/break-glass/controllers/break-glass.controller.ts:194","OWNER_REVIEW_BIND_OR_DISPOSITION"
"HTTP-129EBCEA4B31","SHARED PLATFORM / INFRASTRUCTURE","CalcPreviewController.getCacheStats — GET /api/calc/cache/stats","IMPLEMENTED","true","true","true","true","1","","false","OPERABLE_UNVERIFIED","NONE","","project/apps/api/src/main.ts:22 | project/apps/api/src/modules/calc-preview/calc-preview.controller.ts:288 | project/apps/api/src/modules/calc-preview/calc-preview.module.ts:CalcPreviewModule.controllers","ADD_REPRESENTATIVE_L6_VERIFICATION"
"HTTP-12A59763985B","SHARED PLATFORM / INFRASTRUCTURE","ReportController.getDashboard — GET /api/reports/dashboard","IMPLEMENTED | MERGED","true","true","true","true","1","","false","OPERABLE_UNVERIFIED","NONE","","project/apps/api/src/main.ts:22 | project/apps/api/src/modules/report/report.controller.ts:16 | project/apps/api/src/modules/report/report.module.ts:ReportModule.controllers","ADD_REPRESENTATIVE_L6_VERIFICATION"
"HTTP-1335CBDDA249","UYAP CONNECTOR","UyapController.validateXml — POST /api/uyap/xml/validate","IMPLEMENTED | MERGED","true","true","true","true","1","","false","OPERABLE_UNVERIFIED","NONE","","project/apps/api/src/main.ts:22 | project/apps/api/src/modules/uyap/uyap.controller.ts:346 | project/apps/api/src/modules/uyap/uyap.module.ts:UyapModule.controllers","ADD_REPRESENTATIVE_L6_VERIFICATION"
"HTTP-138C81659C87","SHARED PLATFORM / INFRASTRUCTURE","CaseController.delete — DELETE /api/cases/:id","CANONICAL | IMPLEMENTED | MERGED","true","true","true","true","1","","false","OPERABLE_UNVERIFIED","NONE","","project/apps/api/src/main.ts:22 | project/apps/api/src/modules/case/case.controller.ts:244 | project/apps/api/src/modules/case/case.module.ts:CaseModule.controllers","ADD_REPRESENTATIVE_L6_VERIFICATION"
"HTTP-1395D6961493","SHARED PLATFORM / INFRASTRUCTURE","AiController.generateDocument — POST /api/ai/document/generate","IMPLEMENTED | MERGED","true","true","true","true","1","","false","OPERABLE_UNVERIFIED","NONE","","project/apps/api/src/main.ts:22 | project/apps/api/src/modules/ai/ai.controller.ts:66 | project/apps/api/src/modules/ai/ai.module.ts:AiModule.controllers","ADD_REPRESENTATIVE_L6_VERIFICATION"
"HTTP-1423CA203462","CLIENT / MÜVEKKİL","ClientController.findAll — GET /api/clients","IMPLEMENTED | MERGED","true","true","true","true","1","","false","OPERABLE_UNVERIFIED","NONE","","project/apps/api/src/main.ts:22 | project/apps/api/src/modules/client/client.controller.ts:76 | project/apps/api/src/modules/client/client.module.ts:ClientModule.controllers","ADD_REPRESENTATIVE_L6_VERIFICATION"
"HTTP-1476C5EBE31C","SHARED PLATFORM / INFRASTRUCTURE","PlaybookController.disablePlaybook — POST /api/calc/diagnostics/playbooks/:id/disable","IMPLEMENTED","true","false","false","false","0","","false","CODE_PRESENT_UNBOUND","P1","PlaybookController hiçbir production-reachable module controllers listesinde değil.","project/apps/api/src/main.ts:22 | project/apps/api/src/modules/calc-preview/diagnostics/playbook/playbook.controller.ts:161","OWNER_REVIEW_BIND_OR_DISPOSITION"
"HTTP-149A4940C931","OFFICE / AVUKAT-PERSONEL","OfficeController.updateOffice — PUT /api/office","IMPLEMENTED | MERGED","true","true","true","true","1","","false","OPERABLE_UNVERIFIED","NONE","","project/apps/api/src/main.ts:22 | project/apps/api/src/modules/office/office.controller.ts:48 | project/apps/api/src/modules/office/office.module.ts:OfficeModule.controllers","ADD_REPRESENTATIVE_L6_VERIFICATION"
"HTTP-152170E8B335","SHARED PLATFORM / INFRASTRUCTURE","PoaController.delete — DELETE /api/poa/:id","IMPLEMENTED | MERGED","true","true","true","true","1","","false","OPERABLE_UNVERIFIED","NONE","","project/apps/api/src/main.ts:22 | project/apps/api/src/modules/poa/poa.controller.ts:115 | project/apps/api/src/modules/poa/poa.module.ts:PoaModule.controllers","ADD_REPRESENTATIVE_L6_VERIFICATION"
"HTTP-1532502FC023","CLIENT / MÜVEKKİL","ClientNotificationController.getCaseNotifications — GET /api/client-notifications/case/:caseId","IMPLEMENTED","true","true","true","true","1","","false","OPERABLE_UNVERIFIED","NONE","","project/apps/api/src/main.ts:22 | project/apps/api/src/modules/client-notification/client-notification.controller.ts:82 | project/apps/api/src/modules/client-notification/client-notification.module.ts:ClientNotificationModule.controllers","ADD_REPRESENTATIVE_L6_VERIFICATION"
"HTTP-15648D22E767","DEBTOR / BORÇLU","LegalTimeShadowController.evidenceReport — GET /api/legal-time-shadow/evidence-report","MERGED","true","true","true","true","1","","false","OPERABLE_UNVERIFIED","NONE","","project/apps/api/src/main.ts:22 | project/apps/api/src/modules/legal-time-shadow/legal-time-shadow.controller.ts:34 | project/apps/api/src/modules/legal-time-shadow/legal-time-shadow.module.ts:LegalTimeShadowModule.controllers","ADD_REPRESENTATIVE_L6_VERIFICATION"
"HTTP-156D706DF8A8","CLIENT / MÜVEKKİL","DispositionController.recommend — POST /api/collection-dispositions/:id/recommend","MERGED","true","true","true","true","1","","false","BOUND_DORMANT","P2","","project/apps/api/src/main.ts:22 | project/apps/api/src/modules/client-settlement/client-settlement.module.ts:ClientSettlementModule.controllers | project/apps/api/src/modules/client-settlement/disposition.controller.ts:74","VERIFY_ACTIVATION_AUTHORITY_AND_DEPLOYED_VALUE"
"HTTP-15A3BF13EC04","SHARED PLATFORM / INFRASTRUCTURE","LimitationEngineController.getModalTexts — GET /api/limitation-engine/modal-texts","IMPLEMENTED","true","true","true","true","1","","false","OPERABLE_UNVERIFIED","NONE","","project/apps/api/src/main.ts:22 | project/apps/api/src/modules/limitation-engine/limitation-engine.controller.ts:195 | project/apps/api/src/modules/limitation-engine/limitation-engine.module.ts:LimitationEngineModule.controllers","ADD_REPRESENTATIVE_L6_VERIFICATION"
"HTTP-15AC22FC4748","SHARED PLATFORM / INFRASTRUCTURE","NotificationController.getStats — GET /api/notifications/stats","IMPLEMENTED | MERGED","true","true","true","true","1","","false","OPERABLE_UNVERIFIED","NONE","","project/apps/api/src/main.ts:22 | project/apps/api/src/modules/notification/notification.controller.ts:124 | project/apps/api/src/modules/notification/notification.module.ts:NotificationModule.controllers","ADD_REPRESENTATIVE_L6_VERIFICATION"
"HTTP-16063BA1A51E","COLLECTION / TAHSİLAT","PaymentInstructionController.createPaymentInstruction — POST /api/payment-instructions","IMPLEMENTED","true","true","true","true","1","","false","OPERABLE_UNVERIFIED","NONE","","project/apps/api/src/main.ts:22 | project/apps/api/src/modules/payment-instruction/payment-instruction.controller.ts:38 | project/apps/api/src/modules/payment-instruction/payment-instruction.module.ts:PaymentInstructionModule.controllers","ADD_REPRESENTATIVE_L6_VERIFICATION"
"HTTP-1680AC1ADC5E","SHARED PLATFORM / INFRASTRUCTURE","GreetingController.getTodayGreetings — GET /api/greetings/today","IMPLEMENTED","true","true","true","true","1","","false","OPERABLE_UNVERIFIED","NONE","","project/apps/api/src/main.ts:22 | project/apps/api/src/modules/greeting/greeting.controller.ts:45 | project/apps/api/src/modules/greeting/greeting.module.ts:GreetingModule.controllers","ADD_REPRESENTATIVE_L6_VERIFICATION"
"HTTP-16838B11DF2F","SHARED PLATFORM / INFRASTRUCTURE","CaseCollateralController.findAllByCase — GET /api/case-collaterals/case/:caseId","IMPLEMENTED","true","true","true","true","1","","false","OPERABLE_UNVERIFIED","NONE","","project/apps/api/src/main.ts:22 | project/apps/api/src/modules/case-collateral/case-collateral.controller.ts:23 | project/apps/api/src/modules/case-collateral/case-collateral.module.ts:CaseCollateralModule.controllers","ADD_REPRESENTATIVE_L6_VERIFICATION"
"HTTP-16963A566432","SHARED PLATFORM / INFRASTRUCTURE","BankController.getBalance — GET /api/bank/accounts/:id/balance","CANONICAL | IMPLEMENTED | MERGED","true","true","true","true","1","","false","OPERABLE_UNVERIFIED","NONE","","project/apps/api/src/main.ts:22 | project/apps/api/src/modules/bank/bank.controller.ts:61 | project/apps/api/src/modules/bank/bank.module.ts:BankModule.controllers","ADD_REPRESENTATIVE_L6_VERIFICATION"
"HTTP-16DB55E61AD5","CLIENT / MÜVEKKİL","ClientIntakeReviewController.reviewField — POST /api/client-intake-fields/:fieldId/review","MERGED","true","true","true","true","1","","false","OPERABLE_UNVERIFIED","NONE","","project/apps/api/src/main.ts:22 | project/apps/api/src/modules/client-intake-review/client-intake-review.controller.ts:56 | project/apps/api/src/modules/client-intake-review/client-intake-review.module.ts:ClientIntakeReviewModule.controllers","ADD_REPRESENTATIVE_L6_VERIFICATION"
"HTTP-17D207E658DF","AUTH / TENANT / SECURITY","AuthController.register — POST /api/auth/register","IMPLEMENTED | MERGED","true","true","","true","1","","false","UNKNOWN_REQUIRES_EVIDENCE","NONE","","project/apps/api/src/main.ts:22 | project/apps/api/src/modules/auth/auth.controller.ts:26 | project/apps/api/src/modules/auth/auth.module.ts:AuthModule.controllers","COLLECT_MISSING_EVIDENCE"
"HTTP-17D814625B52","CLIENT / MÜVEKKİL","DispositionController.distributionRecommendation — POST /api/collection-dispositions/:id/distribution-recommendation","MERGED","true","true","true","true","1","","false","BOUND_DORMANT","P2","","project/apps/api/src/main.ts:22 | project/apps/api/src/modules/client-settlement/client-settlement.module.ts:ClientSettlementModule.controllers | project/apps/api/src/modules/client-settlement/disposition.controller.ts:33","VERIFY_ACTIVATION_AUTHORITY_AND_DEPLOYED_VALUE"
"HTTP-18CA062E5A69","SHARED PLATFORM / INFRASTRUCTURE","TemplateEngineController.getTemplates — GET /api/template-engine/templates","IMPLEMENTED | MERGED","true","true","true","true","1","","false","OPERABLE_UNVERIFIED","NONE","","project/apps/api/src/main.ts:22 | project/apps/api/src/modules/template-engine/template-engine.controller.ts:313 | project/apps/api/src/modules/template-engine/template-engine.module.ts:TemplateEngineModule.controllers","ADD_REPRESENTATIVE_L6_VERIFICATION"
"HTTP-193A0B5FAEB9","OFFICE / AVUKAT-PERSONEL","OfficeApprovalController.reject — POST /api/office-approvals/:id/reject","MERGED","true","true","true","true","1","","false","OPERABLE_UNVERIFIED","NONE","","project/apps/api/src/main.ts:22 | project/apps/api/src/modules/office-approval/office-approval.controller.ts:121 | project/apps/api/src/modules/office-approval/office-approval.module.ts:OfficeApprovalModule.controllers","ADD_REPRESENTATIVE_L6_VERIFICATION"
"HTTP-197E10170879","DEBTOR / BORÇLU","CaseDebtorController.getCaseDebtors — GET /api/cases/:caseId/debtors","IMPLEMENTED | MERGED","true","true","true","true","1","","false","OPERABLE_UNVERIFIED","NONE","","project/apps/api/src/main.ts:22 | project/apps/api/src/modules/debtor/case-debtor.controller.ts:29 | project/apps/api/src/modules/debtor/debtor.module.ts:DebtorModule.controllers","ADD_REPRESENTATIVE_L6_VERIFICATION"
"HTTP-19C5C03F1332","COLLECTION / TAHSİLAT","PaymentInstructionController.createFeePayment — POST /api/payment-instructions/fee","IMPLEMENTED","true","true","true","true","1","","false","OPERABLE_UNVERIFIED","NONE","","project/apps/api/src/main.ts:22 | project/apps/api/src/modules/payment-instruction/payment-instruction.controller.ts:77 | project/apps/api/src/modules/payment-instruction/payment-instruction.module.ts:PaymentInstructionModule.controllers","ADD_REPRESENTATIVE_L6_VERIFICATION"
"HTTP-19E86571C730","SHARED PLATFORM / INFRASTRUCTURE","TemplateEngineController.generateTakipTalebiFromCase — GET /api/template-engine/takip-talebi/case/:caseId","IMPLEMENTED | MERGED","true","true","true","true","1","","false","OPERABLE_UNVERIFIED","NONE","","project/apps/api/src/main.ts:22 | project/apps/api/src/modules/template-engine/template-engine.controller.ts:275 | project/apps/api/src/modules/template-engine/template-engine.module.ts:TemplateEngineModule.controllers","ADD_REPRESENTATIVE_L6_VERIFICATION"
"HTTP-19F5A67DBB2B","SHARED PLATFORM / INFRASTRUCTURE","PoaController.create — POST /api/poa","IMPLEMENTED | MERGED","true","true","true","true","1","","false","OPERABLE_UNVERIFIED","NONE","","project/apps/api/src/main.ts:22 | project/apps/api/src/modules/poa/poa.controller.ts:93 | project/apps/api/src/modules/poa/poa.module.ts:PoaModule.controllers","ADD_REPRESENTATIVE_L6_VERIFICATION"
"HTTP-1A0709C1E9DD","SHARED PLATFORM / INFRASTRUCTURE","TariffController.createTariff — POST /api/tariffs/:year/create","IMPLEMENTED","true","true","true","true","1","","false","OPERABLE_UNVERIFIED","NONE","","project/apps/api/src/main.ts:22 | project/apps/api/src/modules/tariff/tariff.controller.ts:42 | project/apps/api/src/modules/tariff/tariff.module.ts:TariffModule.controllers","ADD_REPRESENTATIVE_L6_VERIFICATION"
"HTTP-1A2D3A0D8937","RECEIVABLE / ALACAK","SummaryEngineController.getRules — GET /api/summary-engine/rules","IMPLEMENTED | MERGED","true","true","true","true","1","","false","OPERABLE_UNVERIFIED","NONE","","project/apps/api/src/main.ts:22 | project/apps/api/src/modules/summary-engine/summary-engine.controller.ts:76 | project/apps/api/src/modules/summary-engine/summary-engine.module.ts:SummaryEngineModule.controllers","ADD_REPRESENTATIVE_L6_VERIFICATION"
"HTTP-1A5A9BE2C16E","SHARED PLATFORM / INFRASTRUCTURE","DiagnosticsController.getHealth — GET /api/calc/diagnostics/health","IMPLEMENTED","true","true","true","true","1","","false","OPERABLE_UNVERIFIED","NONE","","project/apps/api/src/main.ts:22 | project/apps/api/src/modules/calc-preview/diagnostics/diagnostics.controller.ts:72 | project/apps/api/src/modules/calc-preview/diagnostics/diagnostics.module.ts:DiagnosticsModule.controllers","ADD_REPRESENTATIVE_L6_VERIFICATION"
"HTTP-1A5FC185213F","UYAP CONNECTOR","IcrabotController.getDigitalTwin — GET /api/icrabot/cases/:caseId/twin","IMPLEMENTED | MERGED","true","true","true","true","1","","false","OPERABLE_UNVERIFIED","NONE","","project/apps/api/src/main.ts:22 | project/apps/api/src/modules/icrabot/icrabot.controller.ts:55 | project/apps/api/src/modules/icrabot/icrabot.module.ts:IcrabotModule.controllers","ADD_REPRESENTATIVE_L6_VERIFICATION"
"HTTP-1AB46019CE65","SHARED PLATFORM / INFRASTRUCTURE","DocumentController.getSaleRequest — POST /api/documents/case/:caseId/sale-request","IMPLEMENTED | MERGED","true","true","true","true","1","","false","OPERABLE_UNVERIFIED","NONE","","project/apps/api/src/main.ts:22 | project/apps/api/src/modules/document/document.controller.ts:83 | project/apps/api/src/modules/document/document.module.ts:DocumentModule.controllers","ADD_REPRESENTATIVE_L6_VERIFICATION"
"HTTP-1ABEA4F06303","UYAP CONNECTOR","AdminController.getEvidence — GET /api/icrabot/admin/audit/:caseId/evidence","IMPLEMENTED","true","true","true","true","1","","false","OPERABLE_UNVERIFIED","NONE","","project/apps/api/src/main.ts:22 | project/apps/api/src/modules/icrabot/admin/admin.controller.ts:283 | project/apps/api/src/modules/icrabot/icrabot.module.ts:IcrabotModule.controllers","ADD_REPRESENTATIVE_L6_VERIFICATION"
"HTTP-1AD0C1FD6D45","SHARED PLATFORM / INFRASTRUCTURE","ExecutionOfficeController.seed — POST /api/execution-offices/seed","IMPLEMENTED","true","true","true","true","1","","false","OPERABLE_UNVERIFIED","NONE","","project/apps/api/src/main.ts:22 | project/apps/api/src/modules/execution-office/execution-office.controller.ts:44 | project/apps/api/src/modules/execution-office/execution-office.module.ts:ExecutionOfficeModule.controllers","ADD_REPRESENTATIVE_L6_VERIFICATION"
"HTTP-1AD8314AE8A5","CLIENT / MÜVEKKİL","ClientIntelStatementController.listByDebtor — GET /api/client-intel-statements/debtor/:debtorId","MERGED","true","true","true","true","1","","false","OPERABLE_UNVERIFIED","NONE","","project/apps/api/src/main.ts:22 | project/apps/api/src/modules/client-intel-statement/client-intel-statement.controller.ts:77 | project/apps/api/src/modules/client-intel-statement/client-intel-statement.module.ts:ClientIntelStatementModule.controllers","ADD_REPRESENTATIVE_L6_VERIFICATION"
"HTTP-1B1ABB84375D","DEBTOR / BORÇLU","ThirdPartyController.createExternalCase — POST /api/case-debtors/:caseDebtorId/external-cases","CANONICAL | IMPLEMENTED | MERGED","true","true","true","true","1","","false","OPERABLE_UNVERIFIED","NONE","","project/apps/api/src/main.ts:22 | project/apps/api/src/modules/debtor/debtor.module.ts:DebtorModule.controllers | project/apps/api/src/modules/debtor/third-party.controller.ts:155","ADD_REPRESENTATIVE_L6_VERIFICATION"
"HTTP-1BB7907E3FBF","SHARED PLATFORM / INFRASTRUCTURE","CaseLeaseController.remove — DELETE /api/case-leases/:id","IMPLEMENTED","true","true","true","true","1","","false","OPERABLE_UNVERIFIED","NONE","","project/apps/api/src/main.ts:22 | project/apps/api/src/modules/case-lease/case-lease.controller.ts:50 | project/apps/api/src/modules/case-lease/case-lease.module.ts:CaseLeaseModule.controllers","ADD_REPRESENTATIVE_L6_VERIFICATION"
"HTTP-1BDB0A983420","SHARED PLATFORM / INFRASTRUCTURE","AccountingJournalFinancialStatementController.getFinancialStatement — GET /api/accounting-journal/financial-statements","IMPLEMENTED | MERGED","true","true","true","true","1","","false","OPERABLE_UNVERIFIED","NONE","","project/apps/api/src/main.ts:22 | project/apps/api/src/modules/accounting-journal/accounting-journal-financial-statement.controller.ts:46 | project/apps/api/src/modules/accounting-journal/accounting-journal-trial-balance.module.ts:AccountingJournalTrialBalanceModule.controllers","ADD_REPRESENTATIVE_L6_VERIFICATION"
"HTTP-1C10C0F01CC9","UYAP CONNECTOR","AdminController.getJobMetrics — GET /api/icrabot/admin/jobs/metrics","IMPLEMENTED","true","true","true","true","1","","false","OPERABLE_UNVERIFIED","NONE","","project/apps/api/src/main.ts:22 | project/apps/api/src/modules/icrabot/admin/admin.controller.ts:221 | project/apps/api/src/modules/icrabot/icrabot.module.ts:IcrabotModule.controllers","ADD_REPRESENTATIVE_L6_VERIFICATION"
"HTTP-1C13771B1E39","OFFICE / AVUKAT-PERSONEL","OfficeApprovalController.requestRevision — POST /api/office-approvals/:id/request-revision","MERGED","true","true","true","true","1","","false","OPERABLE_UNVERIFIED","NONE","","project/apps/api/src/main.ts:22 | project/apps/api/src/modules/office-approval/office-approval.controller.ts:137 | project/apps/api/src/modules/office-approval/office-approval.module.ts:OfficeApprovalModule.controllers","ADD_REPRESENTATIVE_L6_VERIFICATION"
"HTTP-1C26B5F6C7B0","SHARED PLATFORM / INFRASTRUCTURE","BankController.getAccounts — GET /api/bank/accounts","CANONICAL | IMPLEMENTED | MERGED","true","true","true","true","1","","false","OPERABLE_UNVERIFIED","NONE","","project/apps/api/src/main.ts:22 | project/apps/api/src/modules/bank/bank.controller.ts:37 | project/apps/api/src/modules/bank/bank.module.ts:BankModule.controllers","ADD_REPRESENTATIVE_L6_VERIFICATION"
"HTTP-1C990E683FA9","UYAP CONNECTOR","IcrabotController.checkFinalization — POST /api/icrabot/cases/:caseId/check-finalization","IMPLEMENTED | MERGED","true","true","true","true","1","","false","OPERABLE_UNVERIFIED","NONE","","project/apps/api/src/main.ts:22 | project/apps/api/src/modules/icrabot/icrabot.controller.ts:172 | project/apps/api/src/modules/icrabot/icrabot.module.ts:IcrabotModule.controllers","ADD_REPRESENTATIVE_L6_VERIFICATION"
"HTTP-1CFBC5042F15","OFFICE / AVUKAT-PERSONEL","OfficeApprovalController.detail — GET /api/office-approvals/:id","MERGED","true","true","true","true","1","","false","OPERABLE_UNVERIFIED","NONE","","project/apps/api/src/main.ts:22 | project/apps/api/src/modules/office-approval/office-approval.controller.ts:86 | project/apps/api/src/modules/office-approval/office-approval.module.ts:OfficeApprovalModule.controllers","ADD_REPRESENTATIVE_L6_VERIFICATION"
"HTTP-1D0424202354","SHARED PLATFORM / INFRASTRUCTURE","OcrController.FileInterceptor — POST /api/ocr/scan-poa","IMPLEMENTED | MERGED","true","true","true","true","1","","false","OPERABLE_UNVERIFIED","NONE","","project/apps/api/src/main.ts:22 | project/apps/api/src/modules/ocr/ocr.controller.ts:381 | project/apps/api/src/modules/ocr/ocr.module.ts:OcrModule.controllers","ADD_REPRESENTATIVE_L6_VERIFICATION"
"HTTP-1D4610F7B44C","CLIENT / MÜVEKKİL","ClientApprovalController.decision — POST /api/client-approvals/:id/decision","MERGED","true","true","true","true","1","","false","OPERABLE_UNVERIFIED","NONE","","project/apps/api/src/main.ts:22 | project/apps/api/src/modules/client-approval/client-approval.controller.ts:47 | project/apps/api/src/modules/client-approval/client-approval.module.ts:ClientApprovalModule.controllers","ADD_REPRESENTATIVE_L6_VERIFICATION"
"HTTP-1D92A9E90248","SHARED PLATFORM / INFRASTRUCTURE","TemplateEngineController.downloadKarsiliksizCekSikayetWord — GET /api/template-engine/karsiliksiz-cek/case/:caseId/word","IMPLEMENTED | MERGED","true","true","true","true","1","","false","OPERABLE_UNVERIFIED","NONE","","project/apps/api/src/main.ts:22 | project/apps/api/src/modules/template-engine/template-engine.controller.ts:598 | project/apps/api/src/modules/template-engine/template-engine.module.ts:TemplateEngineModule.controllers","ADD_REPRESENTATIVE_L6_VERIFICATION"
"HTTP-1DE61D9BAA78","SHARED PLATFORM / INFRASTRUCTURE","ExchangeRateController.refreshRates — POST /api/exchange-rate/refresh","IMPLEMENTED","true","true","true","true","1","","false","OPERABLE_UNVERIFIED","NONE","","project/apps/api/src/main.ts:22 | project/apps/api/src/modules/exchange-rate/exchange-rate.controller.ts:61 | project/apps/api/src/modules/exchange-rate/exchange-rate.module.ts:ExchangeRateModule.controllers","ADD_REPRESENTATIVE_L6_VERIFICATION"
"HTTP-1DF33ACD6FAD","DEBTOR / BORÇLU","AddressController.verifyAllAddresses — POST /api/debtors/:debtorId/addresses/verify-all","IMPLEMENTED | MERGED","true","true","true","true","1","","false","OPERABLE_UNVERIFIED","NONE","","project/apps/api/src/main.ts:22 | project/apps/api/src/modules/debtor/address.controller.ts:151 | project/apps/api/src/modules/debtor/debtor.module.ts:DebtorModule.controllers","ADD_REPRESENTATIVE_L6_VERIFICATION"
"HTTP-1E00EB4C9986","OFFICE / AVUKAT-PERSONEL","OfficeController.updateBankAccount — PUT /api/office/bank-accounts/:id","IMPLEMENTED | MERGED","true","true","true","true","1","","false","OPERABLE_UNVERIFIED","NONE","","project/apps/api/src/main.ts:22 | project/apps/api/src/modules/office/office.controller.ts:91 | project/apps/api/src/modules/office/office.module.ts:OfficeModule.controllers","ADD_REPRESENTATIVE_L6_VERIFICATION"
"HTTP-1E345613F0A1","SHARED PLATFORM / INFRASTRUCTURE","TemplateEngineController.downloadDolandiricilikWord — GET /api/template-engine/dolandiricilik/case/:caseId/word","IMPLEMENTED | MERGED","true","true","true","true","1","","false","OPERABLE_UNVERIFIED","NONE","","project/apps/api/src/main.ts:22 | project/apps/api/src/modules/template-engine/template-engine.controller.ts:798 | project/apps/api/src/modules/template-engine/template-engine.module.ts:TemplateEngineModule.controllers","ADD_REPRESENTATIVE_L6_VERIFICATION"
"HTTP-1E609C8D9F1F","RECEIVABLE / ALACAK","FeeEngineController.getCurrentTariffYear — GET /api/fee-engine/current-tariff-year","IMPLEMENTED","true","true","true","true","1","","false","OPERABLE_UNVERIFIED","NONE","","project/apps/api/src/main.ts:22 | project/apps/api/src/modules/fee-engine/fee-engine.controller.ts:242 | project/apps/api/src/modules/fee-engine/fee-engine.module.ts:FeeEngineModule.controllers","ADD_REPRESENTATIVE_L6_VERIFICATION"
"HTTP-1E96C0031767","DEBTOR / BORÇLU","AddressTaskController.getTasksForCase — GET /api/address-tasks/case/:caseId","IMPLEMENTED | MERGED","true","true","true","true","1","","false","OPERABLE_UNVERIFIED","NONE","","project/apps/api/src/main.ts:22 | project/apps/api/src/modules/address-task/address-task.controller.ts:62 | project/apps/api/src/modules/address-task/address-task.module.ts:AddressTaskModule.controllers","ADD_REPRESENTATIVE_L6_VERIFICATION"
"HTTP-1E9A0A40F4C8","UYAP CONNECTOR","AdminController.quarantineCase — POST /api/icrabot/admin/cases/:id/quarantine","IMPLEMENTED","true","true","true","true","1","","false","OPERABLE_UNVERIFIED","NONE","","project/apps/api/src/main.ts:22 | project/apps/api/src/modules/icrabot/admin/admin.controller.ts:199 | project/apps/api/src/modules/icrabot/icrabot.module.ts:IcrabotModule.controllers","ADD_REPRESENTATIVE_L6_VERIFICATION"
"HTTP-1EF74C4E06AF","CLIENT / MÜVEKKİL","ClientPayoutController.finalize — POST /api/client-payouts/:approvalRequestId/finalize","MERGED","true","true","true","true","1","","false","OPERABLE_UNVERIFIED","NONE","","project/apps/api/src/main.ts:22 | project/apps/api/src/modules/client-settlement/client-payout.controller.ts:74 | project/apps/api/src/modules/client-settlement/client-settlement.module.ts:ClientSettlementModule.controllers","ADD_REPRESENTATIVE_L6_VERIFICATION"
"HTTP-1F113CD21ADF","DEBTOR / BORÇLU","DebtorController.getDebtorsForCase — GET /api/debtors/case/:caseId","IMPLEMENTED | MERGED","true","true","true","true","1","","false","OPERABLE_UNVERIFIED","NONE","","project/apps/api/src/main.ts:22 | project/apps/api/src/modules/debtor/debtor.controller.ts:43 | project/apps/api/src/modules/debtor/debtor.module.ts:DebtorModule.controllers","ADD_REPRESENTATIVE_L6_VERIFICATION"
"HTTP-1F507B01AD55","DEBTOR / BORÇLU","AddressDiscoveryController.createInstitutionLetter — POST /api/address-discovery/institution-letter","IMPLEMENTED | MERGED","true","true","true","true","1","","false","OPERABLE_UNVERIFIED","NONE","","project/apps/api/src/main.ts:22 | project/apps/api/src/modules/address-discovery/address-discovery.controller.ts:431 | project/apps/api/src/modules/address-discovery/address-discovery.module.ts:AddressDiscoveryModule.controllers","ADD_REPRESENTATIVE_L6_VERIFICATION"
"HTTP-201618F99AAE","SHARED PLATFORM / INFRASTRUCTURE","TemplateEngineController.generateIcraEmriFromCase — GET /api/template-engine/icra-emri/case/:caseId","IMPLEMENTED | MERGED","true","true","true","true","1","","false","OPERABLE_UNVERIFIED","NONE","","project/apps/api/src/main.ts:22 | project/apps/api/src/modules/template-engine/template-engine.controller.ts:356 | project/apps/api/src/modules/template-engine/template-engine.module.ts:TemplateEngineModule.controllers","ADD_REPRESENTATIVE_L6_VERIFICATION"
"HTTP-215F0A397E25","SHARED PLATFORM / INFRASTRUCTURE","TemplateEngineController.generateDocumentFromCase — POST /api/template-engine/cases/:caseId/documents/:format","IMPLEMENTED | MERGED","true","true","true","true","1","","false","OPERABLE_UNVERIFIED","NONE","","project/apps/api/src/main.ts:22 | project/apps/api/src/modules/template-engine/template-engine.controller.ts:823 | project/apps/api/src/modules/template-engine/template-engine.module.ts:TemplateEngineModule.controllers","ADD_REPRESENTATIVE_L6_VERIFICATION"
"HTTP-21696EECFF11","SHARED PLATFORM / INFRASTRUCTURE","SeedController.fixClients — POST /api/seed/fix-clients","IMPLEMENTED","true","true","true","true","1","","false","OPERABLE_UNVERIFIED","NONE","","project/apps/api/src/main.ts:22 | project/apps/api/src/modules/icrabot/v28-engine/v28-engine.module.ts:V28EngineModule.controllers | project/apps/api/src/modules/seed/seed.controller.ts:64 | project/apps/api/src/modules/seed/seed.module.ts:SeedModule.controllers","ADD_REPRESENTATIVE_L6_VERIFICATION"
"HTTP-219C869CA1AE","AUTH / TENANT / SECURITY","AuditController.getEntityHistory — GET /api/audit/entity-history","IMPLEMENTED","true","true","true","true","1","","false","OPERABLE_UNVERIFIED","NONE","","project/apps/api/src/main.ts:22 | project/apps/api/src/modules/audit/audit.controller.ts:37 | project/apps/api/src/modules/audit/audit.module.ts:AuditModule.controllers","ADD_REPRESENTATIVE_L6_VERIFICATION"
"HTTP-22366A17AC22","SHARED PLATFORM / INFRASTRUCTURE","CaseController.createDue — POST /api/cases/:id/dues","CANONICAL | IMPLEMENTED | MERGED","true","true","true","true","1","","false","OPERABLE_UNVERIFIED","NONE","","project/apps/api/src/main.ts:22 | project/apps/api/src/modules/case/case.controller.ts:583 | project/apps/api/src/modules/case/case.module.ts:CaseModule.controllers","ADD_REPRESENTATIVE_L6_VERIFICATION"
"HTTP-2247C195EB07","RECEIVABLE / ALACAK","ClaimEngineController.getCommunicationSuggestions — GET /api/claim-engine/communication-suggestions/:caseType","IMPLEMENTED","true","true","true","true","1","","false","OPERABLE_UNVERIFIED","NONE","","project/apps/api/src/main.ts:22 | project/apps/api/src/modules/claim-engine/claim-engine.controller.ts:122 | project/apps/api/src/modules/claim-engine/claim-engine.module.ts:ClaimEngineModule.controllers","ADD_REPRESENTATIVE_L6_VERIFICATION"
"HTTP-22BEB80B0EC1","SHARED PLATFORM / INFRASTRUCTURE","AutomationController.getNextAction — GET /api/automation/cases/:id/next-action","IMPLEMENTED | MERGED","true","true","true","true","1","","false","OPERABLE_UNVERIFIED","NONE","","project/apps/api/src/main.ts:22 | project/apps/api/src/modules/automation/automation.controller.ts:50 | project/apps/api/src/modules/automation/automation.module.ts:AutomationModule.controllers","ADD_REPRESENTATIVE_L6_VERIFICATION"
"HTTP-2317F389D6D6","SHARED PLATFORM / INFRASTRUCTURE","CaseController.updateCaseLawyer — PATCH /api/cases/:id/lawyers/:caseLawyerId","CANONICAL | IMPLEMENTED | MERGED","true","true","true","true","1","","false","OPERABLE_UNVERIFIED","NONE","","project/apps/api/src/main.ts:22 | project/apps/api/src/modules/case/case.controller.ts:471 | project/apps/api/src/modules/case/case.module.ts:CaseModule.controllers","ADD_REPRESENTATIVE_L6_VERIFICATION"
"HTTP-23214E3BB5EB","CLIENT / MÜVEKKİL","ClientIntakeLinkController.findOne — GET /api/client-intake-links/:id","MERGED","true","true","true","true","1","","false","OPERABLE_UNVERIFIED","NONE","","project/apps/api/src/main.ts:22 | project/apps/api/src/modules/client-intake-link/client-intake-link.controller.ts:48 | project/apps/api/src/modules/client-intake-link/client-intake-link.module.ts:ClientIntakeLinkModule.controllers","ADD_REPRESENTATIVE_L6_VERIFICATION"
"HTTP-236273131A96","SHARED PLATFORM / INFRASTRUCTURE","AccountingJournalReversalController.reverseEntry — POST /api/accounting-journal/entries/:entryId/reverse","MERGED","true","true","true","true","1","","false","OPERABLE_UNVERIFIED","NONE","","project/apps/api/src/main.ts:22 | project/apps/api/src/modules/accounting-journal/accounting-journal-reversal.controller.ts:19 | project/apps/api/src/modules/accounting-journal/accounting-journal-trial-balance.module.ts:AccountingJournalTrialBalanceModule.controllers","ADD_REPRESENTATIVE_L6_VERIFICATION"
"HTTP-23DA6D122734","SHARED PLATFORM / INFRASTRUCTURE","TemplateEngineController.downloadTakipTalebi — POST /api/template-engine/takip-talebi/download","IMPLEMENTED | MERGED","true","true","true","true","1","","false","OPERABLE_UNVERIFIED","NONE","","project/apps/api/src/main.ts:22 | project/apps/api/src/modules/template-engine/template-engine.controller.ts:301 | project/apps/api/src/modules/template-engine/template-engine.module.ts:TemplateEngineModule.controllers","ADD_REPRESENTATIVE_L6_VERIFICATION"
"HTTP-246708444F39","SHARED PLATFORM / INFRASTRUCTURE","CaseLeaseController.findOne — GET /api/case-leases/:id","IMPLEMENTED","true","true","true","true","1","","false","OPERABLE_UNVERIFIED","NONE","","project/apps/api/src/main.ts:22 | project/apps/api/src/modules/case-lease/case-lease.controller.ts:32 | project/apps/api/src/modules/case-lease/case-lease.module.ts:CaseLeaseModule.controllers","ADD_REPRESENTATIVE_L6_VERIFICATION"
"HTTP-248BDA60D6AE","DEBTOR / BORÇLU","ThirdPartyController.recordResponse — POST /api/third-parties/:id/response","CANONICAL | IMPLEMENTED | MERGED","true","true","true","true","1","","false","OPERABLE_UNVERIFIED","NONE","","project/apps/api/src/main.ts:22 | project/apps/api/src/modules/debtor/debtor.module.ts:DebtorModule.controllers | project/apps/api/src/modules/debtor/third-party.controller.ts:83","ADD_REPRESENTATIVE_L6_VERIFICATION"
"HTTP-24C7AFFAC940","CLIENT / MÜVEKKİL","ClientNotificationController.sendBulkEmail — POST /api/client-notifications/bulk-email","IMPLEMENTED","true","true","true","true","1","","false","OPERABLE_UNVERIFIED","NONE","","project/apps/api/src/main.ts:22 | project/apps/api/src/modules/client-notification/client-notification.controller.ts:185 | project/apps/api/src/modules/client-notification/client-notification.module.ts:ClientNotificationModule.controllers","ADD_REPRESENTATIVE_L6_VERIFICATION"
"HTTP-24E09D8FF9DE","SHARED PLATFORM / INFRASTRUCTURE","GroupController.findAll — GET /api/groups","IMPLEMENTED","true","true","true","true","1","","false","OPERABLE_UNVERIFIED","NONE","","project/apps/api/src/main.ts:22 | project/apps/api/src/modules/group/group.controller.ts:12 | project/apps/api/src/modules/group/group.module.ts:GroupModule.controllers","ADD_REPRESENTATIVE_L6_VERIFICATION"
"HTTP-256CBC5E5CDC","UYAP CONNECTOR","TebligatController.recordElectronicResult — POST /api/tebligat/:id/electronic-result","IMPLEMENTED | MERGED","true","true","true","true","1","","false","OPERABLE_UNVERIFIED","NONE","","project/apps/api/src/main.ts:22 | project/apps/api/src/modules/tebligat/tebligat.controller.ts:129 | project/apps/api/src/modules/tebligat/tebligat.module.ts:TebligatModule.controllers","ADD_REPRESENTATIVE_L6_VERIFICATION"
"HTTP-2616D7D912D7","SHARED PLATFORM / INFRASTRUCTURE","DocumentController.getAlacakHacziTalebi — POST /api/documents/case/:caseId/alacak-haczi-talebi","IMPLEMENTED | MERGED","true","true","true","true","1","","false","OPERABLE_UNVERIFIED","NONE","","project/apps/api/src/main.ts:22 | project/apps/api/src/modules/document/document.controller.ts:315 | project/apps/api/src/modules/document/document.module.ts:DocumentModule.controllers","ADD_REPRESENTATIVE_L6_VERIFICATION"
"HTTP-265B889F3B22","RECEIVABLE / ALACAK","ClaimEngineController.getSubCategories — GET /api/claim-engine/sub-categories","IMPLEMENTED","true","true","true","true","1","","false","OPERABLE_UNVERIFIED","NONE","","project/apps/api/src/main.ts:22 | project/apps/api/src/modules/claim-engine/claim-engine.controller.ts:54 | project/apps/api/src/modules/claim-engine/claim-engine.module.ts:ClaimEngineModule.controllers","ADD_REPRESENTATIVE_L6_VERIFICATION"
"HTTP-2689E87F01D4","SHARED PLATFORM / INFRASTRUCTURE","ExpenseRequestController.sendReminder — POST /api/expense-requests/:id/send-reminder","IMPLEMENTED | MERGED","true","true","true","true","1","","false","OPERABLE_UNVERIFIED","NONE","","project/apps/api/src/main.ts:22 | project/apps/api/src/modules/expense-request/expense-request.controller.ts:278 | project/apps/api/src/modules/expense-request/expense-request.module.ts:ExpenseRequestModule.controllers","ADD_REPRESENTATIVE_L6_VERIFICATION"
"HTTP-268BB4AAC66F","SHARED PLATFORM / INFRASTRUCTURE","TariffController.deleteTariff — DELETE /api/tariffs/:year","IMPLEMENTED","true","true","true","true","1","","false","OPERABLE_UNVERIFIED","NONE","","project/apps/api/src/main.ts:22 | project/apps/api/src/modules/tariff/tariff.controller.ts:60 | project/apps/api/src/modules/tariff/tariff.module.ts:TariffModule.controllers","ADD_REPRESENTATIVE_L6_VERIFICATION"
"HTTP-2693F07E5578","SHARED PLATFORM / INFRASTRUCTURE","CaseController.patchFlags — PATCH /api/cases/:id","CANONICAL | IMPLEMENTED | MERGED","true","true","true","true","1","","false","OPERABLE_UNVERIFIED","NONE","","project/apps/api/src/main.ts:22 | project/apps/api/src/modules/case/case.controller.ts:270 | project/apps/api/src/modules/case/case.module.ts:CaseModule.controllers","ADD_REPRESENTATIVE_L6_VERIFICATION"
"HTTP-26C849B5C90E","UYAP CONNECTOR","IcrabotController.getParams — GET /api/icrabot/params","IMPLEMENTED | MERGED","true","true","true","true","1","","false","OPERABLE_UNVERIFIED","NONE","","project/apps/api/src/main.ts:22 | project/apps/api/src/modules/icrabot/icrabot.controller.ts:276 | project/apps/api/src/modules/icrabot/icrabot.module.ts:IcrabotModule.controllers","ADD_REPRESENTATIVE_L6_VERIFICATION"
"HTTP-26D704D9D8EB","CLIENT / MÜVEKKİL","PortalController.downloadDocument — GET /api/portal/documents/:id/download","IMPLEMENTED | MERGED","true","true","","true","1","","false","UNKNOWN_REQUIRES_EVIDENCE","NONE","","project/apps/api/src/main.ts:22 | project/apps/api/src/modules/portal/portal.controller.ts:313 | project/apps/api/src/modules/portal/portal.module.ts:PortalModule.controllers","COLLECT_MISSING_EVIDENCE"
"HTTP-2742808ED92B","UYAP CONNECTOR","UyapController.retryFailed — POST /api/uyap/retry-failed","IMPLEMENTED | MERGED","true","true","true","true","1","","false","OPERABLE_UNVERIFIED","NONE","","project/apps/api/src/main.ts:22 | project/apps/api/src/modules/uyap/uyap.controller.ts:146 | project/apps/api/src/modules/uyap/uyap.module.ts:UyapModule.controllers","ADD_REPRESENTATIVE_L6_VERIFICATION"
"HTTP-2761865B4C0A","DEBTOR / BORÇLU","AddressController.getAddresses — GET /api/debtors/:debtorId/addresses","IMPLEMENTED | MERGED","true","true","true","true","1","","false","OPERABLE_UNVERIFIED","NONE","","project/apps/api/src/main.ts:22 | project/apps/api/src/modules/debtor/address.controller.ts:25 | project/apps/api/src/modules/debtor/debtor.module.ts:DebtorModule.controllers","ADD_REPRESENTATIVE_L6_VERIFICATION"
"HTTP-28AD36E23E9C","DEBTOR / BORÇLU","DebtorController.setPrimaryAddress — POST /api/debtors/:id/addresses/:addressId/set-primary","IMPLEMENTED | MERGED","true","true","true","true","1","","false","OPERABLE_UNVERIFIED","NONE","","project/apps/api/src/main.ts:22 | project/apps/api/src/modules/debtor/debtor.controller.ts:325 | project/apps/api/src/modules/debtor/debtor.module.ts:DebtorModule.controllers","ADD_REPRESENTATIVE_L6_VERIFICATION"
"HTTP-28B04E718A27","SHARED PLATFORM / INFRASTRUCTURE","CalendarController.deleteEvent — DELETE /api/calendar/events/:id","IMPLEMENTED","true","true","true","true","1","","false","OPERABLE_UNVERIFIED","NONE","","project/apps/api/src/main.ts:22 | project/apps/api/src/modules/calendar/calendar.controller.ts:56 | project/apps/api/src/modules/calendar/calendar.module.ts:CalendarModule.controllers","ADD_REPRESENTATIVE_L6_VERIFICATION"
"HTTP-28D80F9431E2","UYAP CONNECTOR","UyapEventController.ingestBatch — POST /api/icrabot/v28/events/batch","IMPLEMENTED | MERGED","true","true","true","true","1","","false","OPERABLE_UNVERIFIED","NONE","","project/apps/api/src/main.ts:22 | project/apps/api/src/modules/icrabot/v28-engine/v28-engine.controller.ts:52 | project/apps/api/src/modules/icrabot/v28-engine/v28-engine.module.ts:V28EngineModule.controllers","ADD_REPRESENTATIVE_L6_VERIFICATION"
"HTTP-2904C81C68D8","DEBTOR / BORÇLU","AssetQueryController.updateQueryResult — PUT /api/asset-queries/:queryId/result","IMPLEMENTED","true","true","true","true","1","","false","OPERABLE_UNVERIFIED","NONE","","project/apps/api/src/main.ts:22 | project/apps/api/src/modules/asset-query/asset-query.controller.ts:76 | project/apps/api/src/modules/asset-query/asset-query.module.ts:AssetQueryModule.controllers","ADD_REPRESENTATIVE_L6_VERIFICATION"
"HTTP-293DB4806B5D","SHARED PLATFORM / INFRASTRUCTURE","TemplateEngineController.downloadTasarrufunIptaliWord — GET /api/template-engine/tasarrufun-iptali/case/:caseId/word","IMPLEMENTED | MERGED","true","true","true","true","1","","false","OPERABLE_UNVERIFIED","NONE","","project/apps/api/src/main.ts:22 | project/apps/api/src/modules/template-engine/template-engine.controller.ts:738 | project/apps/api/src/modules/template-engine/template-engine.module.ts:TemplateEngineModule.controllers","ADD_REPRESENTATIVE_L6_VERIFICATION"
"HTTP-29ADFD01694C","OFFICE / AVUKAT-PERSONEL","StaffController.create — POST /api/staff","IMPLEMENTED | MERGED","true","true","true","true","1","","false","OPERABLE_UNVERIFIED","NONE","","project/apps/api/src/main.ts:22 | project/apps/api/src/modules/staff/staff.controller.ts:33 | project/apps/api/src/modules/staff/staff.module.ts:StaffModule.controllers","ADD_REPRESENTATIVE_L6_VERIFICATION"
"HTTP-2A30CC801287","DEBTOR / BORÇLU","AddressController.createAddress — POST /api/debtors/:debtorId/addresses","IMPLEMENTED | MERGED","true","true","true","true","1","","false","OPERABLE_UNVERIFIED","NONE","","project/apps/api/src/main.ts:22 | project/apps/api/src/modules/debtor/address.controller.ts:33 | project/apps/api/src/modules/debtor/debtor.module.ts:DebtorModule.controllers","ADD_REPRESENTATIVE_L6_VERIFICATION"
"HTTP-2A38B7C25AC0","CLIENT / MÜVEKKİL","ClientOffsetController.eligibility — GET /api/client-offsets/client/:clientId/eligibility","IMPLEMENTED | MERGED","true","true","true","true","1","","false","BOUND_DORMANT","P2","","project/apps/api/src/main.ts:22 | project/apps/api/src/modules/client-settlement/client-offset.controller.ts:25 | project/apps/api/src/modules/client-settlement/client-settlement.module.ts:ClientSettlementModule.controllers","VERIFY_ACTIVATION_AUTHORITY_AND_DEPLOYED_VALUE"
"HTTP-2A39131226F8","RECEIVABLE / ALACAK","FeeEngineController.calculateOpeningFees — POST /api/fee-engine/calculate-opening-fees","IMPLEMENTED","true","true","true","true","1","","false","OPERABLE_UNVERIFIED","NONE","","project/apps/api/src/main.ts:22 | project/apps/api/src/modules/fee-engine/fee-engine.controller.ts:161 | project/apps/api/src/modules/fee-engine/fee-engine.module.ts:FeeEngineModule.controllers","ADD_REPRESENTATIVE_L6_VERIFICATION"
"HTTP-2AB40848FEB8","SHARED PLATFORM / INFRASTRUCTURE","AccountingJournalManualAdjustmentController.createManualAdjustment — POST /api/accounting-journal/entries/manual-adjustments","MERGED","true","true","true","true","1","","false","OPERABLE_UNVERIFIED","NONE","","project/apps/api/src/main.ts:22 | project/apps/api/src/modules/accounting-journal/accounting-journal-manual-adjustment.controller.ts:22 | project/apps/api/src/modules/accounting-journal/accounting-journal-trial-balance.module.ts:AccountingJournalTrialBalanceModule.controllers","ADD_REPRESENTATIVE_L6_VERIFICATION"
"HTTP-2ACFDC35746C","DEBTOR / BORÇLU","AddressDiscoveryController.getUyapQuery — GET /api/address-discovery/uyap-query/:id","IMPLEMENTED | MERGED","true","true","true","true","1","","false","OPERABLE_UNVERIFIED","NONE","","project/apps/api/src/main.ts:22 | project/apps/api/src/modules/address-discovery/address-discovery.controller.ts:364 | project/apps/api/src/modules/address-discovery/address-discovery.module.ts:AddressDiscoveryModule.controllers","ADD_REPRESENTATIVE_L6_VERIFICATION"
"HTTP-2B24F0CFB874","DEBTOR / BORÇLU","AddressDiscoveryController.getResearchTimeline — GET /api/address-discovery/research/:caseDebtorId/timeline","IMPLEMENTED | MERGED","true","true","true","true","1","","false","OPERABLE_UNVERIFIED","NONE","","project/apps/api/src/main.ts:22 | project/apps/api/src/modules/address-discovery/address-discovery.controller.ts:291 | project/apps/api/src/modules/address-discovery/address-discovery.module.ts:AddressDiscoveryModule.controllers","ADD_REPRESENTATIVE_L6_VERIFICATION"
"HTTP-2B2E70E86984","SHARED PLATFORM / INFRASTRUCTURE","CasePaymentPreviewController.previewPayment — POST /api/cases/:caseId/payment-preview","MERGED","true","true","true","true","1","","false","OPERABLE_UNVERIFIED","NONE","","project/apps/api/src/main.ts:22 | project/apps/api/src/modules/case/case-payment-preview.controller.ts:19 | project/apps/api/src/modules/case/case.module.ts:CaseModule.controllers","ADD_REPRESENTATIVE_L6_VERIFICATION"
"HTTP-2B97D8F8EDA5","DEBTOR / BORÇLU","AddressTaskController.getNotesForCase — GET /api/address-tasks/case/:caseId/notes","IMPLEMENTED | MERGED","true","true","true","true","1","","false","OPERABLE_UNVERIFIED","NONE","","project/apps/api/src/main.ts:22 | project/apps/api/src/modules/address-task/address-task.controller.ts:88 | project/apps/api/src/modules/address-task/address-task.module.ts:AddressTaskModule.controllers","ADD_REPRESENTATIVE_L6_VERIFICATION"
"HTTP-2B9F9A008BFE","SHARED PLATFORM / INFRASTRUCTURE","ExpenseBlockReasonController.cancel — POST /api/expense-block-reasons/:id/cancel","MERGED","true","true","true","true","1","","false","OPERABLE_UNVERIFIED","NONE","","project/apps/api/src/main.ts:22 | project/apps/api/src/modules/expense-block-reason/expense-block-reason.controller.ts:55 | project/apps/api/src/modules/expense-block-reason/expense-block-reason.module.ts:ExpenseBlockReasonModule.controllers","ADD_REPRESENTATIVE_L6_VERIFICATION"
"HTTP-2BAD02B183B0","SHARED PLATFORM / INFRASTRUCTURE","CaseController.getCaseDues — GET /api/cases/:id/dues","CANONICAL | IMPLEMENTED | MERGED","true","true","true","true","1","","false","OPERABLE_UNVERIFIED","NONE","","project/apps/api/src/main.ts:22 | project/apps/api/src/modules/case/case.controller.ts:571 | project/apps/api/src/modules/case/case.module.ts:CaseModule.controllers","ADD_REPRESENTATIVE_L6_VERIFICATION"
"HTTP-2C28EE4E46FD","UYAP CONNECTOR","BundleController.archiveBundle — POST /api/icrabot/bundles/:id/archive","IMPLEMENTED","true","true","true","true","1","","false","OPERABLE_UNVERIFIED","NONE","","project/apps/api/src/main.ts:22 | project/apps/api/src/modules/icrabot/bundle/bundle.controller.ts:99 | project/apps/api/src/modules/icrabot/icrabot.module.ts:IcrabotModule.controllers","ADD_REPRESENTATIVE_L6_VERIFICATION"
"HTTP-2C417ABB7270","UYAP CONNECTOR","AdminController.unquarantineCase — POST /api/icrabot/admin/cases/:id/unquarantine","IMPLEMENTED","true","true","true","true","1","","false","OPERABLE_UNVERIFIED","NONE","","project/apps/api/src/main.ts:22 | project/apps/api/src/modules/icrabot/admin/admin.controller.ts:212 | project/apps/api/src/modules/icrabot/icrabot.module.ts:IcrabotModule.controllers","ADD_REPRESENTATIVE_L6_VERIFICATION"
"HTTP-2C61F61291B9","DEBTOR / BORÇLU","ThirdPartyController.deleteExternalCase — DELETE /api/external-cases/:id","CANONICAL | IMPLEMENTED | MERGED","true","true","true","true","1","","false","OPERABLE_UNVERIFIED","NONE","","project/apps/api/src/main.ts:22 | project/apps/api/src/modules/debtor/debtor.module.ts:DebtorModule.controllers | project/apps/api/src/modules/debtor/third-party.controller.ts:217","ADD_REPRESENTATIVE_L6_VERIFICATION"
"HTTP-2C9A0B20955D","SHARED PLATFORM / INFRASTRUCTURE","OcrController.FileInterceptor — POST /api/ocr/classify-file","IMPLEMENTED | MERGED","true","true","true","true","1","","false","OPERABLE_UNVERIFIED","NONE","","project/apps/api/src/main.ts:22 | project/apps/api/src/modules/ocr/ocr.controller.ts:84 | project/apps/api/src/modules/ocr/ocr.module.ts:OcrModule.controllers","ADD_REPRESENTATIVE_L6_VERIFICATION"
"HTTP-2CB0604AEF6F","SHARED PLATFORM / INFRASTRUCTURE","CaseController.fixUyapCodes — POST /api/cases/fix-uyap-codes","CANONICAL | IMPLEMENTED | MERGED","true","true","true","true","1","","false","OPERABLE_UNVERIFIED","NONE","","project/apps/api/src/main.ts:22 | project/apps/api/src/modules/case/case.controller.ts:334 | project/apps/api/src/modules/case/case.module.ts:CaseModule.controllers","ADD_REPRESENTATIVE_L6_VERIFICATION"
"HTTP-2CFCA88DD60A","DEBTOR / BORÇLU","DebtorController.startNewServiceAttempt — POST /api/debtors/case/:caseId/:caseDebtorId/service/retry","IMPLEMENTED | MERGED","true","true","true","true","1","","false","OPERABLE_UNVERIFIED","NONE","","project/apps/api/src/main.ts:22 | project/apps/api/src/modules/debtor/debtor.controller.ts:114 | project/apps/api/src/modules/debtor/debtor.module.ts:DebtorModule.controllers","ADD_REPRESENTATIVE_L6_VERIFICATION"
"HTTP-2D3E6ED24F4F","SHARED PLATFORM / INFRASTRUCTURE","ExpenseRequestController.findByCaseId — GET /api/expense-requests/by-case/:caseId","IMPLEMENTED | MERGED","true","true","true","true","1","","false","OPERABLE_UNVERIFIED","NONE","","project/apps/api/src/main.ts:22 | project/apps/api/src/modules/expense-request/expense-request.controller.ts:44 | project/apps/api/src/modules/expense-request/expense-request.module.ts:ExpenseRequestModule.controllers","ADD_REPRESENTATIVE_L6_VERIFICATION"
"HTTP-2D4A24090915","SHARED PLATFORM / INFRASTRUCTURE","ChaosController.remove — DELETE /api/calc/chaos/inject/:id","IMPLEMENTED","true","false","false","false","0","","false","INTENTIONALLY_DORMANT","NONE","ChaosController hiçbir production-reachable module controllers listesinde değil.","project/apps/api/src/main.ts:22 | project/apps/api/src/modules/calc-preview/chaos/chaos.controller.ts:56","PRESERVE_DORMANT_CONTRACT"
"HTTP-2DC30405895F","SHARED PLATFORM / INFRASTRUCTURE","LimitationEngineController.logRisk — POST /api/limitation-engine/log-risk","IMPLEMENTED","true","true","true","true","1","","false","OPERABLE_UNVERIFIED","NONE","","project/apps/api/src/main.ts:22 | project/apps/api/src/modules/limitation-engine/limitation-engine.controller.ts:159 | project/apps/api/src/modules/limitation-engine/limitation-engine.module.ts:LimitationEngineModule.controllers","ADD_REPRESENTATIVE_L6_VERIFICATION"
"HTTP-2DCD917A329C","SHARED PLATFORM / INFRASTRUCTURE","BankController.getStats — GET /api/bank/stats","CANONICAL | IMPLEMENTED | MERGED","true","true","true","true","1","","false","OPERABLE_UNVERIFIED","NONE","","project/apps/api/src/main.ts:22 | project/apps/api/src/modules/bank/bank.controller.ts:206 | project/apps/api/src/modules/bank/bank.module.ts:BankModule.controllers","ADD_REPRESENTATIVE_L6_VERIFICATION"
"HTTP-2E7221781117","UYAP CONNECTOR","IcrabotController.getNextBestActions — GET /api/icrabot/cases/:caseId/next-actions","IMPLEMENTED | MERGED","true","true","true","true","1","","false","OPERABLE_UNVERIFIED","NONE","","project/apps/api/src/main.ts:22 | project/apps/api/src/modules/icrabot/icrabot.controller.ts:64 | project/apps/api/src/modules/icrabot/icrabot.module.ts:IcrabotModule.controllers","ADD_REPRESENTATIVE_L6_VERIFICATION"
"HTTP-2EFB78594D48","CLIENT / MÜVEKKİL","ClientNotificationController.getOverview — GET /api/client-notifications/overview","IMPLEMENTED","true","true","true","true","1","","false","OPERABLE_UNVERIFIED","NONE","","project/apps/api/src/main.ts:22 | project/apps/api/src/modules/client-notification/client-notification.controller.ts:24 | project/apps/api/src/modules/client-notification/client-notification.module.ts:ClientNotificationModule.controllers","ADD_REPRESENTATIVE_L6_VERIFICATION"
"HTTP-2F45FFAB19CE","SHARED PLATFORM / INFRASTRUCTURE","CrossTenantAccessController.blockPut — PUT /api/api/v1/internal-ops/cross-tenant/:tenantId/*","IMPLEMENTED","true","false","false","false","0","","false","CODE_PRESENT_UNBOUND","P1","CrossTenantAccessController hiçbir production-reachable module controllers listesinde değil.","project/apps/api/src/main.ts:22 | project/apps/api/src/modules/calc-preview/break-glass/controllers/cross-tenant-access.controller.ts:166","OWNER_REVIEW_BIND_OR_DISPOSITION"
"HTTP-2F4B84EE3D06","RECEIVABLE / ALACAK","SummaryEngineController.getAllocationOrder — GET /api/summary-engine/allocation-order","IMPLEMENTED | MERGED","true","true","true","true","1","","false","OPERABLE_UNVERIFIED","NONE","","project/apps/api/src/main.ts:22 | project/apps/api/src/modules/summary-engine/summary-engine.controller.ts:98 | project/apps/api/src/modules/summary-engine/summary-engine.module.ts:SummaryEngineModule.controllers","ADD_REPRESENTATIVE_L6_VERIFICATION"
"HTTP-2FABADFB8DD9","DEBTOR / BORÇLU","DebtorController.acknowledgeCrossCaseNotification — POST /api/debtors/cross-case-notifications/:id/acknowledge","IMPLEMENTED | MERGED","true","true","true","true","1","","false","OPERABLE_UNVERIFIED","NONE","","project/apps/api/src/main.ts:22 | project/apps/api/src/modules/debtor/debtor.controller.ts:185 | project/apps/api/src/modules/debtor/debtor.module.ts:DebtorModule.controllers","ADD_REPRESENTATIVE_L6_VERIFICATION"
"HTTP-3034490E5DD2","SHARED PLATFORM / INFRASTRUCTURE","BankController.addAccount — POST /api/bank/accounts","CANONICAL | IMPLEMENTED | MERGED","true","true","true","true","1","","false","OPERABLE_UNVERIFIED","NONE","","project/apps/api/src/main.ts:22 | project/apps/api/src/modules/bank/bank.controller.ts:29 | project/apps/api/src/modules/bank/bank.module.ts:BankModule.controllers","ADD_REPRESENTATIVE_L6_VERIFICATION"
"HTTP-312C532FDB1E","OFFICE / AVUKAT-PERSONEL","ReportingLineController.topLevel — POST /api/reporting-lines/top-level","MERGED","true","true","true","true","1","","false","OPERABLE_UNVERIFIED","NONE","","project/apps/api/src/main.ts:22 | project/apps/api/src/modules/reporting-line/reporting-line.controller.ts:54 | project/apps/api/src/modules/reporting-line/reporting-line.module.ts:ReportingLineModule.controllers","ADD_REPRESENTATIVE_L6_VERIFICATION"
"HTTP-31B1FF164B08","UYAP CONNECTOR","UyapController.checkTebligat — GET /api/uyap/tebligat/:id","IMPLEMENTED | MERGED","true","true","true","true","1","","false","OPERABLE_UNVERIFIED","NONE","","project/apps/api/src/main.ts:22 | project/apps/api/src/modules/uyap/uyap.controller.ts:130 | project/apps/api/src/modules/uyap/uyap.module.ts:UyapModule.controllers","ADD_REPRESENTATIVE_L6_VERIFICATION"
"HTTP-31BEF0322636","SHARED PLATFORM / INFRASTRUCTURE","SeedController.seedPublicInstitutionDebtors — POST /api/seed/public-institution-debtors","IMPLEMENTED","true","true","true","true","1","","false","OPERABLE_UNVERIFIED","NONE","","project/apps/api/src/main.ts:22 | project/apps/api/src/modules/icrabot/v28-engine/v28-engine.module.ts:V28EngineModule.controllers | project/apps/api/src/modules/seed/seed.controller.ts:95 | project/apps/api/src/modules/seed/seed.module.ts:SeedModule.controllers","ADD_REPRESENTATIVE_L6_VERIFICATION"
"HTTP-31E0A786EE7F","SHARED PLATFORM / INFRASTRUCTURE","ExpenseRequestController.getThreeView — GET /api/expense-requests/:id/three-view","IMPLEMENTED | MERGED","true","true","true","true","1","","false","OPERABLE_UNVERIFIED","NONE","","project/apps/api/src/main.ts:22 | project/apps/api/src/modules/expense-request/expense-request.controller.ts:308 | project/apps/api/src/modules/expense-request/expense-request.module.ts:ExpenseRequestModule.controllers","ADD_REPRESENTATIVE_L6_VERIFICATION"
"HTTP-32236BB6C0D0","RECEIVABLE / ALACAK","FeeEngineController.calculateInterest — POST /api/fee-engine/calculate-interest","IMPLEMENTED","true","true","true","true","1","","false","OPERABLE_UNVERIFIED","NONE","","project/apps/api/src/main.ts:22 | project/apps/api/src/modules/fee-engine/fee-engine.controller.ts:250 | project/apps/api/src/modules/fee-engine/fee-engine.module.ts:FeeEngineModule.controllers","ADD_REPRESENTATIVE_L6_VERIFICATION"
"HTTP-32D0A4AF9A5D","DEBTOR / BORÇLU","LegalTimeShadowController.compute — POST /api/legal-time-shadow/tebligat/:tebligatId/compute","MERGED","true","true","true","true","1","","false","OPERABLE_UNVERIFIED","NONE","","project/apps/api/src/main.ts:22 | project/apps/api/src/modules/legal-time-shadow/legal-time-shadow.controller.ts:21 | project/apps/api/src/modules/legal-time-shadow/legal-time-shadow.module.ts:LegalTimeShadowModule.controllers","ADD_REPRESENTATIVE_L6_VERIFICATION"
"HTTP-32D0D9662BE0","UYAP CONNECTOR","TebligatController.findByCaseDebtorId — GET /api/tebligat/case-debtor/:caseDebtorId","IMPLEMENTED | MERGED","true","true","true","true","1","","false","OPERABLE_UNVERIFIED","NONE","","project/apps/api/src/main.ts:22 | project/apps/api/src/modules/tebligat/tebligat.controller.ts:74 | project/apps/api/src/modules/tebligat/tebligat.module.ts:TebligatModule.controllers","ADD_REPRESENTATIVE_L6_VERIFICATION"
"HTTP-32E7720BF70D","DEBTOR / BORÇLU","DebtorController.getStatistics — GET /api/debtors/statistics","IMPLEMENTED | MERGED","true","true","true","true","1","","false","OPERABLE_UNVERIFIED","NONE","","project/apps/api/src/main.ts:22 | project/apps/api/src/modules/debtor/debtor.controller.ts:157 | project/apps/api/src/modules/debtor/debtor.module.ts:DebtorModule.controllers","ADD_REPRESENTATIVE_L6_VERIFICATION"
"HTTP-33F9914035C7","SHARED PLATFORM / INFRASTRUCTURE","OcrController.FileInterceptor — POST /api/ocr/scan-debt-document","IMPLEMENTED | MERGED","true","true","true","true","1","","false","OPERABLE_UNVERIFIED","NONE","","project/apps/api/src/main.ts:22 | project/apps/api/src/modules/ocr/ocr.controller.ts:268 | project/apps/api/src/modules/ocr/ocr.module.ts:OcrModule.controllers","ADD_REPRESENTATIVE_L6_VERIFICATION"
"HTTP-34FB31E871E6","OFFICE / AVUKAT-PERSONEL","OfficeController.getPoaExpirySettings — GET /api/office/poa-expiry-settings","IMPLEMENTED | MERGED","true","true","true","true","1","","false","OPERABLE_UNVERIFIED","NONE","","project/apps/api/src/main.ts:22 | project/apps/api/src/modules/office/office.controller.ts:214 | project/apps/api/src/modules/office/office.module.ts:OfficeModule.controllers","ADD_REPRESENTATIVE_L6_VERIFICATION"
"HTTP-355724139284","RECEIVABLE / ALACAK","ClaimEngineController.generateClaimItems — POST /api/claim-engine/generate-items","IMPLEMENTED","true","true","true","true","1","","false","OPERABLE_UNVERIFIED","NONE","","project/apps/api/src/main.ts:22 | project/apps/api/src/modules/claim-engine/claim-engine.controller.ts:78 | project/apps/api/src/modules/claim-engine/claim-engine.module.ts:ClaimEngineModule.controllers","ADD_REPRESENTATIVE_L6_VERIFICATION"
"HTTP-356DCBC89A22","CLIENT / MÜVEKKİL","ClientIntakePublicController.submit — POST /api/public/intake/:token","MERGED","true","true","true","true","1","","false","OPERABLE_UNVERIFIED","NONE","","project/apps/api/src/main.ts:22 | project/apps/api/src/modules/client-intake-public/client-intake-public.controller.ts:27 | project/apps/api/src/modules/client-intake-public/client-intake-public.module.ts:ClientIntakePublicModule.controllers","ADD_REPRESENTATIVE_L6_VERIFICATION"
"HTTP-3572C7DCA8C6","DEBTOR / BORÇLU","AddressDiscoveryController.getSuggestions — GET /api/address-discovery/research/:caseDebtorId/suggestions","IMPLEMENTED | MERGED","true","true","true","true","1","","false","OPERABLE_UNVERIFIED","NONE","","project/apps/api/src/main.ts:22 | project/apps/api/src/modules/address-discovery/address-discovery.controller.ts:277 | project/apps/api/src/modules/address-discovery/address-discovery.module.ts:AddressDiscoveryModule.controllers","ADD_REPRESENTATIVE_L6_VERIFICATION"
"HTTP-359DDDBE6296","SHARED PLATFORM / INFRASTRUCTURE","CaseController.getResponsibilityAt — GET /api/cases/:id/responsibility-at","CANONICAL | IMPLEMENTED | MERGED","true","true","true","true","1","","false","OPERABLE_UNVERIFIED","NONE","","project/apps/api/src/main.ts:22 | project/apps/api/src/modules/case/case.controller.ts:113 | project/apps/api/src/modules/case/case.module.ts:CaseModule.controllers","ADD_REPRESENTATIVE_L6_VERIFICATION"
"HTTP-361317062AFA","DEBTOR / BORÇLU","AddressDiscoveryController.getCrossFileAddresses — GET /api/address-discovery/cross-file/:debtorId/addresses","IMPLEMENTED | MERGED","true","true","true","true","1","","false","OPERABLE_UNVERIFIED","NONE","","project/apps/api/src/main.ts:22 | project/apps/api/src/modules/address-discovery/address-discovery.controller.ts:125 | project/apps/api/src/modules/address-discovery/address-discovery.module.ts:AddressDiscoveryModule.controllers","ADD_REPRESENTATIVE_L6_VERIFICATION"
"HTTP-36A8BE680362","DEBTOR / BORÇLU","AddressController.getNotificationChain — GET /api/debtors/:debtorId/notification-chain","IMPLEMENTED | MERGED","true","true","true","true","1","","false","OPERABLE_UNVERIFIED","NONE","","project/apps/api/src/main.ts:22 | project/apps/api/src/modules/debtor/address.controller.ts:207 | project/apps/api/src/modules/debtor/debtor.module.ts:DebtorModule.controllers","ADD_REPRESENTATIVE_L6_VERIFICATION"
"HTTP-370677CE21E9","SHARED PLATFORM / INFRASTRUCTURE","SchedulerController.runAll — POST /api/scheduler/run-all","IMPLEMENTED","true","true","true","true","1","","false","OPERABLE_UNVERIFIED","NONE","","project/apps/api/src/main.ts:22 | project/apps/api/src/modules/scheduler/scheduler.controller.ts:21 | project/apps/api/src/modules/scheduler/scheduler.module.ts:SchedulerModule.controllers","ADD_REPRESENTATIVE_L6_VERIFICATION"
"HTTP-370E3DFDB739","SHARED PLATFORM / INFRASTRUCTURE","ESignController.getHistory — GET /api/esign/history","IMPLEMENTED | MERGED","true","true","true","true","1","","false","OPERABLE_UNVERIFIED","NONE","","project/apps/api/src/main.ts:22 | project/apps/api/src/modules/esign/esign.controller.ts:64 | project/apps/api/src/modules/esign/esign.module.ts:ESignModule.controllers","ADD_REPRESENTATIVE_L6_VERIFICATION"
"HTTP-37224892BD92","UYAP CONNECTOR","UyapExportController.downloadBatch — POST /api/uyap-export/batch/download","IMPLEMENTED | MERGED","true","true","true","true","1","","false","OPERABLE_UNVERIFIED","NONE","","project/apps/api/src/main.ts:22 | project/apps/api/src/modules/uyap-export/uyap-export.controller.ts:94 | project/apps/api/src/modules/uyap-export/uyap-export.module.ts:UyapExportModule.controllers","ADD_REPRESENTATIVE_L6_VERIFICATION"
"HTTP-374140E88658","SHARED PLATFORM / INFRASTRUCTURE","PlaybookController.pausePlaybook — POST /api/calc/diagnostics/playbooks/:id/pause","IMPLEMENTED","true","false","false","false","0","","false","CODE_PRESENT_UNBOUND","P1","PlaybookController hiçbir production-reachable module controllers listesinde değil.","project/apps/api/src/main.ts:22 | project/apps/api/src/modules/calc-preview/diagnostics/playbook/playbook.controller.ts:207","OWNER_REVIEW_BIND_OR_DISPOSITION"
"HTTP-374D3B81EF63","SHARED PLATFORM / INFRASTRUCTURE","ExpenseRequestController.update — PUT /api/expense-requests/:id","IMPLEMENTED | MERGED","true","true","true","true","1","","false","OPERABLE_UNVERIFIED","NONE","","project/apps/api/src/main.ts:22 | project/apps/api/src/modules/expense-request/expense-request.controller.ts:84 | project/apps/api/src/modules/expense-request/expense-request.module.ts:ExpenseRequestModule.controllers","ADD_REPRESENTATIVE_L6_VERIFICATION"
"HTTP-376F4416E111","CLIENT / MÜVEKKİL","ClientApprovalController.cancel — POST /api/client-approvals/:id/cancel","MERGED","true","true","true","true","1","","false","OPERABLE_UNVERIFIED","NONE","","project/apps/api/src/main.ts:22 | project/apps/api/src/modules/client-approval/client-approval.controller.ts:57 | project/apps/api/src/modules/client-approval/client-approval.module.ts:ClientApprovalModule.controllers","ADD_REPRESENTATIVE_L6_VERIFICATION"
"HTTP-37A43525DB2B","CLIENT / MÜVEKKİL","PortalController.markAllAsRead — POST /api/portal/notifications/read-all","IMPLEMENTED | MERGED","true","true","","true","1","","false","UNKNOWN_REQUIRES_EVIDENCE","NONE","","project/apps/api/src/main.ts:22 | project/apps/api/src/modules/portal/portal.controller.ts:247 | project/apps/api/src/modules/portal/portal.module.ts:PortalModule.controllers","COLLECT_MISSING_EVIDENCE"
"HTTP-3804109D1585","UYAP CONNECTOR","UyapController.submitCivilLawsuit — POST /api/uyap/lawsuit/civil","IMPLEMENTED | MERGED","true","true","true","true","1","","false","OPERABLE_UNVERIFIED","NONE","","project/apps/api/src/main.ts:22 | project/apps/api/src/modules/uyap/uyap.controller.ts:259 | project/apps/api/src/modules/uyap/uyap.module.ts:UyapModule.controllers","ADD_REPRESENTATIVE_L6_VERIFICATION"
"HTTP-383426A6F34E","AUTH / TENANT / SECURITY","UserInviteController.create — POST /api/auth/invites","MERGED","true","true","","true","1","","false","UNKNOWN_REQUIRES_EVIDENCE","NONE","","project/apps/api/src/main.ts:22 | project/apps/api/src/modules/auth/auth.module.ts:AuthModule.controllers | project/apps/api/src/modules/auth/invite/user-invite.controller.ts:15","COLLECT_MISSING_EVIDENCE"
"HTTP-3854C186A0C1","SHARED PLATFORM / INFRASTRUCTURE","TaskController.delete — DELETE /api/tasks/:id","IMPLEMENTED | MERGED","true","true","true","true","1","","false","OPERABLE_UNVERIFIED","NONE","","project/apps/api/src/main.ts:22 | project/apps/api/src/modules/task/task.controller.ts:60 | project/apps/api/src/modules/task/task.module.ts:TaskModule.controllers","ADD_REPRESENTATIVE_L6_VERIFICATION"
"HTTP-38C7B855D4B6","SHARED PLATFORM / INFRASTRUCTURE","DocumentController.previewTemplate — POST /api/documents/templates/:code/preview","IMPLEMENTED | MERGED","true","true","true","true","1","","false","OPERABLE_UNVERIFIED","NONE","","project/apps/api/src/main.ts:22 | project/apps/api/src/modules/document/document.controller.ts:209 | project/apps/api/src/modules/document/document.module.ts:DocumentModule.controllers","ADD_REPRESENTATIVE_L6_VERIFICATION"
"HTTP-39CAF5324986","CLIENT / MÜVEKKİL","PortalController.FileInterceptor — POST /api/portal/documents/upload","IMPLEMENTED | MERGED","true","true","","true","1","","false","UNKNOWN_REQUIRES_EVIDENCE","NONE","","project/apps/api/src/main.ts:22 | project/apps/api/src/modules/portal/portal.controller.ts:269 | project/apps/api/src/modules/portal/portal.module.ts:PortalModule.controllers","COLLECT_MISSING_EVIDENCE"
"HTTP-39F7FC8A986A","OFFICE / AVUKAT-PERSONEL","StaffController.findAll — GET /api/staff","IMPLEMENTED | MERGED","true","true","true","true","1","","false","OPERABLE_UNVERIFIED","NONE","","project/apps/api/src/main.ts:22 | project/apps/api/src/modules/staff/staff.controller.ts:12 | project/apps/api/src/modules/staff/staff.module.ts:StaffModule.controllers","ADD_REPRESENTATIVE_L6_VERIFICATION"
"HTTP-3AA987926EBF","OFFICE / AVUKAT-PERSONEL","OfficeController.updateSmsSettings — PUT /api/office/sms-settings","IMPLEMENTED | MERGED","true","true","true","true","1","","false","OPERABLE_UNVERIFIED","NONE","","project/apps/api/src/main.ts:22 | project/apps/api/src/modules/office/office.controller.ts:156 | project/apps/api/src/modules/office/office.module.ts:OfficeModule.controllers","ADD_REPRESENTATIVE_L6_VERIFICATION"
"HTTP-3B36E646DBDE","CLIENT / MÜVEKKİL","PortalController.getClientMessages — GET /api/portal/admin/messages/:clientId","IMPLEMENTED | MERGED","true","true","","true","1","","false","UNKNOWN_REQUIRES_EVIDENCE","NONE","","project/apps/api/src/main.ts:22 | project/apps/api/src/modules/portal/portal.controller.ts:448 | project/apps/api/src/modules/portal/portal.module.ts:PortalModule.controllers","COLLECT_MISSING_EVIDENCE"
"HTTP-3BBB4F650B92","SHARED PLATFORM / INFRASTRUCTURE","DiagnosticsController.getTraceDetail — GET /api/calc/diagnostics/traces/:traceId","IMPLEMENTED","true","true","true","true","1","","false","OPERABLE_UNVERIFIED","NONE","","project/apps/api/src/main.ts:22 | project/apps/api/src/modules/calc-preview/diagnostics/diagnostics.controller.ts:221 | project/apps/api/src/modules/calc-preview/diagnostics/diagnostics.module.ts:DiagnosticsModule.controllers","ADD_REPRESENTATIVE_L6_VERIFICATION"
"HTTP-3C19D0667F6C","COLLECTION / TAHSİLAT","PaymentInstructionController.getPaymentPurposes — GET /api/payment-instructions/purposes","IMPLEMENTED","true","true","true","true","1","","false","OPERABLE_UNVERIFIED","NONE","","project/apps/api/src/main.ts:22 | project/apps/api/src/modules/payment-instruction/payment-instruction.controller.ts:94 | project/apps/api/src/modules/payment-instruction/payment-instruction.module.ts:PaymentInstructionModule.controllers","ADD_REPRESENTATIVE_L6_VERIFICATION"
"HTTP-3C38A7E76928","DEBTOR / BORÇLU","AddressDiscoveryController.getResearchStatus — GET /api/address-discovery/research/:caseDebtorId","IMPLEMENTED | MERGED","true","true","true","true","1","","false","OPERABLE_UNVERIFIED","NONE","","project/apps/api/src/main.ts:22 | project/apps/api/src/modules/address-discovery/address-discovery.controller.ts:249 | project/apps/api/src/modules/address-discovery/address-discovery.module.ts:AddressDiscoveryModule.controllers","ADD_REPRESENTATIVE_L6_VERIFICATION"
"HTTP-3C805F27EED3","SHARED PLATFORM / INFRASTRUCTURE","CalcPreviewController.getCircuitBreakerStatus — GET /api/calc/circuit-breaker/status","IMPLEMENTED","true","true","true","true","1","","false","OPERABLE_UNVERIFIED","NONE","","project/apps/api/src/main.ts:22 | project/apps/api/src/modules/calc-preview/calc-preview.controller.ts:259 | project/apps/api/src/modules/calc-preview/calc-preview.module.ts:CalcPreviewModule.controllers","ADD_REPRESENTATIVE_L6_VERIFICATION"
"HTTP-3CB01D028874","SHARED PLATFORM / INFRASTRUCTURE","CaseController.create — POST /api/cases","CANONICAL | IMPLEMENTED | MERGED","true","true","true","true","1","","false","OPERABLE_UNVERIFIED","NONE","","project/apps/api/src/main.ts:22 | project/apps/api/src/modules/case/case.controller.ts:229 | project/apps/api/src/modules/case/case.module.ts:CaseModule.controllers","ADD_REPRESENTATIVE_L6_VERIFICATION"
"HTTP-3D153D170235","UYAP CONNECTOR","UyapController.importXml — POST /api/uyap/xml/import","IMPLEMENTED | MERGED","true","true","true","true","1","","false","OPERABLE_UNVERIFIED","NONE","","project/apps/api/src/main.ts:22 | project/apps/api/src/modules/uyap/uyap.controller.ts:432 | project/apps/api/src/modules/uyap/uyap.module.ts:UyapModule.controllers","ADD_REPRESENTATIVE_L6_VERIFICATION"
"HTTP-3D38059690B4","DEBTOR / BORÇLU","AddressController.recordTK21_2 — POST /api/addresses/:addressId/tk21-2","IMPLEMENTED | MERGED","true","true","true","true","1","","false","OPERABLE_UNVERIFIED","NONE","","project/apps/api/src/main.ts:22 | project/apps/api/src/modules/debtor/address.controller.ts:105 | project/apps/api/src/modules/debtor/debtor.module.ts:DebtorModule.controllers","ADD_REPRESENTATIVE_L6_VERIFICATION"
"HTTP-3D726FE70463","OFFICE / AVUKAT-PERSONEL","OfficeController.getOffice — GET /api/office","IMPLEMENTED | MERGED","true","true","true","true","1","","false","OPERABLE_UNVERIFIED","NONE","","project/apps/api/src/main.ts:22 | project/apps/api/src/modules/office/office.controller.ts:40 | project/apps/api/src/modules/office/office.module.ts:OfficeModule.controllers","ADD_REPRESENTATIVE_L6_VERIFICATION"
"HTTP-3EED228575CC","UYAP CONNECTOR","UyapExportController.exportSingle — POST /api/uyap-export/single","IMPLEMENTED | MERGED","true","true","true","true","1","","false","OPERABLE_UNVERIFIED","NONE","","project/apps/api/src/main.ts:22 | project/apps/api/src/modules/uyap-export/uyap-export.controller.ts:33 | project/apps/api/src/modules/uyap-export/uyap-export.module.ts:UyapExportModule.controllers","ADD_REPRESENTATIVE_L6_VERIFICATION"
"HTTP-3EF96F15603E","DEBTOR / BORÇLU","DebtorController.addAddress — POST /api/debtors/:id/addresses","IMPLEMENTED | MERGED","true","true","true","true","1","","false","OPERABLE_UNVERIFIED","NONE","","project/apps/api/src/main.ts:22 | project/apps/api/src/modules/debtor/debtor.controller.ts:281 | project/apps/api/src/modules/debtor/debtor.module.ts:DebtorModule.controllers","ADD_REPRESENTATIVE_L6_VERIFICATION"
"HTTP-3F21F061B017","SHARED PLATFORM / INFRASTRUCTURE","ExpenseRequestController.getExpenseDetails — GET /api/expense-requests/case/:caseId/details","IMPLEMENTED | MERGED","true","true","true","true","1","","false","OPERABLE_UNVERIFIED","NONE","","project/apps/api/src/main.ts:22 | project/apps/api/src/modules/expense-request/expense-request.controller.ts:224 | project/apps/api/src/modules/expense-request/expense-request.module.ts:ExpenseRequestModule.controllers","ADD_REPRESENTATIVE_L6_VERIFICATION"
"HTTP-3F3BCA2293F5","SHARED PLATFORM / INFRASTRUCTURE","CrossTenantAccessController.getSnapshot — GET /api/api/v1/internal-ops/cross-tenant/:tenantId/snapshots/:snapshotId","IMPLEMENTED","true","false","false","false","0","","false","CODE_PRESENT_UNBOUND","P1","CrossTenantAccessController hiçbir production-reachable module controllers listesinde değil.","project/apps/api/src/main.ts:22 | project/apps/api/src/modules/calc-preview/break-glass/controllers/cross-tenant-access.controller.ts:236","OWNER_REVIEW_BIND_OR_DISPOSITION"
"HTTP-3F5457860C4F","SHARED PLATFORM / INFRASTRUCTURE","ManifestAdminController.retryManifest — POST /api/admin/manifest/bundles/:bundleId/retry","IMPLEMENTED","true","false","false","false","0","","false","CODE_PRESENT_UNBOUND","P1","ManifestAdminController hiçbir production-reachable module controllers listesinde değil.","project/apps/api/src/main.ts:22 | project/apps/api/src/modules/calc-preview/diagnostics/object-store/manifest-retry/manifest-admin.controller.ts:107","OWNER_REVIEW_BIND_OR_DISPOSITION"
"HTTP-3F8418FF3980","OFFICE / AVUKAT-PERSONEL","OfficeApprovalController.inbox — GET /api/office-approvals/inbox","MERGED","true","true","true","true","1","","false","OPERABLE_UNVERIFIED","NONE","","project/apps/api/src/main.ts:22 | project/apps/api/src/modules/office-approval/office-approval.controller.ts:53 | project/apps/api/src/modules/office-approval/office-approval.module.ts:OfficeApprovalModule.controllers","ADD_REPRESENTATIVE_L6_VERIFICATION"
"HTTP-4071C2FD8C6C","SHARED PLATFORM / INFRASTRUCTURE","ErrorLogController.getStats — GET /api/error-logs/stats","IMPLEMENTED | MERGED","true","true","true","true","1","","false","OPERABLE_UNVERIFIED","NONE","","project/apps/api/src/main.ts:22 | project/apps/api/src/modules/error-log/error-log.controller.ts:31 | project/apps/api/src/modules/error-log/error-log.module.ts:ErrorLogModule.controllers","ADD_REPRESENTATIVE_L6_VERIFICATION"
"HTTP-407C4A12805E","DEBTOR / BORÇLU","AddressTaskController.getOverdueTasks — GET /api/address-tasks/overdue","IMPLEMENTED | MERGED","true","true","true","true","1","","false","OPERABLE_UNVERIFIED","NONE","","project/apps/api/src/main.ts:22 | project/apps/api/src/modules/address-task/address-task.controller.ts:115 | project/apps/api/src/modules/address-task/address-task.module.ts:AddressTaskModule.controllers","ADD_REPRESENTATIVE_L6_VERIFICATION"
"HTTP-40C4C4BA41AF","AUTH / TENANT / SECURITY","PermissionDiagnosticsController.getDiagnostics — GET /api/permission-diagnostics","MERGED","true","true","true","true","1","","false","OPERABLE_UNVERIFIED","NONE","","project/apps/api/src/main.ts:22 | project/apps/api/src/modules/permission-diagnostics/permission-diagnostics.controller.ts:22 | project/apps/api/src/modules/permission-diagnostics/permission-diagnostics.module.ts:PermissionDiagnosticsModule.controllers","ADD_REPRESENTATIVE_L6_VERIFICATION"
"HTTP-40CFF3291113","SHARED PLATFORM / INFRASTRUCTURE","TariffController.getActiveTariff — GET /api/tariffs/active","IMPLEMENTED","true","true","true","true","1","","false","OPERABLE_UNVERIFIED","NONE","","project/apps/api/src/main.ts:22 | project/apps/api/src/modules/tariff/tariff.controller.ts:22 | project/apps/api/src/modules/tariff/tariff.module.ts:TariffModule.controllers","ADD_REPRESENTATIVE_L6_VERIFICATION"
"HTTP-417AB1B60A4A","UYAP CONNECTOR","BundleController.getBundles — GET /api/icrabot/bundles","IMPLEMENTED","true","true","true","true","1","","false","OPERABLE_UNVERIFIED","NONE","","project/apps/api/src/main.ts:22 | project/apps/api/src/modules/icrabot/bundle/bundle.controller.ts:39 | project/apps/api/src/modules/icrabot/icrabot.module.ts:IcrabotModule.controllers","ADD_REPRESENTATIVE_L6_VERIFICATION"
"HTTP-418057280BFD","RECEIVABLE / ALACAK","ClaimEngineController.getInterestRate — GET /api/claim-engine/interest-rate","IMPLEMENTED","true","true","true","true","1","","false","OPERABLE_UNVERIFIED","NONE","","project/apps/api/src/main.ts:22 | project/apps/api/src/modules/claim-engine/claim-engine.controller.ts:88 | project/apps/api/src/modules/claim-engine/claim-engine.module.ts:ClaimEngineModule.controllers","ADD_REPRESENTATIVE_L6_VERIFICATION"
"HTTP-41AEEFC52D05","OFFICE / AVUKAT-PERSONEL","OfficeController.updateGreetingSettings — PUT /api/office/greeting-settings","IMPLEMENTED | MERGED","true","true","true","true","1","","false","OPERABLE_UNVERIFIED","NONE","","project/apps/api/src/main.ts:22 | project/apps/api/src/modules/office/office.controller.ts:180 | project/apps/api/src/modules/office/office.module.ts:OfficeModule.controllers","ADD_REPRESENTATIVE_L6_VERIFICATION"
"HTTP-42082148E449","SHARED PLATFORM / INFRASTRUCTURE","GroupController.findOne — GET /api/groups/:id","IMPLEMENTED","true","true","true","true","1","","false","OPERABLE_UNVERIFIED","NONE","","project/apps/api/src/main.ts:22 | project/apps/api/src/modules/group/group.controller.ts:22 | project/apps/api/src/modules/group/group.module.ts:GroupModule.controllers","ADD_REPRESENTATIVE_L6_VERIFICATION"
"HTTP-426C2EE47F82","UYAP CONNECTOR","IcrabotController.getAvailableTransitions — GET /api/icrabot/cases/:caseId/transitions","IMPLEMENTED | MERGED","true","true","true","true","1","","false","OPERABLE_UNVERIFIED","NONE","","project/apps/api/src/main.ts:22 | project/apps/api/src/modules/icrabot/icrabot.controller.ts:223 | project/apps/api/src/modules/icrabot/icrabot.module.ts:IcrabotModule.controllers","ADD_REPRESENTATIVE_L6_VERIFICATION"
"HTTP-4276E389E2F6","SHARED PLATFORM / INFRASTRUCTURE","EvidenceBundleController.exportBundle — POST /api/incidents/:id/runs/:runId/export-bundle","IMPLEMENTED","true","true","true","true","1","","false","OPERABLE_UNVERIFIED","NONE","","project/apps/api/src/main.ts:22 | project/apps/api/src/modules/calc-preview/diagnostics/simulation-api/evidence-bundle.controller.ts:143 | project/apps/api/src/modules/calc-preview/diagnostics/simulation-api/simulation-api.module.ts:SimulationApiModule.controllers","ADD_REPRESENTATIVE_L6_VERIFICATION"
"HTTP-427E56BFFFAC","UYAP CONNECTOR","CaseHealthController.getCaseHealth — GET /api/icrabot/case-health/:caseId","IMPLEMENTED","true","true","true","true","1","","false","OPERABLE_UNVERIFIED","NONE","","project/apps/api/src/main.ts:22 | project/apps/api/src/modules/icrabot/health/health.controller.ts:27 | project/apps/api/src/modules/icrabot/icrabot.module.ts:IcrabotModule.controllers","ADD_REPRESENTATIVE_L6_VERIFICATION"
"HTTP-42A05EA9EC29","SHARED PLATFORM / INFRASTRUCTURE","FormTypeController.getCategories — GET /api/form-types/categories","IMPLEMENTED","true","true","true","true","1","","false","OPERABLE_UNVERIFIED","NONE","","project/apps/api/src/main.ts:22 | project/apps/api/src/modules/form-type/form-type.controller.ts:17 | project/apps/api/src/modules/form-type/form-type.module.ts:FormTypeModule.controllers","ADD_REPRESENTATIVE_L6_VERIFICATION"
"HTTP-4300C3CBB444","RECEIVABLE / ALACAK","FeeEngineController.getPostageTypes — GET /api/fee-engine/postage-types","IMPLEMENTED","true","true","true","true","1","","false","OPERABLE_UNVERIFIED","NONE","","project/apps/api/src/main.ts:22 | project/apps/api/src/modules/fee-engine/fee-engine.controller.ts:204 | project/apps/api/src/modules/fee-engine/fee-engine.module.ts:FeeEngineModule.controllers","ADD_REPRESENTATIVE_L6_VERIFICATION"
"HTTP-4386FB1698EC","DEBTOR / BORÇLU","DebtorController.deleteAddress — DELETE /api/debtors/:id/addresses/:addressId","IMPLEMENTED | MERGED","true","true","true","true","1","","false","OPERABLE_UNVERIFIED","NONE","","project/apps/api/src/main.ts:22 | project/apps/api/src/modules/debtor/debtor.controller.ts:316 | project/apps/api/src/modules/debtor/debtor.module.ts:DebtorModule.controllers","ADD_REPRESENTATIVE_L6_VERIFICATION"
"HTTP-43BC427861B5","SHARED PLATFORM / INFRASTRUCTURE","ExecutionOfficeController.findAll — GET /api/execution-offices","IMPLEMENTED","true","true","true","true","1","","false","OPERABLE_UNVERIFIED","NONE","","project/apps/api/src/main.ts:22 | project/apps/api/src/modules/execution-office/execution-office.controller.ts:11 | project/apps/api/src/modules/execution-office/execution-office.module.ts:ExecutionOfficeModule.controllers","ADD_REPRESENTATIVE_L6_VERIFICATION"
"HTTP-4428A6634CDC","UYAP CONNECTOR","AdminController.getCaseTimeline — GET /api/icrabot/admin/audit/:caseId/timeline","IMPLEMENTED","true","true","true","true","1","","false","OPERABLE_UNVERIFIED","NONE","","project/apps/api/src/main.ts:22 | project/apps/api/src/modules/icrabot/admin/admin.controller.ts:245 | project/apps/api/src/modules/icrabot/icrabot.module.ts:IcrabotModule.controllers","ADD_REPRESENTATIVE_L6_VERIFICATION"
"HTTP-4465D76A09FF","UYAP CONNECTOR","AdminController.retryJob — POST /api/icrabot/admin/jobs/:id/retry","IMPLEMENTED","true","true","true","true","1","","false","OPERABLE_UNVERIFIED","NONE","","project/apps/api/src/main.ts:22 | project/apps/api/src/modules/icrabot/admin/admin.controller.ts:190 | project/apps/api/src/modules/icrabot/icrabot.module.ts:IcrabotModule.controllers","ADD_REPRESENTATIVE_L6_VERIFICATION"
"HTTP-44B42071C988","UYAP CONNECTOR","RecorderController.getRecordings — GET /api/icrabot/recorder/recordings","IMPLEMENTED","true","true","true","true","1","","false","OPERABLE_UNVERIFIED","NONE","","project/apps/api/src/main.ts:22 | project/apps/api/src/modules/icrabot/icrabot.module.ts:IcrabotModule.controllers | project/apps/api/src/modules/icrabot/recorder/recorder.controller.ts:156","ADD_REPRESENTATIVE_L6_VERIFICATION"
"HTTP-44D27A0309BD","SHARED PLATFORM / INFRASTRUCTURE","NotificationController.findPending — GET /api/notifications/pending","IMPLEMENTED | MERGED","true","true","true","true","1","","false","OPERABLE_UNVERIFIED","NONE","","project/apps/api/src/main.ts:22 | project/apps/api/src/modules/notification/notification.controller.ts:112 | project/apps/api/src/modules/notification/notification.module.ts:NotificationModule.controllers","ADD_REPRESENTATIVE_L6_VERIFICATION"
"HTTP-4512E899B274","UYAP CONNECTOR","OpsController.pauseRecipe — POST /api/icrabot/ops/pause-recipe","IMPLEMENTED","true","true","true","true","1","","false","OPERABLE_UNVERIFIED","NONE","","project/apps/api/src/main.ts:22 | project/apps/api/src/modules/icrabot/icrabot.module.ts:IcrabotModule.controllers | project/apps/api/src/modules/icrabot/ops/ops.controller.ts:122","ADD_REPRESENTATIVE_L6_VERIFICATION"
"HTTP-45647D7C168E","DEBTOR / BORÇLU","CommunicationController.getTemplates — GET /api/communication-templates","IMPLEMENTED","true","true","true","true","1","","false","OPERABLE_UNVERIFIED","NONE","","project/apps/api/src/main.ts:22 | project/apps/api/src/modules/debtor/communication.controller.ts:70 | project/apps/api/src/modules/debtor/debtor.module.ts:DebtorModule.controllers","ADD_REPRESENTATIVE_L6_VERIFICATION"
"HTTP-45BB26EC1436","UYAP CONNECTOR","UyapExportController.exportBatch — POST /api/uyap-export/batch","IMPLEMENTED | MERGED","true","true","true","true","1","","false","OPERABLE_UNVERIFIED","NONE","","project/apps/api/src/main.ts:22 | project/apps/api/src/modules/uyap-export/uyap-export.controller.ts:77 | project/apps/api/src/modules/uyap-export/uyap-export.module.ts:UyapExportModule.controllers","ADD_REPRESENTATIVE_L6_VERIFICATION"
"HTTP-460E9A63BAC8","SHARED PLATFORM / INFRASTRUCTURE","NotificationController.getCollectionTemplates — POST /api/notifications/collection-templates","IMPLEMENTED | MERGED","true","true","true","true","1","","false","OPERABLE_UNVERIFIED","NONE","","project/apps/api/src/main.ts:22 | project/apps/api/src/modules/notification/notification.controller.ts:135 | project/apps/api/src/modules/notification/notification.module.ts:NotificationModule.controllers","ADD_REPRESENTATIVE_L6_VERIFICATION"
"HTTP-465B3A249F6E","SHARED PLATFORM / INFRASTRUCTURE","PolicyEngineController.getDecision — GET /api/policy-engine/decisions/:decisionId","IMPLEMENTED | MERGED","true","true","true","true","1","","false","OPERABLE_UNVERIFIED","NONE","","project/apps/api/src/main.ts:22 | project/apps/api/src/modules/policy-engine/policy-engine.controller.ts:258 | project/apps/api/src/modules/policy-engine/policy-engine.module.ts:PolicyEngineModule.controllers","ADD_REPRESENTATIVE_L6_VERIFICATION"
"HTTP-4692E1090EB2","UYAP CONNECTOR","TebligatController.findById — GET /api/tebligat/:id","IMPLEMENTED | MERGED","true","true","true","true","1","","false","OPERABLE_UNVERIFIED","NONE","","project/apps/api/src/main.ts:22 | project/apps/api/src/modules/tebligat/tebligat.controller.ts:50 | project/apps/api/src/modules/tebligat/tebligat.module.ts:TebligatModule.controllers","ADD_REPRESENTATIVE_L6_VERIFICATION"
"HTTP-46D306871787","SHARED PLATFORM / INFRASTRUCTURE","SimulationV1AliasController.simulate — POST /api/v1/incidents/:id/simulations","IMPLEMENTED","true","true","true","true","1","","false","OPERABLE_UNVERIFIED","NONE","","project/apps/api/src/main.ts:22 | project/apps/api/src/modules/calc-preview/diagnostics/simulation-api/simulation-api.module.ts:SimulationApiModule.controllers | project/apps/api/src/modules/calc-preview/diagnostics/simulation-api/simulation-v1-alias.controller.ts:78","ADD_REPRESENTATIVE_L6_VERIFICATION"
"HTTP-46ED0DA14FAB","COLLECTION / TAHSİLAT","CollectionController.calculateCover — GET /api/collections/cover/:caseId","CANONICAL | IMPLEMENTED | MERGED","true","true","true","true","1","","false","OPERABLE_UNVERIFIED","NONE","","project/apps/api/src/main.ts:22 | project/apps/api/src/modules/collection/collection.controller.ts:134 | project/apps/api/src/modules/collection/collection.module.ts:CollectionModule.controllers","ADD_REPRESENTATIVE_L6_VERIFICATION"
"HTTP-472B5DBFAA0B","DEBTOR / BORÇLU","AddressDiscoveryController.markClientInfoRequestAsResponded — PUT /api/address-discovery/client-info-request/:id/respond","IMPLEMENTED | MERGED","true","true","true","true","1","","false","OPERABLE_UNVERIFIED","NONE","","project/apps/api/src/main.ts:22 | project/apps/api/src/modules/address-discovery/address-discovery.controller.ts:74 | project/apps/api/src/modules/address-discovery/address-discovery.module.ts:AddressDiscoveryModule.controllers","ADD_REPRESENTATIVE_L6_VERIFICATION"
"HTTP-4742A538702E","CLIENT / MÜVEKKİL","ClientController.lifecycleEligibility — GET /api/clients/lifecycle-eligibility","IMPLEMENTED | MERGED","true","true","true","true","1","","false","OPERABLE_UNVERIFIED","NONE","","project/apps/api/src/main.ts:22 | project/apps/api/src/modules/client/client.controller.ts:227 | project/apps/api/src/modules/client/client.module.ts:ClientModule.controllers","ADD_REPRESENTATIVE_L6_VERIFICATION"
"HTTP-478C38DE9FEF","SHARED PLATFORM / INFRASTRUCTURE","TemplateEngineController.downloadXmlFromCase — GET /api/template-engine/case/:caseId/xml","IMPLEMENTED | MERGED","true","true","true","true","1","","false","OPERABLE_UNVERIFIED","NONE","","project/apps/api/src/main.ts:22 | project/apps/api/src/modules/template-engine/template-engine.controller.ts:537 | project/apps/api/src/modules/template-engine/template-engine.module.ts:TemplateEngineModule.controllers","ADD_REPRESENTATIVE_L6_VERIFICATION"
"HTTP-4799C0B6BFB8","CLIENT / MÜVEKKİL","ClientController.create — POST /api/clients","IMPLEMENTED | MERGED","true","true","true","true","1","","false","OPERABLE_UNVERIFIED","NONE","","project/apps/api/src/main.ts:22 | project/apps/api/src/modules/client/client.controller.ts:244 | project/apps/api/src/modules/client/client.module.ts:ClientModule.controllers","ADD_REPRESENTATIVE_L6_VERIFICATION"
"HTTP-484E9E8B02F2","SHARED PLATFORM / INFRASTRUCTURE","PoaController.downloadFile — GET /api/poa/:id/download","IMPLEMENTED | MERGED","true","true","true","true","1","","false","OPERABLE_UNVERIFIED","NONE","","project/apps/api/src/main.ts:22 | project/apps/api/src/modules/poa/poa.controller.ts:166 | project/apps/api/src/modules/poa/poa.module.ts:PoaModule.controllers","ADD_REPRESENTATIVE_L6_VERIFICATION"
"HTTP-487EDD0EB75F","OFFICE / AVUKAT-PERSONEL","StaffController.update — PUT /api/staff/:id","IMPLEMENTED | MERGED","true","true","true","true","1","","false","OPERABLE_UNVERIFIED","NONE","","project/apps/api/src/main.ts:22 | project/apps/api/src/modules/staff/staff.controller.ts:48 | project/apps/api/src/modules/staff/staff.module.ts:StaffModule.controllers","ADD_REPRESENTATIVE_L6_VERIFICATION"
"HTTP-490779C1B67A","SHARED PLATFORM / INFRASTRUCTURE","PolicyEngineController.getDecisionHistory — GET /api/policy-engine/cases/:caseId/decision-history","IMPLEMENTED | MERGED","true","true","true","true","1","","false","OPERABLE_UNVERIFIED","NONE","","project/apps/api/src/main.ts:22 | project/apps/api/src/modules/policy-engine/policy-engine.controller.ts:221 | project/apps/api/src/modules/policy-engine/policy-engine.module.ts:PolicyEngineModule.controllers","ADD_REPRESENTATIVE_L6_VERIFICATION"
"HTTP-49A7EC128FC7","DEBTOR / BORÇLU","AddressTaskController.getAllTasksForCase — GET /api/address-tasks/case/:caseId/all","IMPLEMENTED | MERGED","true","true","true","true","1","","false","OPERABLE_UNVERIFIED","NONE","","project/apps/api/src/main.ts:22 | project/apps/api/src/modules/address-task/address-task.controller.ts:75 | project/apps/api/src/modules/address-task/address-task.module.ts:AddressTaskModule.controllers","ADD_REPRESENTATIVE_L6_VERIFICATION"
"HTTP-4A18337403E6","UYAP CONNECTOR","AdminController.approveLockOverride — POST /api/icrabot/admin/locks/requests/:requestId/approve","IMPLEMENTED","true","true","true","true","1","","false","OPERABLE_UNVERIFIED","NONE","","project/apps/api/src/main.ts:22 | project/apps/api/src/modules/icrabot/admin/admin.controller.ts:140 | project/apps/api/src/modules/icrabot/icrabot.module.ts:IcrabotModule.controllers","ADD_REPRESENTATIVE_L6_VERIFICATION"
"HTTP-4A5B161DC542","SHARED PLATFORM / INFRASTRUCTURE","CalcPreviewController.getRecentTraces — GET /api/calc/trace/recent","IMPLEMENTED","true","true","true","true","1","","false","OPERABLE_UNVERIFIED","NONE","","project/apps/api/src/main.ts:22 | project/apps/api/src/modules/calc-preview/calc-preview.controller.ts:461 | project/apps/api/src/modules/calc-preview/calc-preview.module.ts:CalcPreviewModule.controllers","ADD_REPRESENTATIVE_L6_VERIFICATION"
"HTTP-4A8181B25A52","SHARED PLATFORM / INFRASTRUCTURE","TariffController.getTariff — GET /api/tariffs/:year","IMPLEMENTED","true","true","true","true","1","","false","OPERABLE_UNVERIFIED","NONE","","project/apps/api/src/main.ts:22 | project/apps/api/src/modules/tariff/tariff.controller.ts:32 | project/apps/api/src/modules/tariff/tariff.module.ts:TariffModule.controllers","ADD_REPRESENTATIVE_L6_VERIFICATION"
"HTTP-4AE8AC125150","AUTH / TENANT / SECURITY","AuditController.getLogs — GET /api/audit/logs","IMPLEMENTED","true","true","true","true","1","","false","OPERABLE_UNVERIFIED","NONE","","project/apps/api/src/main.ts:22 | project/apps/api/src/modules/audit/audit.controller.ts:10 | project/apps/api/src/modules/audit/audit.module.ts:AuditModule.controllers","ADD_REPRESENTATIVE_L6_VERIFICATION"
"HTTP-4AF07502A2E4","SHARED PLATFORM / INFRASTRUCTURE","ExportImportController.importClients — POST /api/export-import/clients/import","IMPLEMENTED | MERGED","true","true","true","true","1","","false","OPERABLE_UNVERIFIED","NONE","","project/apps/api/src/main.ts:22 | project/apps/api/src/modules/export-import/export-import.controller.ts:165 | project/apps/api/src/modules/export-import/export-import.module.ts:ExportImportModule.controllers","ADD_REPRESENTATIVE_L6_VERIFICATION"
"HTTP-4B68A80718B2","DEBTOR / BORÇLU","AddressTaskController.getTasksForDebtor — GET /api/address-tasks/debtor/:debtorId","IMPLEMENTED | MERGED","true","true","true","true","1","","false","OPERABLE_UNVERIFIED","NONE","","project/apps/api/src/main.ts:22 | project/apps/api/src/modules/address-task/address-task.controller.ts:101 | project/apps/api/src/modules/address-task/address-task.module.ts:AddressTaskModule.controllers","ADD_REPRESENTATIVE_L6_VERIFICATION"
"HTTP-4B6F002F6DA1","DEBTOR / BORÇLU","AssetQueryController.runQueries — POST /api/asset-queries/debtor/:caseDebtorId/run","IMPLEMENTED","true","true","true","true","1","","false","OPERABLE_UNVERIFIED","NONE","","project/apps/api/src/main.ts:22 | project/apps/api/src/modules/asset-query/asset-query.controller.ts:27 | project/apps/api/src/modules/asset-query/asset-query.module.ts:AssetQueryModule.controllers","ADD_REPRESENTATIVE_L6_VERIFICATION"
"HTTP-4B97D72898BF","SHARED PLATFORM / INFRASTRUCTURE","CaseInstrumentController.getTotalAmount — GET /api/case-instruments/case/:caseId/total","IMPLEMENTED | MERGED","true","true","true","true","1","","false","OPERABLE_UNVERIFIED","NONE","","project/apps/api/src/main.ts:22 | project/apps/api/src/modules/case-instrument/case-instrument.controller.ts:73 | project/apps/api/src/modules/case-instrument/case-instrument.module.ts:CaseInstrumentModule.controllers","ADD_REPRESENTATIVE_L6_VERIFICATION"
"HTTP-4BBD5DF510B2","SHARED PLATFORM / INFRASTRUCTURE","ExpenseRequestController.getGateSummary — GET /api/expense-requests/case/:caseId/gate-summary","IMPLEMENTED | MERGED","true","true","true","true","1","","false","OPERABLE_UNVERIFIED","NONE","","project/apps/api/src/main.ts:22 | project/apps/api/src/modules/expense-request/expense-request.controller.ts:258 | project/apps/api/src/modules/expense-request/expense-request.module.ts:ExpenseRequestModule.controllers","ADD_REPRESENTATIVE_L6_VERIFICATION"
"HTTP-4C0AE72EBF47","OFFICE / AVUKAT-PERSONEL","OfficeController.deleteBankAccount — DELETE /api/office/bank-accounts/:id","IMPLEMENTED | MERGED","true","true","true","true","1","","false","OPERABLE_UNVERIFIED","NONE","","project/apps/api/src/main.ts:22 | project/apps/api/src/modules/office/office.controller.ts:108 | project/apps/api/src/modules/office/office.module.ts:OfficeModule.controllers","ADD_REPRESENTATIVE_L6_VERIFICATION"
"HTTP-4CC1BD0BF898","SHARED PLATFORM / INFRASTRUCTURE","CaseController.addCaseStaff — POST /api/cases/:id/staff","CANONICAL | IMPLEMENTED | MERGED","true","true","true","true","1","","false","OPERABLE_UNVERIFIED","NONE","","project/apps/api/src/main.ts:22 | project/apps/api/src/modules/case/case.controller.ts:513 | project/apps/api/src/modules/case/case.module.ts:CaseModule.controllers","ADD_REPRESENTATIVE_L6_VERIFICATION"
"HTTP-4D36C62C0842","UYAP CONNECTOR","IcrabotController.cancelTask — POST /api/icrabot/tasks/:taskId/cancel","IMPLEMENTED | MERGED","true","true","true","true","1","","false","OPERABLE_UNVERIFIED","NONE","","project/apps/api/src/main.ts:22 | project/apps/api/src/modules/icrabot/icrabot.controller.ts:144 | project/apps/api/src/modules/icrabot/icrabot.module.ts:IcrabotModule.controllers","ADD_REPRESENTATIVE_L6_VERIFICATION"
"HTTP-4D372534885D","UYAP CONNECTOR","IcrabotController.syncSafahat — POST /api/icrabot/cases/:caseId/sync-safahat","IMPLEMENTED | MERGED","true","true","true","true","1","","false","OPERABLE_UNVERIFIED","NONE","","project/apps/api/src/main.ts:22 | project/apps/api/src/modules/icrabot/icrabot.controller.ts:196 | project/apps/api/src/modules/icrabot/icrabot.module.ts:IcrabotModule.controllers","ADD_REPRESENTATIVE_L6_VERIFICATION"
"HTTP-4DA6F33249C5","DEBTOR / BORÇLU","AddressDiscoveryController.getUyapQueriesForDebtor — GET /api/address-discovery/uyap-query/debtor/:caseDebtorId","IMPLEMENTED | MERGED","true","true","true","true","1","","false","OPERABLE_UNVERIFIED","NONE","","project/apps/api/src/main.ts:22 | project/apps/api/src/modules/address-discovery/address-discovery.controller.ts:350 | project/apps/api/src/modules/address-discovery/address-discovery.module.ts:AddressDiscoveryModule.controllers","ADD_REPRESENTATIVE_L6_VERIFICATION"
"HTTP-4DD3CAB9D4B9","SHARED PLATFORM / INFRASTRUCTURE","CalcPreviewController.getAllCircuitBreakerStatuses — GET /api/calc/circuit-breaker/all","IMPLEMENTED","true","true","true","true","1","","false","OPERABLE_UNVERIFIED","NONE","","project/apps/api/src/main.ts:22 | project/apps/api/src/modules/calc-preview/calc-preview.controller.ts:272 | project/apps/api/src/modules/calc-preview/calc-preview.module.ts:CalcPreviewModule.controllers","ADD_REPRESENTATIVE_L6_VERIFICATION"
"HTTP-4E1FC1E064EB","RECEIVABLE / ALACAK","InterestEngineController.getCaseBalanceDisplay — GET /api/interest-engine/case/:caseId/balance/display","IMPLEMENTED | MERGED","true","true","","true","1","","false","UNKNOWN_REQUIRES_EVIDENCE","NONE","","project/apps/api/src/main.ts:22 | project/apps/api/src/modules/interest-engine/interest-engine.controller.ts:149 | project/apps/api/src/modules/interest-engine/interest-engine.module.ts:InterestEngineModule.controllers","COLLECT_MISSING_EVIDENCE"
"HTTP-4E6CC6B235ED","SHARED PLATFORM / INFRASTRUCTURE","TemplateEngineController.downloadTakipTalebiPdf — POST /api/template-engine/takip-talebi/pdf","IMPLEMENTED | MERGED","true","true","true","true","1","","false","OPERABLE_UNVERIFIED","NONE","","project/apps/api/src/main.ts:22 | project/apps/api/src/modules/template-engine/template-engine.controller.ts:379 | project/apps/api/src/modules/template-engine/template-engine.module.ts:TemplateEngineModule.controllers","ADD_REPRESENTATIVE_L6_VERIFICATION"
"HTTP-4EC75194A8E2","COLLECTION / TAHSİLAT","CollectionController.checkCaseCompletion — GET /api/collections/check-completion/:caseId","CANONICAL | IMPLEMENTED | MERGED","true","true","true","true","1","","false","OPERABLE_UNVERIFIED","NONE","","project/apps/api/src/main.ts:22 | project/apps/api/src/modules/collection/collection.controller.ts:162 | project/apps/api/src/modules/collection/collection.module.ts:CollectionModule.controllers","ADD_REPRESENTATIVE_L6_VERIFICATION"
"HTTP-50F00DCF95EE","UYAP CONNECTOR","AdminController.enableRecipe — POST /api/icrabot/admin/recipes/:id/enable","IMPLEMENTED","true","true","true","true","1","","false","OPERABLE_UNVERIFIED","NONE","","project/apps/api/src/main.ts:22 | project/apps/api/src/modules/icrabot/admin/admin.controller.ts:54 | project/apps/api/src/modules/icrabot/icrabot.module.ts:IcrabotModule.controllers","ADD_REPRESENTATIVE_L6_VERIFICATION"
"HTTP-51070BADB52E","SHARED PLATFORM / INFRASTRUCTURE","SeedController.seedBankAccounts — POST /api/seed/bank-accounts","IMPLEMENTED","true","true","true","true","1","","false","OPERABLE_UNVERIFIED","NONE","","project/apps/api/src/main.ts:22 | project/apps/api/src/modules/icrabot/v28-engine/v28-engine.module.ts:V28EngineModule.controllers | project/apps/api/src/modules/seed/seed.controller.ts:82 | project/apps/api/src/modules/seed/seed.module.ts:SeedModule.controllers","ADD_REPRESENTATIVE_L6_VERIFICATION"
"HTTP-512B39B42D1E","SHARED PLATFORM / INFRASTRUCTURE","ManifestAdminController.resolveDlqEntry — POST /api/admin/manifest/dlq/:dlqId/resolve","IMPLEMENTED","true","false","false","false","0","","false","CODE_PRESENT_UNBOUND","P1","ManifestAdminController hiçbir production-reachable module controllers listesinde değil.","project/apps/api/src/main.ts:22 | project/apps/api/src/modules/calc-preview/diagnostics/object-store/manifest-retry/manifest-admin.controller.ts:614","OWNER_REVIEW_BIND_OR_DISPOSITION"
"HTTP-518002EAC032","SHARED PLATFORM / INFRASTRUCTURE","RelatedLawsuitsController.generateKarsiliksizCekSikayet — GET /api/related-lawsuits/generate/karsiliksiz-cek/:caseId","IMPLEMENTED | MERGED","true","true","true","true","1","","false","OPERABLE_UNVERIFIED","NONE","","project/apps/api/src/main.ts:22 | project/apps/api/src/modules/related-lawsuits/related-lawsuits.controller.ts:230 | project/apps/api/src/modules/related-lawsuits/related-lawsuits.module.ts:RelatedLawsuitsModule.controllers","ADD_REPRESENTATIVE_L6_VERIFICATION"
"HTTP-51CCF3DDA46D","CLIENT / MÜVEKKİL","ClientPayoutController.create — POST /api/client-payouts","MERGED","true","true","true","true","1","","false","OPERABLE_UNVERIFIED","NONE","","project/apps/api/src/main.ts:22 | project/apps/api/src/modules/client-settlement/client-payout.controller.ts:54 | project/apps/api/src/modules/client-settlement/client-settlement.module.ts:ClientSettlementModule.controllers","ADD_REPRESENTATIVE_L6_VERIFICATION"
"HTTP-520309338896","DEBTOR / BORÇLU","AddressController.getAddressStats — GET /api/addresses/:addressId/stats","IMPLEMENTED | MERGED","true","true","true","true","1","","false","OPERABLE_UNVERIFIED","NONE","","project/apps/api/src/main.ts:22 | project/apps/api/src/modules/debtor/address.controller.ts:183 | project/apps/api/src/modules/debtor/debtor.module.ts:DebtorModule.controllers","ADD_REPRESENTATIVE_L6_VERIFICATION"
"HTTP-521AE164B0F8","SHARED PLATFORM / INFRASTRUCTURE","TemplateEngineController.generateHacizTutanagi — POST /api/template-engine/haciz-tutanagi","IMPLEMENTED | MERGED","true","true","true","true","1","","false","OPERABLE_UNVERIFIED","NONE","","project/apps/api/src/main.ts:22 | project/apps/api/src/modules/template-engine/template-engine.controller.ts:367 | project/apps/api/src/modules/template-engine/template-engine.module.ts:TemplateEngineModule.controllers","ADD_REPRESENTATIVE_L6_VERIFICATION"
"HTTP-523762B33541","RECEIVABLE / ALACAK","InterestEngineController.getMetrics — GET /api/interest-engine/metrics","IMPLEMENTED | MERGED","true","true","","true","1","","false","UNKNOWN_REQUIRES_EVIDENCE","NONE","","project/apps/api/src/main.ts:22 | project/apps/api/src/modules/interest-engine/interest-engine.controller.ts:455 | project/apps/api/src/modules/interest-engine/interest-engine.module.ts:InterestEngineModule.controllers","COLLECT_MISSING_EVIDENCE"
"HTTP-5293ED4AD84F","SHARED PLATFORM / INFRASTRUCTURE","CalcPreviewController.getShadowStats — GET /api/calc/deprecation/shadow","IMPLEMENTED","true","true","true","true","1","","false","OPERABLE_UNVERIFIED","NONE","","project/apps/api/src/main.ts:22 | project/apps/api/src/modules/calc-preview/calc-preview.controller.ts:322 | project/apps/api/src/modules/calc-preview/calc-preview.module.ts:CalcPreviewModule.controllers","ADD_REPRESENTATIVE_L6_VERIFICATION"
"HTTP-52C1E4D78224","SHARED PLATFORM / INFRASTRUCTURE","CaseController.deleteCollection — DELETE /api/cases/:id/collections/:collectionId","CANONICAL | IMPLEMENTED | MERGED","true","true","true","true","1","","false","OPERABLE_UNVERIFIED","NONE","","project/apps/api/src/main.ts:22 | project/apps/api/src/modules/case/case.controller.ts:752 | project/apps/api/src/modules/case/case.module.ts:CaseModule.controllers","ADD_REPRESENTATIVE_L6_VERIFICATION"
"HTTP-533DEE5D97B0","SHARED PLATFORM / INFRASTRUCTURE","RelatedLawsuitsController.previewKarsiliksizCekSikayet — GET /api/related-lawsuits/generate/karsiliksiz-cek/:caseId/preview","IMPLEMENTED | MERGED","true","true","true","true","1","","false","OPERABLE_UNVERIFIED","NONE","","project/apps/api/src/main.ts:22 | project/apps/api/src/modules/related-lawsuits/related-lawsuits.controller.ts:247 | project/apps/api/src/modules/related-lawsuits/related-lawsuits.module.ts:RelatedLawsuitsModule.controllers","ADD_REPRESENTATIVE_L6_VERIFICATION"
"HTTP-53A0CC7205C5","RECEIVABLE / ALACAK","BalanceDisplayShadowDiffController.getShadowDiff — GET /api/interest-engine/case/:caseId/balance/display/shadow-diff","IMPLEMENTED","true","true","true","true","1","","false","OPERABLE_UNVERIFIED","NONE","","project/apps/api/src/main.ts:22 | project/apps/api/src/modules/balance-display-shadow-diff/balance-display-shadow-diff.controller.ts:23 | project/apps/api/src/modules/balance-display-shadow-diff/balance-display-shadow-diff.module.ts:BalanceDisplayShadowDiffModule.controllers","ADD_REPRESENTATIVE_L6_VERIFICATION"
"HTTP-53A144566D4B","SHARED PLATFORM / INFRASTRUCTURE","CalendarController.updateEvent — PUT /api/calendar/events/:id","IMPLEMENTED","true","true","true","true","1","","false","OPERABLE_UNVERIFIED","NONE","","project/apps/api/src/main.ts:22 | project/apps/api/src/modules/calendar/calendar.controller.ts:39 | project/apps/api/src/modules/calendar/calendar.module.ts:CalendarModule.controllers","ADD_REPRESENTATIVE_L6_VERIFICATION"
"HTTP-53EE16292002","CLIENT / MÜVEKKİL","ClientApprovalController.findOne — GET /api/client-approvals/:id","MERGED","true","true","true","true","1","","false","OPERABLE_UNVERIFIED","NONE","","project/apps/api/src/main.ts:22 | project/apps/api/src/modules/client-approval/client-approval.controller.ts:87 | project/apps/api/src/modules/client-approval/client-approval.module.ts:ClientApprovalModule.controllers","ADD_REPRESENTATIVE_L6_VERIFICATION"
"HTTP-540B211BF313","RECEIVABLE / ALACAK","ClaimItemController.update — PUT /api/claim-items/:id","CANONICAL | IMPLEMENTED | MERGED","true","true","true","true","1","","false","OPERABLE_UNVERIFIED","NONE","","project/apps/api/src/main.ts:22 | project/apps/api/src/modules/claim-item/claim-item.controller.ts:61 | project/apps/api/src/modules/claim-item/claim-item.module.ts:ClaimItemModule.controllers","ADD_REPRESENTATIVE_L6_VERIFICATION"
"HTTP-54278A6EA9B9","SHARED PLATFORM / INFRASTRUCTURE","LegalHoldController.archiveLegalHold — POST /api/legal-holds/:snapshotId/archive","IMPLEMENTED","true","true","true","true","1","","false","OPERABLE_UNVERIFIED","NONE","","project/apps/api/src/main.ts:22 | project/apps/api/src/modules/calc-preview/diagnostics/simulation-api/legal-hold.controller.ts:206 | project/apps/api/src/modules/calc-preview/diagnostics/simulation-api/simulation-api.module.ts:SimulationApiModule.controllers","ADD_REPRESENTATIVE_L6_VERIFICATION"
"HTTP-54498DF684BF","SHARED PLATFORM / INFRASTRUCTURE","RelatedLawsuitsController.checkAvailableLawsuits — POST /api/related-lawsuits/check-available","IMPLEMENTED | MERGED","true","true","true","true","1","","false","OPERABLE_UNVERIFIED","NONE","","project/apps/api/src/main.ts:22 | project/apps/api/src/modules/related-lawsuits/related-lawsuits.controller.ts:128 | project/apps/api/src/modules/related-lawsuits/related-lawsuits.module.ts:RelatedLawsuitsModule.controllers","ADD_REPRESENTATIVE_L6_VERIFICATION"
"HTTP-547B42FF75A1","DEBTOR / BORÇLU","AddressDiscoveryController.getClientInfoRequestsForCase — GET /api/address-discovery/client-info-request/case/:caseId","IMPLEMENTED | MERGED","true","true","true","true","1","","false","OPERABLE_UNVERIFIED","NONE","","project/apps/api/src/main.ts:22 | project/apps/api/src/modules/address-discovery/address-discovery.controller.ts:52 | project/apps/api/src/modules/address-discovery/address-discovery.module.ts:AddressDiscoveryModule.controllers","ADD_REPRESENTATIVE_L6_VERIFICATION"
"HTTP-54A9151F249A","DEBTOR / BORÇLU","AddressController.addRiskFlag — POST /api/addresses/:addressId/risk-flags","IMPLEMENTED | MERGED","true","true","true","true","1","","false","OPERABLE_UNVERIFIED","NONE","","project/apps/api/src/main.ts:22 | project/apps/api/src/modules/debtor/address.controller.ts:76 | project/apps/api/src/modules/debtor/debtor.module.ts:DebtorModule.controllers","ADD_REPRESENTATIVE_L6_VERIFICATION"
"HTTP-54C139F5CE52","SHARED PLATFORM / INFRASTRUCTURE","CaseController.addNote — POST /api/cases/:id/notes","CANONICAL | IMPLEMENTED | MERGED","true","true","true","true","1","","false","OPERABLE_UNVERIFIED","NONE","","project/apps/api/src/main.ts:22 | project/apps/api/src/modules/case/case.controller.ts:354 | project/apps/api/src/modules/case/case.module.ts:CaseModule.controllers","ADD_REPRESENTATIVE_L6_VERIFICATION"
"HTTP-54EDEBC4CEC2","SHARED PLATFORM / INFRASTRUCTURE","FormTypeController.findAll — GET /api/form-types","IMPLEMENTED","true","true","true","true","1","","false","OPERABLE_UNVERIFIED","NONE","","project/apps/api/src/main.ts:22 | project/apps/api/src/modules/form-type/form-type.controller.ts:9 | project/apps/api/src/modules/form-type/form-type.module.ts:FormTypeModule.controllers","ADD_REPRESENTATIVE_L6_VERIFICATION"
"HTTP-54F06A75CC0F","SHARED PLATFORM / INFRASTRUCTURE","PoaController.findOne — GET /api/poa/:id","IMPLEMENTED | MERGED","true","true","true","true","1","","false","OPERABLE_UNVERIFIED","NONE","","project/apps/api/src/main.ts:22 | project/apps/api/src/modules/poa/poa.controller.ts:84 | project/apps/api/src/modules/poa/poa.module.ts:PoaModule.controllers","ADD_REPRESENTATIVE_L6_VERIFICATION"
"HTTP-550DD14916AB","UYAP CONNECTOR","UyapController.validatePoa — GET /api/uyap/poa/validate","IMPLEMENTED | MERGED","true","true","true","true","1","","false","OPERABLE_UNVERIFIED","NONE","","project/apps/api/src/main.ts:22 | project/apps/api/src/modules/uyap/uyap.controller.ts:44 | project/apps/api/src/modules/uyap/uyap.module.ts:UyapModule.controllers","ADD_REPRESENTATIVE_L6_VERIFICATION"
"HTTP-552EE45CA34B","AUTH / TENANT / SECURITY","UserInviteController.list — GET /api/auth/invites","MERGED","true","true","","true","1","","false","UNKNOWN_REQUIRES_EVIDENCE","NONE","","project/apps/api/src/main.ts:22 | project/apps/api/src/modules/auth/auth.module.ts:AuthModule.controllers | project/apps/api/src/modules/auth/invite/user-invite.controller.ts:26","COLLECT_MISSING_EVIDENCE"
"HTTP-556040000733","CLIENT / MÜVEKKİL","ClientOffsetController.preview — POST /api/client-offsets/preview","IMPLEMENTED | MERGED","true","true","true","true","1","","false","BOUND_DORMANT","P2","","project/apps/api/src/main.ts:22 | project/apps/api/src/modules/client-settlement/client-offset.controller.ts:34 | project/apps/api/src/modules/client-settlement/client-settlement.module.ts:ClientSettlementModule.controllers","VERIFY_ACTIVATION_AUTHORITY_AND_DEPLOYED_VALUE"
"HTTP-55F8F031A853","SHARED PLATFORM / INFRASTRUCTURE","ExpenseRequestController.createOverdueTask — POST /api/expense-requests/:id/create-overdue-task","IMPLEMENTED | MERGED","true","true","true","true","1","","false","OPERABLE_UNVERIFIED","NONE","","project/apps/api/src/main.ts:22 | project/apps/api/src/modules/expense-request/expense-request.controller.ts:297 | project/apps/api/src/modules/expense-request/expense-request.module.ts:ExpenseRequestModule.controllers","ADD_REPRESENTATIVE_L6_VERIFICATION"
"HTTP-561D82BE1DC6","DEBTOR / BORÇLU","AddressDiscoveryController.getSuggestedUyapQueries — GET /api/address-discovery/uyap-query/debtor/:caseDebtorId/suggestions","IMPLEMENTED | MERGED","true","true","true","true","1","","false","OPERABLE_UNVERIFIED","NONE","","project/apps/api/src/main.ts:22 | project/apps/api/src/modules/address-discovery/address-discovery.controller.ts:407 | project/apps/api/src/modules/address-discovery/address-discovery.module.ts:AddressDiscoveryModule.controllers","ADD_REPRESENTATIVE_L6_VERIFICATION"
"HTTP-5625E1338BC1","UYAP CONNECTOR","BundleController.validateActiveBundles — GET /api/icrabot/bundles/validate/active","IMPLEMENTED","true","true","true","true","1","","false","OPERABLE_UNVERIFIED","NONE","","project/apps/api/src/main.ts:22 | project/apps/api/src/modules/icrabot/bundle/bundle.controller.ts:121 | project/apps/api/src/modules/icrabot/icrabot.module.ts:IcrabotModule.controllers","ADD_REPRESENTATIVE_L6_VERIFICATION"
"HTTP-5669DBDBD8B4","SHARED PLATFORM / INFRASTRUCTURE","SchedulerController.checkPaymentOrders — POST /api/scheduler/check/payment-orders","IMPLEMENTED","true","true","true","true","1","","false","OPERABLE_UNVERIFIED","NONE","","project/apps/api/src/main.ts:22 | project/apps/api/src/modules/scheduler/scheduler.controller.ts:29 | project/apps/api/src/modules/scheduler/scheduler.module.ts:SchedulerModule.controllers","ADD_REPRESENTATIVE_L6_VERIFICATION"
"HTTP-56AFE6E23166","SHARED PLATFORM / INFRASTRUCTURE","PoaController.removeLawyer — DELETE /api/poa/:id/lawyers/:lawyerId","IMPLEMENTED | MERGED","true","true","true","true","1","","false","OPERABLE_UNVERIFIED","NONE","","project/apps/api/src/main.ts:22 | project/apps/api/src/modules/poa/poa.controller.ts:137 | project/apps/api/src/modules/poa/poa.module.ts:PoaModule.controllers","ADD_REPRESENTATIVE_L6_VERIFICATION"
"HTTP-577EC90019DB","SHARED PLATFORM / INFRASTRUCTURE","ExpenseRequestController.findAll — GET /api/expense-requests","IMPLEMENTED | MERGED","true","true","true","true","1","","false","OPERABLE_UNVERIFIED","NONE","","project/apps/api/src/main.ts:22 | project/apps/api/src/modules/expense-request/expense-request.controller.ts:29 | project/apps/api/src/modules/expense-request/expense-request.module.ts:ExpenseRequestModule.controllers","ADD_REPRESENTATIVE_L6_VERIFICATION"
"HTTP-5789736D5354","CLIENT / MÜVEKKİL","ClientIntakePromotionController.promote — POST /api/client-intake-submissions/:id/promote","MERGED","true","true","true","true","1","","false","OPERABLE_UNVERIFIED","NONE","","project/apps/api/src/main.ts:22 | project/apps/api/src/modules/client-intake-promotion/client-intake-promotion.controller.ts:26 | project/apps/api/src/modules/client-intake-promotion/client-intake-promotion.module.ts:ClientIntakePromotionModule.controllers","ADD_REPRESENTATIVE_L6_VERIFICATION"
"HTTP-580A6799BA97","SHARED PLATFORM / INFRASTRUCTURE","ValidationGateController.getBankClaimInterestRulesEndpoint — GET /api/validation-gate/bank-claim-interest-rules","IMPLEMENTED | MERGED","true","true","true","true","1","","false","OPERABLE_UNVERIFIED","NONE","","project/apps/api/src/main.ts:22 | project/apps/api/src/modules/validation-gate/validation-gate.controller.ts:223 | project/apps/api/src/modules/validation-gate/validation-gate.module.ts:ValidationGateModule.controllers","ADD_REPRESENTATIVE_L6_VERIFICATION"
"HTTP-581B40D5F050","SHARED PLATFORM / INFRASTRUCTURE","DocumentController.getTemplates — GET /api/documents/templates","IMPLEMENTED | MERGED","true","true","true","true","1","","false","OPERABLE_UNVERIFIED","NONE","","project/apps/api/src/main.ts:22 | project/apps/api/src/modules/document/document.controller.ts:139 | project/apps/api/src/modules/document/document.module.ts:DocumentModule.controllers","ADD_REPRESENTATIVE_L6_VERIFICATION"
"HTTP-594CE4744767","CLIENT / MÜVEKKİL","ClientStatementController.listByClient — GET /api/client-statements/client/:clientId","MERGED","true","true","true","true","1","","false","OPERABLE_UNVERIFIED","NONE","","project/apps/api/src/main.ts:22 | project/apps/api/src/modules/client-statement/client-statement.controller.ts:84 | project/apps/api/src/modules/client-statement/client-statement.module.ts:ClientStatementModule.controllers","ADD_REPRESENTATIVE_L6_VERIFICATION"
"HTTP-59668550152A","OFFICE / AVUKAT-PERSONEL","OfficeController.getEscalationSettings — GET /api/office/escalation-settings","IMPLEMENTED | MERGED","true","true","true","true","1","","false","OPERABLE_UNVERIFIED","NONE","","project/apps/api/src/main.ts:22 | project/apps/api/src/modules/office/office.controller.ts:235 | project/apps/api/src/modules/office/office.module.ts:OfficeModule.controllers","ADD_REPRESENTATIVE_L6_VERIFICATION"
"HTTP-59DCB9448843","SHARED PLATFORM / INFRASTRUCTURE","PublicInstitutionController.findByDetsisNo — GET /api/public-institutions/detsis/:detsisNo","IMPLEMENTED","true","true","true","true","1","","false","OPERABLE_UNVERIFIED","NONE","","project/apps/api/src/main.ts:22 | project/apps/api/src/modules/public-institution/public-institution.controller.ts:46 | project/apps/api/src/modules/public-institution/public-institution.module.ts:PublicInstitutionModule.controllers","ADD_REPRESENTATIVE_L6_VERIFICATION"
"HTTP-5A2D6FAA273D","DEBTOR / BORÇLU","CommunicationController.logPhoneCall — POST /api/debtors/:debtorId/communications/call","IMPLEMENTED","true","true","true","true","1","","false","OPERABLE_UNVERIFIED","NONE","","project/apps/api/src/main.ts:22 | project/apps/api/src/modules/debtor/communication.controller.ts:40 | project/apps/api/src/modules/debtor/debtor.module.ts:DebtorModule.controllers","ADD_REPRESENTATIVE_L6_VERIFICATION"
"HTTP-5A5E67CA468A","COLLECTION / TAHSİLAT","CollectionController.getSummary — GET /api/collections/summary","CANONICAL | IMPLEMENTED | MERGED","true","true","true","true","1","","false","OPERABLE_UNVERIFIED","NONE","","project/apps/api/src/main.ts:22 | project/apps/api/src/modules/collection/collection.controller.ts:150 | project/apps/api/src/modules/collection/collection.module.ts:CollectionModule.controllers","ADD_REPRESENTATIVE_L6_VERIFICATION"
"HTTP-5A722A912BB9","CLIENT / MÜVEKKİL","ClientController.actionCatalog — GET /api/clients/:clientId/action-catalog","IMPLEMENTED | MERGED","true","true","true","true","1","","false","OPERABLE_UNVERIFIED","NONE","","project/apps/api/src/main.ts:22 | project/apps/api/src/modules/client/client.controller.ts:98 | project/apps/api/src/modules/client/client.module.ts:ClientModule.controllers","ADD_REPRESENTATIVE_L6_VERIFICATION"
"HTTP-5A9260135DD8","CLIENT / MÜVEKKİL","ClientAddressController.update — PUT /api/clients/:clientId/addresses/:addressId","MERGED","true","true","true","true","1","","false","OPERABLE_UNVERIFIED","NONE","","project/apps/api/src/main.ts:22 | project/apps/api/src/modules/client/client-address.controller.ts:29 | project/apps/api/src/modules/client/client.module.ts:ClientModule.controllers","ADD_REPRESENTATIVE_L6_VERIFICATION"
"HTTP-5AA3C3B0F33B","SHARED PLATFORM / INFRASTRUCTURE","LegalHoldController.getStats — GET /api/legal-holds/stats","IMPLEMENTED","true","true","true","true","1","","false","OPERABLE_UNVERIFIED","NONE","","project/apps/api/src/main.ts:22 | project/apps/api/src/modules/calc-preview/diagnostics/simulation-api/legal-hold.controller.ts:320 | project/apps/api/src/modules/calc-preview/diagnostics/simulation-api/simulation-api.module.ts:SimulationApiModule.controllers","ADD_REPRESENTATIVE_L6_VERIFICATION"
"HTTP-5ADD84F83C09","RECEIVABLE / ALACAK","ClaimItemController.create — POST /api/claim-items","CANONICAL | IMPLEMENTED | MERGED","true","true","true","true","1","","false","OPERABLE_UNVERIFIED","NONE","","project/apps/api/src/main.ts:22 | project/apps/api/src/modules/claim-item/claim-item.controller.ts:29 | project/apps/api/src/modules/claim-item/claim-item.module.ts:ClaimItemModule.controllers","ADD_REPRESENTATIVE_L6_VERIFICATION"
"HTTP-5AED7A89EECE","CLIENT / MÜVEKKİL","ClientController.remove — DELETE /api/clients/:id","IMPLEMENTED | MERGED","true","true","true","true","1","","false","OPERABLE_UNVERIFIED","NONE","","project/apps/api/src/main.ts:22 | project/apps/api/src/modules/client/client.controller.ts:278 | project/apps/api/src/modules/client/client.module.ts:ClientModule.controllers","ADD_REPRESENTATIVE_L6_VERIFICATION"
"HTTP-5B28859948CE","SHARED PLATFORM / INFRASTRUCTURE","PublicInstitutionController.findById — GET /api/public-institutions/:id","IMPLEMENTED","true","true","true","true","1","","false","OPERABLE_UNVERIFIED","NONE","","project/apps/api/src/main.ts:22 | project/apps/api/src/modules/public-institution/public-institution.controller.ts:52 | project/apps/api/src/modules/public-institution/public-institution.module.ts:PublicInstitutionModule.controllers","ADD_REPRESENTATIVE_L6_VERIFICATION"
"HTTP-5B6107226C4A","SHARED PLATFORM / INFRASTRUCTURE","ExpenseRequestController.getGateStatus — GET /api/expense-requests/case/:caseId/gate-status","IMPLEMENTED | MERGED","true","true","true","true","1","","false","OPERABLE_UNVERIFIED","NONE","","project/apps/api/src/main.ts:22 | project/apps/api/src/modules/expense-request/expense-request.controller.ts:235 | project/apps/api/src/modules/expense-request/expense-request.module.ts:ExpenseRequestModule.controllers","ADD_REPRESENTATIVE_L6_VERIFICATION"
"HTTP-5BFB10986DA6","RECEIVABLE / ALACAK","FeeEngineController.calculatePenalty — POST /api/fee-engine/calculate-penalty","IMPLEMENTED","true","true","true","true","1","","false","OPERABLE_UNVERIFIED","NONE","","project/apps/api/src/main.ts:22 | project/apps/api/src/modules/fee-engine/fee-engine.controller.ts:222 | project/apps/api/src/modules/fee-engine/fee-engine.module.ts:FeeEngineModule.controllers","ADD_REPRESENTATIVE_L6_VERIFICATION"
"HTTP-5C55E1C8F2ED","OFFICE / AVUKAT-PERSONEL","StaffController.findOne — GET /api/staff/:id","IMPLEMENTED | MERGED","true","true","true","true","1","","false","OPERABLE_UNVERIFIED","NONE","","project/apps/api/src/main.ts:22 | project/apps/api/src/modules/staff/staff.controller.ts:22 | project/apps/api/src/modules/staff/staff.module.ts:StaffModule.controllers","ADD_REPRESENTATIVE_L6_VERIFICATION"
"HTTP-5C96E611D20E","SHARED PLATFORM / INFRASTRUCTURE","TariffController.markAllNotificationsAsRead — POST /api/tariffs/gazette/notifications/read-all","IMPLEMENTED","true","true","true","true","1","","false","OPERABLE_UNVERIFIED","NONE","","project/apps/api/src/main.ts:22 | project/apps/api/src/modules/tariff/tariff.controller.ts:110 | project/apps/api/src/modules/tariff/tariff.module.ts:TariffModule.controllers","ADD_REPRESENTATIVE_L6_VERIFICATION"
"HTTP-5C9BB0082C2E","DEBTOR / BORÇLU","DebtorController.getCaseDebtorActiveProcessSummary — GET /api/debtors/case-debtors/:caseDebtorId/active-process-summary","IMPLEMENTED | MERGED","true","true","true","true","1","","false","OPERABLE_UNVERIFIED","NONE","","project/apps/api/src/main.ts:22 | project/apps/api/src/modules/debtor/debtor.controller.ts:201 | project/apps/api/src/modules/debtor/debtor.module.ts:DebtorModule.controllers","ADD_REPRESENTATIVE_L6_VERIFICATION"
"HTTP-5D678099BA5B","SHARED PLATFORM / INFRASTRUCTURE","DocumentController.getAvailableTemplates — GET /api/documents/case/:caseId/available-templates","IMPLEMENTED | MERGED","true","true","true","true","1","","false","OPERABLE_UNVERIFIED","NONE","","project/apps/api/src/main.ts:22 | project/apps/api/src/modules/document/document.controller.ts:158 | project/apps/api/src/modules/document/document.module.ts:DocumentModule.controllers","ADD_REPRESENTATIVE_L6_VERIFICATION"
"HTTP-5D71BA4180DA","SHARED PLATFORM / INFRASTRUCTURE","AccountingJournalTrialBalanceController.getTrialBalance — GET /api/accounting-journal/trial-balance","IMPLEMENTED | MERGED","true","true","true","true","1","","false","OPERABLE_UNVERIFIED","NONE","","project/apps/api/src/main.ts:22 | project/apps/api/src/modules/accounting-journal/accounting-journal-trial-balance.controller.ts:82 | project/apps/api/src/modules/accounting-journal/accounting-journal-trial-balance.module.ts:AccountingJournalTrialBalanceModule.controllers","ADD_REPRESENTATIVE_L6_VERIFICATION"
"HTTP-5DAC67810197","RECEIVABLE / ALACAK","ClaimItemController.addAttorneyFee — POST /api/claim-items/case/:caseId/add-attorney-fee","CANONICAL | IMPLEMENTED | MERGED","true","true","true","true","1","","false","OPERABLE_UNVERIFIED","NONE","","project/apps/api/src/main.ts:22 | project/apps/api/src/modules/claim-item/claim-item.controller.ts:174 | project/apps/api/src/modules/claim-item/claim-item.module.ts:ClaimItemModule.controllers","ADD_REPRESENTATIVE_L6_VERIFICATION"
"HTTP-5DACB6C4E830","OFFICE / AVUKAT-PERSONEL","StaffController.updateOrder — PUT /api/staff/order/update","IMPLEMENTED | MERGED","true","true","true","true","1","","false","OPERABLE_UNVERIFIED","NONE","","project/apps/api/src/main.ts:22 | project/apps/api/src/modules/staff/staff.controller.ts:75 | project/apps/api/src/modules/staff/staff.module.ts:StaffModule.controllers","ADD_REPRESENTATIVE_L6_VERIFICATION"
"HTTP-5DB831204D46","SHARED PLATFORM / INFRASTRUCTURE","MessageTemplateController.delete — DELETE /api/message-templates/:id","IMPLEMENTED","true","true","true","true","1","","false","OPERABLE_UNVERIFIED","NONE","","project/apps/api/src/main.ts:22 | project/apps/api/src/modules/message-template/message-template.controller.ts:50 | project/apps/api/src/modules/message-template/message-template.module.ts:MessageTemplateModule.controllers","ADD_REPRESENTATIVE_L6_VERIFICATION"
"HTTP-5DFA7DB6A0C3","SHARED PLATFORM / INFRASTRUCTURE","ExpenseRequestController.getPendingTasks — GET /api/expense-requests/pending-tasks","IMPLEMENTED | MERGED","true","true","true","true","1","","false","OPERABLE_UNVERIFIED","NONE","","project/apps/api/src/main.ts:22 | project/apps/api/src/modules/expense-request/expense-request.controller.ts:326 | project/apps/api/src/modules/expense-request/expense-request.module.ts:ExpenseRequestModule.controllers","ADD_REPRESENTATIVE_L6_VERIFICATION"
"HTTP-5EC2E81CC317","UYAP CONNECTOR","UyapExportController.validateCase — GET /api/uyap-export/validate/:caseId","IMPLEMENTED | MERGED","true","true","true","true","1","","false","OPERABLE_UNVERIFIED","NONE","","project/apps/api/src/main.ts:22 | project/apps/api/src/modules/uyap-export/uyap-export.controller.ts:127 | project/apps/api/src/modules/uyap-export/uyap-export.module.ts:UyapExportModule.controllers","ADD_REPRESENTATIVE_L6_VERIFICATION"
"HTTP-5F1C903DD9A4","CLIENT / MÜVEKKİL","ClientIntelStatementController.findOne — GET /api/client-intel-statements/:id","MERGED","true","true","true","true","1","","false","OPERABLE_UNVERIFIED","NONE","","project/apps/api/src/main.ts:22 | project/apps/api/src/modules/client-intel-statement/client-intel-statement.controller.ts:87 | project/apps/api/src/modules/client-intel-statement/client-intel-statement.module.ts:ClientIntelStatementModule.controllers","ADD_REPRESENTATIVE_L6_VERIFICATION"
"HTTP-5F2DC021FD00","SHARED PLATFORM / INFRASTRUCTURE","NotificationController.createPaymentOrder — POST /api/notifications/case/:caseId/payment-order","IMPLEMENTED | MERGED","true","true","true","true","1","","false","OPERABLE_UNVERIFIED","NONE","","project/apps/api/src/main.ts:22 | project/apps/api/src/modules/notification/notification.controller.ts:33 | project/apps/api/src/modules/notification/notification.module.ts:NotificationModule.controllers","ADD_REPRESENTATIVE_L6_VERIFICATION"
"HTTP-5F876FDC84D1","SHARED PLATFORM / INFRASTRUCTURE","RelatedLawsuitsController.downloadKarsiliksizCekSikayetWord — GET /api/related-lawsuits/generate/karsiliksiz-cek/:caseId/word","IMPLEMENTED | MERGED","true","true","true","true","1","","false","OPERABLE_UNVERIFIED","NONE","","project/apps/api/src/main.ts:22 | project/apps/api/src/modules/related-lawsuits/related-lawsuits.controller.ts:269 | project/apps/api/src/modules/related-lawsuits/related-lawsuits.module.ts:RelatedLawsuitsModule.controllers","ADD_REPRESENTATIVE_L6_VERIFICATION"
"HTTP-5FC991BF0782","CLIENT / MÜVEKKİL","PortalController.resetPassword — POST /api/portal/reset-password","IMPLEMENTED | MERGED","true","true","","true","1","","false","UNKNOWN_REQUIRES_EVIDENCE","NONE","","project/apps/api/src/main.ts:22 | project/apps/api/src/modules/portal/portal.controller.ts:78 | project/apps/api/src/modules/portal/portal.module.ts:PortalModule.controllers","COLLECT_MISSING_EVIDENCE"
"HTTP-5FCF3473E542","CLIENT / MÜVEKKİL","PortalController.getClientsWithMessages — GET /api/portal/admin/messages/clients","IMPLEMENTED | MERGED","true","true","","true","1","","false","UNKNOWN_REQUIRES_EVIDENCE","NONE","","project/apps/api/src/main.ts:22 | project/apps/api/src/modules/portal/portal.controller.ts:438 | project/apps/api/src/modules/portal/portal.module.ts:PortalModule.controllers","COLLECT_MISSING_EVIDENCE"
"HTTP-6006671F9028","OFFICE / AVUKAT-PERSONEL","ReportingLineController.eligible — GET /api/reporting-lines/eligible","MERGED","true","true","true","true","1","","false","OPERABLE_UNVERIFIED","NONE","","project/apps/api/src/main.ts:22 | project/apps/api/src/modules/reporting-line/reporting-line.controller.ts:24 | project/apps/api/src/modules/reporting-line/reporting-line.module.ts:ReportingLineModule.controllers","ADD_REPRESENTATIVE_L6_VERIFICATION"
"HTTP-600D282F6E91","SHARED PLATFORM / INFRASTRUCTURE","TaskController.update — PUT /api/tasks/:id","IMPLEMENTED | MERGED","true","true","true","true","1","","false","OPERABLE_UNVERIFIED","NONE","","project/apps/api/src/main.ts:22 | project/apps/api/src/modules/task/task.controller.ts:50 | project/apps/api/src/modules/task/task.module.ts:TaskModule.controllers","ADD_REPRESENTATIVE_L6_VERIFICATION"
"HTTP-6043FF4653C3","DEBTOR / BORÇLU","AddressController.verifyViaMersis — POST /api/addresses/:addressId/verify/mersis","IMPLEMENTED | MERGED","true","true","true","true","1","","false","OPERABLE_UNVERIFIED","NONE","","project/apps/api/src/main.ts:22 | project/apps/api/src/modules/debtor/address.controller.ts:135 | project/apps/api/src/modules/debtor/debtor.module.ts:DebtorModule.controllers","ADD_REPRESENTATIVE_L6_VERIFICATION"
"HTTP-60A719B14999","OFFICE / AVUKAT-PERSONEL","LawyerController.findAll — GET /api/lawyers","IMPLEMENTED | MERGED","true","true","true","true","1","","false","OPERABLE_UNVERIFIED","NONE","","project/apps/api/src/main.ts:22 | project/apps/api/src/modules/lawyer/lawyer.controller.ts:24 | project/apps/api/src/modules/lawyer/lawyer.module.ts:LawyerModule.controllers","ADD_REPRESENTATIVE_L6_VERIFICATION"
"HTTP-60D3A93F68FD","SHARED PLATFORM / INFRASTRUCTURE","RelatedLawsuitsController.getRecommendations — POST /api/related-lawsuits/recommendations","IMPLEMENTED | MERGED","true","true","true","true","1","","false","OPERABLE_UNVERIFIED","NONE","","project/apps/api/src/main.ts:22 | project/apps/api/src/modules/related-lawsuits/related-lawsuits.controller.ts:148 | project/apps/api/src/modules/related-lawsuits/related-lawsuits.module.ts:RelatedLawsuitsModule.controllers","ADD_REPRESENTATIVE_L6_VERIFICATION"
"HTTP-60FC3E0F25C9","SHARED PLATFORM / INFRASTRUCTURE","GroupController.create — POST /api/groups","IMPLEMENTED","true","true","true","true","1","","false","OPERABLE_UNVERIFIED","NONE","","project/apps/api/src/main.ts:22 | project/apps/api/src/modules/group/group.controller.ts:32 | project/apps/api/src/modules/group/group.module.ts:GroupModule.controllers","ADD_REPRESENTATIVE_L6_VERIFICATION"
"HTTP-61529FD7E6BF","SHARED PLATFORM / INFRASTRUCTURE","ExportImportController.exportCasesExcel — GET /api/export-import/cases/excel","IMPLEMENTED | MERGED","true","true","true","true","1","","false","OPERABLE_UNVERIFIED","NONE","","project/apps/api/src/main.ts:22 | project/apps/api/src/modules/export-import/export-import.controller.ts:111 | project/apps/api/src/modules/export-import/export-import.module.ts:ExportImportModule.controllers","ADD_REPRESENTATIVE_L6_VERIFICATION"
"HTTP-61A9AFB2393B","SHARED PLATFORM / INFRASTRUCTURE","AiController.downloadDocument — POST /api/ai/document/download","IMPLEMENTED | MERGED","true","true","true","true","1","","false","OPERABLE_UNVERIFIED","NONE","","project/apps/api/src/main.ts:22 | project/apps/api/src/modules/ai/ai.controller.ts:81 | project/apps/api/src/modules/ai/ai.module.ts:AiModule.controllers","ADD_REPRESENTATIVE_L6_VERIFICATION"
"HTTP-61BED190AD00","SHARED PLATFORM / INFRASTRUCTURE","CalcPreviewController.getErrorBreakdown — GET /api/calc/metrics/errors","IMPLEMENTED","true","true","true","true","1","","false","OPERABLE_UNVERIFIED","NONE","","project/apps/api/src/main.ts:22 | project/apps/api/src/modules/calc-preview/calc-preview.controller.ts:170 | project/apps/api/src/modules/calc-preview/calc-preview.module.ts:CalcPreviewModule.controllers","ADD_REPRESENTATIVE_L6_VERIFICATION"
"HTTP-625716C5D72A","UYAP CONNECTOR","BundleController.approveBundle — POST /api/icrabot/bundles/:id/approve","IMPLEMENTED","true","true","true","true","1","","false","OPERABLE_UNVERIFIED","NONE","","project/apps/api/src/main.ts:22 | project/apps/api/src/modules/icrabot/bundle/bundle.controller.ts:89 | project/apps/api/src/modules/icrabot/icrabot.module.ts:IcrabotModule.controllers","ADD_REPRESENTATIVE_L6_VERIFICATION"
"HTTP-632421045522","DEBTOR / BORÇLU","AddressDiscoveryController.markInstitutionLetterAsResponded — PUT /api/address-discovery/institution-letter/:id/responded","IMPLEMENTED | MERGED","true","true","true","true","1","","false","OPERABLE_UNVERIFIED","NONE","","project/apps/api/src/main.ts:22 | project/apps/api/src/modules/address-discovery/address-discovery.controller.ts:483 | project/apps/api/src/modules/address-discovery/address-discovery.module.ts:AddressDiscoveryModule.controllers","ADD_REPRESENTATIVE_L6_VERIFICATION"
"HTTP-6370619D40AB","SHARED PLATFORM / INFRASTRUCTURE","TemplateEngineController.downloadKarsiliksizCekSikayet — GET /api/template-engine/karsiliksiz-cek/case/:caseId/download","IMPLEMENTED | MERGED","true","true","true","true","1","","false","OPERABLE_UNVERIFIED","NONE","","project/apps/api/src/main.ts:22 | project/apps/api/src/modules/template-engine/template-engine.controller.ts:618 | project/apps/api/src/modules/template-engine/template-engine.module.ts:TemplateEngineModule.controllers","ADD_REPRESENTATIVE_L6_VERIFICATION"
"HTTP-6394E40E12C2","SHARED PLATFORM / INFRASTRUCTURE","CalendarController.createEvent — POST /api/calendar/events","IMPLEMENTED","true","true","true","true","1","","false","OPERABLE_UNVERIFIED","NONE","","project/apps/api/src/main.ts:22 | project/apps/api/src/modules/calendar/calendar.controller.ts:22 | project/apps/api/src/modules/calendar/calendar.module.ts:CalendarModule.controllers","ADD_REPRESENTATIVE_L6_VERIFICATION"
"HTTP-642F6478B6CB","SHARED PLATFORM / INFRASTRUCTURE","TemplateEngineController.generateIcraEmri — POST /api/template-engine/icra-emri","IMPLEMENTED | MERGED","true","true","true","true","1","","false","OPERABLE_UNVERIFIED","NONE","","project/apps/api/src/main.ts:22 | project/apps/api/src/modules/template-engine/template-engine.controller.ts:344 | project/apps/api/src/modules/template-engine/template-engine.module.ts:TemplateEngineModule.controllers","ADD_REPRESENTATIVE_L6_VERIFICATION"
"HTTP-64C37F17708A","OFFICE / AVUKAT-PERSONEL","OfficeController.addBankAccount — POST /api/office/bank-accounts","IMPLEMENTED | MERGED","true","true","true","true","1","","false","OPERABLE_UNVERIFIED","NONE","","project/apps/api/src/main.ts:22 | project/apps/api/src/modules/office/office.controller.ts:75 | project/apps/api/src/modules/office/office.module.ts:OfficeModule.controllers","ADD_REPRESENTATIVE_L6_VERIFICATION"
"HTTP-64F86013B6CC","SHARED PLATFORM / INFRASTRUCTURE","PublicInstitutionController.findByCity — GET /api/public-institutions/by-city/:city","IMPLEMENTED","true","true","true","true","1","","false","OPERABLE_UNVERIFIED","NONE","","project/apps/api/src/main.ts:22 | project/apps/api/src/modules/public-institution/public-institution.controller.ts:37 | project/apps/api/src/modules/public-institution/public-institution.module.ts:PublicInstitutionModule.controllers","ADD_REPRESENTATIVE_L6_VERIFICATION"
"HTTP-65174FC64849","SHARED PLATFORM / INFRASTRUCTURE","ExpenseRequestController.createFromPackage — POST /api/expense-requests/from-package","IMPLEMENTED | MERGED","true","true","true","true","1","","false","OPERABLE_UNVERIFIED","NONE","","project/apps/api/src/main.ts:22 | project/apps/api/src/modules/expense-request/expense-request.controller.ts:59 | project/apps/api/src/modules/expense-request/expense-request.module.ts:ExpenseRequestModule.controllers","ADD_REPRESENTATIVE_L6_VERIFICATION"
"HTTP-654102E5F117","OFFICE / AVUKAT-PERSONEL","OfficeApprovalController.approveWithChanges — POST /api/office-approvals/:id/approve-with-changes","MERGED","true","true","true","true","1","","false","OPERABLE_UNVERIFIED","NONE","","project/apps/api/src/main.ts:22 | project/apps/api/src/modules/office-approval/office-approval.controller.ts:153 | project/apps/api/src/modules/office-approval/office-approval.module.ts:OfficeApprovalModule.controllers","ADD_REPRESENTATIVE_L6_VERIFICATION"
"HTTP-65F2E8B38A4F","SHARED PLATFORM / INFRASTRUCTURE","LimitationEngineController.getAllRules — GET /api/limitation-engine/rules","IMPLEMENTED","true","true","true","true","1","","false","OPERABLE_UNVERIFIED","NONE","","project/apps/api/src/main.ts:22 | project/apps/api/src/modules/limitation-engine/limitation-engine.controller.ts:100 | project/apps/api/src/modules/limitation-engine/limitation-engine.module.ts:LimitationEngineModule.controllers","ADD_REPRESENTATIVE_L6_VERIFICATION"
"HTTP-662DEE77445F","SHARED PLATFORM / INFRASTRUCTURE","SeedController.seedStaff — POST /api/seed/staff","IMPLEMENTED","true","true","true","true","1","","false","OPERABLE_UNVERIFIED","NONE","","project/apps/api/src/main.ts:22 | project/apps/api/src/modules/icrabot/v28-engine/v28-engine.module.ts:V28EngineModule.controllers | project/apps/api/src/modules/seed/seed.controller.ts:52 | project/apps/api/src/modules/seed/seed.module.ts:SeedModule.controllers","ADD_REPRESENTATIVE_L6_VERIFICATION"
"HTTP-6695289A6A95","UYAP CONNECTOR","UyapController.queryRelatedLawsuitStatus — GET /api/uyap/lawsuit/status/:evkNo","IMPLEMENTED | MERGED","true","true","true","true","1","","false","OPERABLE_UNVERIFIED","NONE","","project/apps/api/src/main.ts:22 | project/apps/api/src/modules/uyap/uyap.controller.ts:282 | project/apps/api/src/modules/uyap/uyap.module.ts:UyapModule.controllers","ADD_REPRESENTATIVE_L6_VERIFICATION"
"HTTP-66B51CEEAFDE","OFFICE / AVUKAT-PERSONEL","OfficeController.updateEscalationSettings — PUT /api/office/escalation-settings","IMPLEMENTED | MERGED","true","true","true","true","1","","false","OPERABLE_UNVERIFIED","NONE","","project/apps/api/src/main.ts:22 | project/apps/api/src/modules/office/office.controller.ts:241 | project/apps/api/src/modules/office/office.module.ts:OfficeModule.controllers","ADD_REPRESENTATIVE_L6_VERIFICATION"
"HTTP-66E492887DEC","CLIENT / MÜVEKKİL","PortalController.createPortalUser — POST /api/portal/admin/create-user","IMPLEMENTED | MERGED","true","true","","true","1","","false","UNKNOWN_REQUIRES_EVIDENCE","NONE","","project/apps/api/src/main.ts:22 | project/apps/api/src/modules/portal/portal.controller.ts:183 | project/apps/api/src/modules/portal/portal.module.ts:PortalModule.controllers","COLLECT_MISSING_EVIDENCE"
"HTTP-672F1D76AF7F","SHARED PLATFORM / INFRASTRUCTURE","AutomationController.getStats — GET /api/automation/stats","IMPLEMENTED | MERGED","true","true","true","true","1","","false","OPERABLE_UNVERIFIED","NONE","","project/apps/api/src/main.ts:22 | project/apps/api/src/modules/automation/automation.controller.ts:16 | project/apps/api/src/modules/automation/automation.module.ts:AutomationModule.controllers","ADD_REPRESENTATIVE_L6_VERIFICATION"
"HTTP-6760286A55F4","UYAP CONNECTOR","AdminController.requestLockOverride — POST /api/icrabot/admin/locks/:lockType/request-override","IMPLEMENTED","true","true","true","true","1","","false","OPERABLE_UNVERIFIED","NONE","","project/apps/api/src/main.ts:22 | project/apps/api/src/modules/icrabot/admin/admin.controller.ts:127 | project/apps/api/src/modules/icrabot/icrabot.module.ts:IcrabotModule.controllers","ADD_REPRESENTATIVE_L6_VERIFICATION"
"HTTP-67629A2B875A","SHARED PLATFORM / INFRASTRUCTURE","LegalHoldController.listLegalHolds — GET /api/legal-holds","IMPLEMENTED","true","true","true","true","1","","false","OPERABLE_UNVERIFIED","NONE","","project/apps/api/src/main.ts:22 | project/apps/api/src/modules/calc-preview/diagnostics/simulation-api/legal-hold.controller.ts:143 | project/apps/api/src/modules/calc-preview/diagnostics/simulation-api/simulation-api.module.ts:SimulationApiModule.controllers","ADD_REPRESENTATIVE_L6_VERIFICATION"
"HTTP-678AC61A41EC","UYAP CONNECTOR","TebligatController.createMernisTebligat — POST /api/tebligat/:id/create-mernis","IMPLEMENTED | MERGED","true","true","true","true","1","","false","OPERABLE_UNVERIFIED","NONE","","project/apps/api/src/main.ts:22 | project/apps/api/src/modules/tebligat/tebligat.controller.ts:164 | project/apps/api/src/modules/tebligat/tebligat.module.ts:TebligatModule.controllers","ADD_REPRESENTATIVE_L6_VERIFICATION"
"HTTP-67FAB244B41C","UYAP CONNECTOR","IcrabotController.getObjectionDeadline — GET /api/icrabot/objection-deadline/:icraType","IMPLEMENTED | MERGED","true","true","true","true","1","","false","OPERABLE_UNVERIFIED","NONE","","project/apps/api/src/main.ts:22 | project/apps/api/src/modules/icrabot/icrabot.controller.ts:264 | project/apps/api/src/modules/icrabot/icrabot.module.ts:IcrabotModule.controllers","ADD_REPRESENTATIVE_L6_VERIFICATION"
"HTTP-68DD21188123","CLIENT / MÜVEKKİL","CaseFeeAgreementController.getById — GET /api/case-fee-agreements/:agreementId","MERGED","true","true","true","true","1","","false","BOUND_DORMANT","P2","","project/apps/api/src/main.ts:22 | project/apps/api/src/modules/client-settlement/case-fee-agreement.controller.ts:63 | project/apps/api/src/modules/client-settlement/client-settlement.module.ts:ClientSettlementModule.controllers","VERIFY_ACTIVATION_AUTHORITY_AND_DEPLOYED_VALUE"
"HTTP-68F01FB567D1","SHARED PLATFORM / INFRASTRUCTURE","CaseController.getCaseCollections — GET /api/cases/:id/collections","CANONICAL | IMPLEMENTED | MERGED","true","true","true","true","1","","false","OPERABLE_UNVERIFIED","NONE","","project/apps/api/src/main.ts:22 | project/apps/api/src/modules/case/case.controller.ts:628 | project/apps/api/src/modules/case/case.module.ts:CaseModule.controllers","ADD_REPRESENTATIVE_L6_VERIFICATION"
"HTTP-69004DE919C6","UYAP CONNECTOR","AdminController.rollbackRecipe — POST /api/icrabot/admin/recipes/:id/rollback","IMPLEMENTED","true","true","true","true","1","","false","OPERABLE_UNVERIFIED","NONE","","project/apps/api/src/main.ts:22 | project/apps/api/src/modules/icrabot/admin/admin.controller.ts:72 | project/apps/api/src/modules/icrabot/icrabot.module.ts:IcrabotModule.controllers","ADD_REPRESENTATIVE_L6_VERIFICATION"
"HTTP-691DA21154D3","UYAP CONNECTOR","UyapExportController.getExportableCases — GET /api/uyap-export/exportable","IMPLEMENTED | MERGED","true","true","true","true","1","","false","OPERABLE_UNVERIFIED","NONE","","project/apps/api/src/main.ts:22 | project/apps/api/src/modules/uyap-export/uyap-export.controller.ts:139 | project/apps/api/src/modules/uyap-export/uyap-export.module.ts:UyapExportModule.controllers","ADD_REPRESENTATIVE_L6_VERIFICATION"
"HTTP-694C905C4131","SHARED PLATFORM / INFRASTRUCTURE","CrossTenantAccessController.blockPatch — PATCH /api/api/v1/internal-ops/cross-tenant/:tenantId/*","IMPLEMENTED","true","false","false","false","0","","false","CODE_PRESENT_UNBOUND","P1","CrossTenantAccessController hiçbir production-reachable module controllers listesinde değil.","project/apps/api/src/main.ts:22 | project/apps/api/src/modules/calc-preview/break-glass/controllers/cross-tenant-access.controller.ts:174","OWNER_REVIEW_BIND_OR_DISPOSITION"
"HTTP-6A0DC07E9A29","UYAP CONNECTOR","RecorderController.suggestByText — POST /api/icrabot/recorder/suggest-by-text","IMPLEMENTED","true","true","true","true","1","","false","OPERABLE_UNVERIFIED","NONE","","project/apps/api/src/main.ts:22 | project/apps/api/src/modules/icrabot/icrabot.module.ts:IcrabotModule.controllers | project/apps/api/src/modules/icrabot/recorder/recorder.controller.ts:74","ADD_REPRESENTATIVE_L6_VERIFICATION"
"HTTP-6AF7EF97E098","DEBTOR / BORÇLU","AssetQueryController.getAssetSummary — GET /api/asset-queries/debtor/:caseDebtorId/summary","IMPLEMENTED","true","true","true","true","1","","false","OPERABLE_UNVERIFIED","NONE","","project/apps/api/src/main.ts:22 | project/apps/api/src/modules/asset-query/asset-query.controller.ts:121 | project/apps/api/src/modules/asset-query/asset-query.module.ts:AssetQueryModule.controllers","ADD_REPRESENTATIVE_L6_VERIFICATION"
"HTTP-6B218E555EA4","RECEIVABLE / ALACAK","ClaimEngineController.getDocumentTypes — GET /api/claim-engine/document-types","IMPLEMENTED","true","true","true","true","1","","false","OPERABLE_UNVERIFIED","NONE","","project/apps/api/src/main.ts:22 | project/apps/api/src/modules/claim-engine/claim-engine.controller.ts:48 | project/apps/api/src/modules/claim-engine/claim-engine.module.ts:ClaimEngineModule.controllers","ADD_REPRESENTATIVE_L6_VERIFICATION"
"HTTP-6B28F5709995","SHARED PLATFORM / INFRASTRUCTURE","ReportController.getRiskReport — GET /api/reports/risk","IMPLEMENTED | MERGED","true","true","true","true","1","","false","OPERABLE_UNVERIFIED","NONE","","project/apps/api/src/main.ts:22 | project/apps/api/src/modules/report/report.controller.ts:95 | project/apps/api/src/modules/report/report.module.ts:ReportModule.controllers","ADD_REPRESENTATIVE_L6_VERIFICATION"
"HTTP-6B41490999F7","DEBTOR / BORÇLU","DebtorController.findAll — GET /api/debtors","IMPLEMENTED | MERGED","true","true","true","true","1","","false","OPERABLE_UNVERIFIED","NONE","","project/apps/api/src/main.ts:22 | project/apps/api/src/modules/debtor/debtor.controller.ts:133 | project/apps/api/src/modules/debtor/debtor.module.ts:DebtorModule.controllers","ADD_REPRESENTATIVE_L6_VERIFICATION"
"HTTP-6C15F0D3984D","RECEIVABLE / ALACAK","FeeEngineController.preview — POST /api/fee-engine/preview","IMPLEMENTED","true","true","true","true","1","","false","OPERABLE_UNVERIFIED","NONE","","project/apps/api/src/main.ts:22 | project/apps/api/src/modules/fee-engine/fee-engine.controller.ts:61 | project/apps/api/src/modules/fee-engine/fee-engine.module.ts:FeeEngineModule.controllers","ADD_REPRESENTATIVE_L6_VERIFICATION"
"HTTP-6C59649C3290","UYAP CONNECTOR","AdminController.getRecipes — GET /api/icrabot/admin/recipes","IMPLEMENTED","true","true","true","true","1","","false","OPERABLE_UNVERIFIED","NONE","","project/apps/api/src/main.ts:22 | project/apps/api/src/modules/icrabot/admin/admin.controller.ts:40 | project/apps/api/src/modules/icrabot/icrabot.module.ts:IcrabotModule.controllers","ADD_REPRESENTATIVE_L6_VERIFICATION"
"HTTP-6C953950C7DC","SHARED PLATFORM / INFRASTRUCTURE","CaseController.getNextFileNumber — GET /api/cases/next-file-number","CANONICAL | IMPLEMENTED | MERGED","true","true","true","true","1","","false","OPERABLE_UNVERIFIED","NONE","","project/apps/api/src/main.ts:22 | project/apps/api/src/modules/case/case.controller.ts:218 | project/apps/api/src/modules/case/case.module.ts:CaseModule.controllers","ADD_REPRESENTATIVE_L6_VERIFICATION"
"HTTP-6CFCAE47A11B","SHARED PLATFORM / INFRASTRUCTURE","NotificationController.getPaymentDeadline — GET /api/notifications/case/:caseId/payment-deadline","IMPLEMENTED | MERGED","true","true","true","true","1","","false","OPERABLE_UNVERIFIED","NONE","","project/apps/api/src/main.ts:22 | project/apps/api/src/modules/notification/notification.controller.ts:62 | project/apps/api/src/modules/notification/notification.module.ts:NotificationModule.controllers","ADD_REPRESENTATIVE_L6_VERIFICATION"
"HTTP-6D02FC079646","SHARED PLATFORM / INFRASTRUCTURE","ScenarioRankerController.rank — POST /api/v1/incidents/:id/simulations/rank","IMPLEMENTED","true","true","true","true","1","","false","OPERABLE_UNVERIFIED","NONE","","project/apps/api/src/main.ts:22 | project/apps/api/src/modules/calc-preview/diagnostics/simulation-api/scenario-ranker.controller.ts:58 | project/apps/api/src/modules/calc-preview/diagnostics/simulation-api/simulation-api.module.ts:SimulationApiModule.controllers","ADD_REPRESENTATIVE_L6_VERIFICATION"
"HTTP-6D2BADECB81A","CLIENT / MÜVEKKİL","ClientStatementController.createClientLevel — POST /api/client-statements/client/:clientId","MERGED","true","true","true","true","1","","false","OPERABLE_UNVERIFIED","NONE","","project/apps/api/src/main.ts:22 | project/apps/api/src/modules/client-statement/client-statement.controller.ts:41 | project/apps/api/src/modules/client-statement/client-statement.module.ts:ClientStatementModule.controllers","ADD_REPRESENTATIVE_L6_VERIFICATION"
"HTTP-6D439B94FF0F","RECEIVABLE / ALACAK","CaseBalanceController.getBalance — GET /api/cases/:caseId/balance","IMPLEMENTED","true","true","true","true","1","","false","OPERABLE_UNVERIFIED","NONE","","project/apps/api/src/main.ts:22 | project/apps/api/src/modules/case-balance/case-balance.controller.ts:18 | project/apps/api/src/modules/case-balance/case-balance.module.ts:CaseBalanceModule.controllers","ADD_REPRESENTATIVE_L6_VERIFICATION"
"HTTP-6E2CAF04849B","CLIENT / MÜVEKKİL","CaseFeeAgreementController.listForCaseClient — GET /api/case-fee-agreements/case-client/:caseClientId","MERGED","true","true","true","true","1","","false","BOUND_DORMANT","P2","","project/apps/api/src/main.ts:22 | project/apps/api/src/modules/client-settlement/case-fee-agreement.controller.ts:50 | project/apps/api/src/modules/client-settlement/client-settlement.module.ts:ClientSettlementModule.controllers","VERIFY_ACTIVATION_AUTHORITY_AND_DEPLOYED_VALUE"
"HTTP-6E4BEF327708","SHARED PLATFORM / INFRASTRUCTURE","CaseInstrumentController.findOne — GET /api/case-instruments/:id","IMPLEMENTED | MERGED","true","true","true","true","1","","false","OPERABLE_UNVERIFIED","NONE","","project/apps/api/src/main.ts:22 | project/apps/api/src/modules/case-instrument/case-instrument.controller.ts:46 | project/apps/api/src/modules/case-instrument/case-instrument.module.ts:CaseInstrumentModule.controllers","ADD_REPRESENTATIVE_L6_VERIFICATION"
"HTTP-6E7A5897944C","SHARED PLATFORM / INFRASTRUCTURE","CaseCollateralController.findOne — GET /api/case-collaterals/:id","IMPLEMENTED","true","true","true","true","1","","false","OPERABLE_UNVERIFIED","NONE","","project/apps/api/src/main.ts:22 | project/apps/api/src/modules/case-collateral/case-collateral.controller.ts:32 | project/apps/api/src/modules/case-collateral/case-collateral.module.ts:CaseCollateralModule.controllers","ADD_REPRESENTATIVE_L6_VERIFICATION"
"HTTP-6EA5F0365406","SHARED PLATFORM / INFRASTRUCTURE","CaseController.addCaseLawyer — POST /api/cases/:id/lawyers","CANONICAL | IMPLEMENTED | MERGED","true","true","true","true","1","","false","OPERABLE_UNVERIFIED","NONE","","project/apps/api/src/main.ts:22 | project/apps/api/src/modules/case/case.controller.ts:439 | project/apps/api/src/modules/case/case.module.ts:CaseModule.controllers","ADD_REPRESENTATIVE_L6_VERIFICATION"
"HTTP-6EE08E9572CD","UYAP CONNECTOR","RecorderController.approveRecording — POST /api/icrabot/recorder/approve","IMPLEMENTED","true","true","true","true","1","","false","OPERABLE_UNVERIFIED","NONE","","project/apps/api/src/main.ts:22 | project/apps/api/src/modules/icrabot/icrabot.module.ts:IcrabotModule.controllers | project/apps/api/src/modules/icrabot/recorder/recorder.controller.ts:127","ADD_REPRESENTATIVE_L6_VERIFICATION"
"HTTP-6EEAD53D6E5D","SHARED PLATFORM / INFRASTRUCTURE","ValidationGateController.validateGate — POST /api/validation-gate/:caseId/validate/:gateId","IMPLEMENTED | MERGED","true","true","true","true","1","","false","OPERABLE_UNVERIFIED","NONE","","project/apps/api/src/main.ts:22 | project/apps/api/src/modules/validation-gate/validation-gate.controller.ts:25 | project/apps/api/src/modules/validation-gate/validation-gate.module.ts:ValidationGateModule.controllers","ADD_REPRESENTATIVE_L6_VERIFICATION"
"HTTP-6EEF403ED603","SHARED PLATFORM / INFRASTRUCTURE","CaseLeaseController.findByCase — GET /api/case-leases/case/:caseId","IMPLEMENTED","true","true","true","true","1","","false","OPERABLE_UNVERIFIED","NONE","","project/apps/api/src/main.ts:22 | project/apps/api/src/modules/case-lease/case-lease.controller.ts:23 | project/apps/api/src/modules/case-lease/case-lease.module.ts:CaseLeaseModule.controllers","ADD_REPRESENTATIVE_L6_VERIFICATION"
"HTTP-6F3271FA0F09","OFFICE / AVUKAT-PERSONEL","OfficeController.getSmtpSettings — GET /api/office/smtp-settings","IMPLEMENTED | MERGED","true","true","true","true","1","","false","OPERABLE_UNVERIFIED","NONE","","project/apps/api/src/main.ts:22 | project/apps/api/src/modules/office/office.controller.ts:117 | project/apps/api/src/modules/office/office.module.ts:OfficeModule.controllers","ADD_REPRESENTATIVE_L6_VERIFICATION"
"HTTP-6F4A89A4BF1C","SHARED PLATFORM / INFRASTRUCTURE","GroupController.update — PUT /api/groups/:id","IMPLEMENTED","true","true","true","true","1","","false","OPERABLE_UNVERIFIED","NONE","","project/apps/api/src/main.ts:22 | project/apps/api/src/modules/group/group.controller.ts:43 | project/apps/api/src/modules/group/group.module.ts:GroupModule.controllers","ADD_REPRESENTATIVE_L6_VERIFICATION"
"HTTP-6F9A3B880385","SHARED PLATFORM / INFRASTRUCTURE","ReportController.getClientReport — GET /api/reports/client","IMPLEMENTED | MERGED","true","true","true","true","1","","false","OPERABLE_UNVERIFIED","NONE","","project/apps/api/src/main.ts:22 | project/apps/api/src/modules/report/report.controller.ts:32 | project/apps/api/src/modules/report/report.module.ts:ReportModule.controllers","ADD_REPRESENTATIVE_L6_VERIFICATION"
"HTTP-6FE6C60BAE3B","SHARED PLATFORM / INFRASTRUCTURE","CaseController.getCaseLawyers — GET /api/cases/:id/lawyers","CANONICAL | IMPLEMENTED | MERGED","true","true","true","true","1","","false","OPERABLE_UNVERIFIED","NONE","","project/apps/api/src/main.ts:22 | project/apps/api/src/modules/case/case.controller.ts:427 | project/apps/api/src/modules/case/case.module.ts:CaseModule.controllers","ADD_REPRESENTATIVE_L6_VERIFICATION"
"HTTP-6FE936EEC9AE","CLIENT / MÜVEKKİL","CaseFeeAgreementController.active — GET /api/case-fee-agreements/case-client/:caseClientId/active","MERGED","true","true","true","true","1","","false","BOUND_DORMANT","P2","","project/apps/api/src/main.ts:22 | project/apps/api/src/modules/client-settlement/case-fee-agreement.controller.ts:37 | project/apps/api/src/modules/client-settlement/client-settlement.module.ts:ClientSettlementModule.controllers","VERIFY_ACTIVATION_AUTHORITY_AND_DEPLOYED_VALUE"
"HTTP-703CDE232DAC","UYAP CONNECTOR","UyapController.pushHacizRequest — POST /api/uyap/haciz","IMPLEMENTED | MERGED","true","true","true","true","1","","false","OPERABLE_UNVERIFIED","NONE","","project/apps/api/src/main.ts:22 | project/apps/api/src/modules/uyap/uyap.controller.ts:205 | project/apps/api/src/modules/uyap/uyap.module.ts:UyapModule.controllers","ADD_REPRESENTATIVE_L6_VERIFICATION"
"HTTP-7041FA1F7650","SHARED PLATFORM / INFRASTRUCTURE","CaseInstrumentController.analyzeChain — POST /api/case-instruments/chain/analyze","IMPLEMENTED | MERGED","true","true","true","true","1","","false","OPERABLE_UNVERIFIED","NONE","","project/apps/api/src/main.ts:22 | project/apps/api/src/modules/case-instrument/case-instrument.controller.ts:28 | project/apps/api/src/modules/case-instrument/case-instrument.module.ts:CaseInstrumentModule.controllers","ADD_REPRESENTATIVE_L6_VERIFICATION"
"HTTP-708C1990B477","SHARED PLATFORM / INFRASTRUCTURE","TemplateEngineController.generateItirazinIptaliFromCase — GET /api/template-engine/itirazin-iptali/case/:caseId","IMPLEMENTED | MERGED","true","true","true","true","1","","false","OPERABLE_UNVERIFIED","NONE","","project/apps/api/src/main.ts:22 | project/apps/api/src/modules/template-engine/template-engine.controller.ts:642 | project/apps/api/src/modules/template-engine/template-engine.module.ts:TemplateEngineModule.controllers","ADD_REPRESENTATIVE_L6_VERIFICATION"
"HTTP-70BA84651B7C","CLIENT / MÜVEKKİL","ClientStatementController.listByCase — GET /api/client-statements/case/:caseId","MERGED","true","true","true","true","1","","false","OPERABLE_UNVERIFIED","NONE","","project/apps/api/src/main.ts:22 | project/apps/api/src/modules/client-statement/client-statement.controller.ts:71 | project/apps/api/src/modules/client-statement/client-statement.module.ts:ClientStatementModule.controllers","ADD_REPRESENTATIVE_L6_VERIFICATION"
"HTTP-7155FE3CE545","UYAP CONNECTOR","TebligatController.checkAddressPriority — GET /api/tebligat/check-priority/:caseId","IMPLEMENTED | MERGED","true","true","true","true","1","","false","OPERABLE_UNVERIFIED","NONE","","project/apps/api/src/main.ts:22 | project/apps/api/src/modules/tebligat/tebligat.controller.ts:143 | project/apps/api/src/modules/tebligat/tebligat.module.ts:TebligatModule.controllers","ADD_REPRESENTATIVE_L6_VERIFICATION"
"HTTP-718C1323ED98","SHARED PLATFORM / INFRASTRUCTURE","ReportController.getTaskPerformanceReport — GET /api/reports/task-performance","IMPLEMENTED | MERGED","true","true","true","true","1","","false","OPERABLE_UNVERIFIED","NONE","","project/apps/api/src/main.ts:22 | project/apps/api/src/modules/report/report.controller.ts:57 | project/apps/api/src/modules/report/report.module.ts:ReportModule.controllers","ADD_REPRESENTATIVE_L6_VERIFICATION"
"HTTP-725EA76F59D4","DEBTOR / BORÇLU","AssetQueryController.markAsProcessing — PUT /api/asset-queries/:queryId/processing","IMPLEMENTED","true","true","true","true","1","","false","OPERABLE_UNVERIFIED","NONE","","project/apps/api/src/main.ts:22 | project/apps/api/src/modules/asset-query/asset-query.controller.ts:93 | project/apps/api/src/modules/asset-query/asset-query.module.ts:AssetQueryModule.controllers","ADD_REPRESENTATIVE_L6_VERIFICATION"
"HTTP-728EEB717C62","CLIENT / MÜVEKKİL","ClientPayoutManualReversalController.close — POST /api/client-payout-manual-reversals/:id/close","IMPLEMENTED | MERGED","true","true","true","true","1","","false","OPERABLE_UNVERIFIED","NONE","","project/apps/api/src/main.ts:22 | project/apps/api/src/modules/client-settlement/client-payout-manual-reversal.controller.ts:50 | project/apps/api/src/modules/client-settlement/client-settlement.module.ts:ClientSettlementModule.controllers","ADD_REPRESENTATIVE_L6_VERIFICATION"
"HTTP-729FA7648799","UYAP CONNECTOR","IcrabotController.getQueueStats — GET /api/icrabot/queue/stats","IMPLEMENTED | MERGED","true","true","true","true","1","","false","OPERABLE_UNVERIFIED","NONE","","project/apps/api/src/main.ts:22 | project/apps/api/src/modules/icrabot/icrabot.controller.ts:37 | project/apps/api/src/modules/icrabot/icrabot.module.ts:IcrabotModule.controllers","ADD_REPRESENTATIVE_L6_VERIFICATION"
"HTTP-7357C112B792","SHARED PLATFORM / INFRASTRUCTURE","PoaController.checkValidPoa — GET /api/poa/check/valid","IMPLEMENTED | MERGED","true","true","true","true","1","","false","OPERABLE_UNVERIFIED","NONE","","project/apps/api/src/main.ts:22 | project/apps/api/src/modules/poa/poa.controller.ts:35 | project/apps/api/src/modules/poa/poa.module.ts:PoaModule.controllers","ADD_REPRESENTATIVE_L6_VERIFICATION"
"HTTP-73A227B57DC4","SHARED PLATFORM / INFRASTRUCTURE","RiskController.getLatestReport — GET /api/risk/case/:caseId/latest","IMPLEMENTED | MERGED","true","true","true","true","1","","false","OPERABLE_UNVERIFIED","NONE","","project/apps/api/src/main.ts:22 | project/apps/api/src/modules/risk/risk.controller.ts:18 | project/apps/api/src/modules/risk/risk.module.ts:RiskModule.controllers","ADD_REPRESENTATIVE_L6_VERIFICATION"
"HTTP-73B587B60EDA","DEBTOR / BORÇLU","ThirdPartyController.addExternalCaseCollection — POST /api/external-cases/:id/collection","CANONICAL | IMPLEMENTED | MERGED","true","true","true","true","1","","false","OPERABLE_UNVERIFIED","NONE","","project/apps/api/src/main.ts:22 | project/apps/api/src/modules/debtor/debtor.module.ts:DebtorModule.controllers | project/apps/api/src/modules/debtor/third-party.controller.ts:181","ADD_REPRESENTATIVE_L6_VERIFICATION"
"HTTP-759BBD7CC0EF","CLIENT / MÜVEKKİL","ClientAccountingController.movements — GET /api/clients/:clientId/accounting/movements","IMPLEMENTED | MERGED","true","true","true","true","1","","false","OPERABLE_UNVERIFIED","NONE","","project/apps/api/src/main.ts:22 | project/apps/api/src/modules/client-settlement/client-accounting.controller.ts:54 | project/apps/api/src/modules/client-settlement/client-settlement.module.ts:ClientSettlementModule.controllers","ADD_REPRESENTATIVE_L6_VERIFICATION"
"HTTP-7615994FCF40","SHARED PLATFORM / INFRASTRUCTURE","ReportController.getPreHacizRiskDistribution — GET /api/reports/pre-haciz-risk-distribution","IMPLEMENTED | MERGED","true","true","true","true","1","","false","OPERABLE_UNVERIFIED","NONE","","project/apps/api/src/main.ts:22 | project/apps/api/src/modules/report/report.controller.ts:77 | project/apps/api/src/modules/report/report.module.ts:ReportModule.controllers","ADD_REPRESENTATIVE_L6_VERIFICATION"
"HTTP-768AE0937A68","RECEIVABLE / ALACAK","ClaimItemController.recalculateInterest — POST /api/claim-items/case/:caseId/recalculate-interest","CANONICAL | IMPLEMENTED | MERGED","true","true","true","true","1","","false","OPERABLE_UNVERIFIED","NONE","","project/apps/api/src/main.ts:22 | project/apps/api/src/modules/claim-item/claim-item.controller.ts:195 | project/apps/api/src/modules/claim-item/claim-item.module.ts:ClaimItemModule.controllers","ADD_REPRESENTATIVE_L6_VERIFICATION"
"HTTP-76E5F60A2D54","SHARED PLATFORM / INFRASTRUCTURE","RelatedLawsuitsController.getTemplateInfo — GET /api/related-lawsuits/template/:templateCode","IMPLEMENTED | MERGED","true","true","true","true","1","","false","OPERABLE_UNVERIFIED","NONE","","project/apps/api/src/main.ts:22 | project/apps/api/src/modules/related-lawsuits/related-lawsuits.controller.ts:209 | project/apps/api/src/modules/related-lawsuits/related-lawsuits.module.ts:RelatedLawsuitsModule.controllers","ADD_REPRESENTATIVE_L6_VERIFICATION"
"HTTP-770CA208D37D","SHARED PLATFORM / INFRASTRUCTURE","DocumentController.generateFromTemplate — GET /api/documents/case/:caseId/generate/:templateCode","IMPLEMENTED | MERGED","true","true","true","true","1","","false","OPERABLE_UNVERIFIED","NONE","","project/apps/api/src/main.ts:22 | project/apps/api/src/modules/document/document.controller.ts:185 | project/apps/api/src/modules/document/document.module.ts:DocumentModule.controllers","ADD_REPRESENTATIVE_L6_VERIFICATION"
"HTTP-773BBA12FB1F","CLIENT / MÜVEKKİL","ClientIntelStatementController.create — POST /api/client-intel-statements/case/:caseId","MERGED","true","true","true","true","1","","false","OPERABLE_UNVERIFIED","NONE","","project/apps/api/src/main.ts:22 | project/apps/api/src/modules/client-intel-statement/client-intel-statement.controller.ts:27 | project/apps/api/src/modules/client-intel-statement/client-intel-statement.module.ts:ClientIntelStatementModule.controllers","ADD_REPRESENTATIVE_L6_VERIFICATION"
"HTTP-775C569F1747","DEBTOR / BORÇLU","AddressDiscoveryController.getConfidenceScore — GET /api/address-discovery/confidence/:addressId","IMPLEMENTED | MERGED","true","true","true","true","1","","false","OPERABLE_UNVERIFIED","NONE","","project/apps/api/src/main.ts:22 | project/apps/api/src/modules/address-discovery/address-discovery.controller.ts:182 | project/apps/api/src/modules/address-discovery/address-discovery.module.ts:AddressDiscoveryModule.controllers","ADD_REPRESENTATIVE_L6_VERIFICATION"
"HTTP-777F1981E85F","SHARED PLATFORM / INFRASTRUCTURE","GreetingController.sendGreeting — POST /api/greetings/send","IMPLEMENTED","true","true","true","true","1","","false","OPERABLE_UNVERIFIED","NONE","","project/apps/api/src/main.ts:22 | project/apps/api/src/modules/greeting/greeting.controller.ts:51 | project/apps/api/src/modules/greeting/greeting.module.ts:GreetingModule.controllers","ADD_REPRESENTATIVE_L6_VERIFICATION"
"HTTP-77E98A0E00E3","UYAP CONNECTOR","PiiMaskingController.testMask — POST /api/icrabot/enterprise/pii/test-mask","IMPLEMENTED","true","true","true","true","1","","false","OPERABLE_UNVERIFIED","NONE","","project/apps/api/src/main.ts:22 | project/apps/api/src/modules/icrabot/enterprise/enterprise.controller.ts:42 | project/apps/api/src/modules/icrabot/icrabot.module.ts:IcrabotModule.controllers","ADD_REPRESENTATIVE_L6_VERIFICATION"
"HTTP-781323083215","SHARED PLATFORM / INFRASTRUCTURE","TemplateEngineController.generateTasarrufunIptaliFromCase — GET /api/template-engine/tasarrufun-iptali/case/:caseId","IMPLEMENTED | MERGED","true","true","true","true","1","","false","OPERABLE_UNVERIFIED","NONE","","project/apps/api/src/main.ts:22 | project/apps/api/src/modules/template-engine/template-engine.controller.ts:702 | project/apps/api/src/modules/template-engine/template-engine.module.ts:TemplateEngineModule.controllers","ADD_REPRESENTATIVE_L6_VERIFICATION"
"HTTP-7889A62E213D","DEBTOR / BORÇLU","CaseDebtorController.getCaseDebtorStatistics — GET /api/cases/:caseId/debtors/statistics","IMPLEMENTED | MERGED","true","true","true","true","1","","false","OPERABLE_UNVERIFIED","NONE","","project/apps/api/src/main.ts:22 | project/apps/api/src/modules/debtor/case-debtor.controller.ts:37 | project/apps/api/src/modules/debtor/debtor.module.ts:DebtorModule.controllers","ADD_REPRESENTATIVE_L6_VERIFICATION"
"HTTP-78E3399D5DA8","SHARED PLATFORM / INFRASTRUCTURE","RelatedLawsuitsController.getAllLawsuitTypes — GET /api/related-lawsuits/types","IMPLEMENTED | MERGED","true","true","true","true","1","","false","OPERABLE_UNVERIFIED","NONE","","project/apps/api/src/main.ts:22 | project/apps/api/src/modules/related-lawsuits/related-lawsuits.controller.ts:80 | project/apps/api/src/modules/related-lawsuits/related-lawsuits.module.ts:RelatedLawsuitsModule.controllers","ADD_REPRESENTATIVE_L6_VERIFICATION"
"HTTP-78E3F4CAC4E6","SHARED PLATFORM / INFRASTRUCTURE","ExpenseRequestController.rejectForDistribution — POST /api/expense-requests/:id/reject","IMPLEMENTED | MERGED","true","true","true","true","1","","false","OPERABLE_UNVERIFIED","NONE","","project/apps/api/src/main.ts:22 | project/apps/api/src/modules/expense-request/expense-request.controller.ts:177 | project/apps/api/src/modules/expense-request/expense-request.module.ts:ExpenseRequestModule.controllers","ADD_REPRESENTATIVE_L6_VERIFICATION"
"HTTP-78FDC28FE7DB","CLIENT / MÜVEKKİL","ClientController.update — PUT /api/clients/:id","IMPLEMENTED | MERGED","true","true","true","true","1","","false","OPERABLE_UNVERIFIED","NONE","","project/apps/api/src/main.ts:22 | project/apps/api/src/modules/client/client.controller.ts:266 | project/apps/api/src/modules/client/client.module.ts:ClientModule.controllers","ADD_REPRESENTATIVE_L6_VERIFICATION"
"HTTP-79D41B111917","DEBTOR / BORÇLU","ThirdPartyController.createThirdParty — POST /api/case-debtors/:caseDebtorId/third-parties","CANONICAL | IMPLEMENTED | MERGED","true","true","true","true","1","","false","OPERABLE_UNVERIFIED","NONE","","project/apps/api/src/main.ts:22 | project/apps/api/src/modules/debtor/debtor.module.ts:DebtorModule.controllers | project/apps/api/src/modules/debtor/third-party.controller.ts:46","ADD_REPRESENTATIVE_L6_VERIFICATION"
"HTTP-79DC8D960939","CLIENT / MÜVEKKİL","ClientApprovalController.create — POST /api/client-approvals/case/:caseId","MERGED","true","true","true","true","1","","false","OPERABLE_UNVERIFIED","NONE","","project/apps/api/src/main.ts:22 | project/apps/api/src/modules/client-approval/client-approval.controller.ts:27 | project/apps/api/src/modules/client-approval/client-approval.module.ts:ClientApprovalModule.controllers","ADD_REPRESENTATIVE_L6_VERIFICATION"
"HTTP-7A04D24F5C1E","UYAP CONNECTOR","IcrabotController.getUyapScreenIds — GET /api/icrabot/ui-map/screens","IMPLEMENTED | MERGED","true","true","true","true","1","","false","OPERABLE_UNVERIFIED","NONE","","project/apps/api/src/main.ts:22 | project/apps/api/src/modules/icrabot/icrabot.controller.ts:302 | project/apps/api/src/modules/icrabot/icrabot.module.ts:IcrabotModule.controllers","ADD_REPRESENTATIVE_L6_VERIFICATION"
"HTTP-7A1B27813D04","CLIENT / MÜVEKKİL","ClientNotificationController.getClientNotifications — GET /api/client-notifications/client/:clientId","IMPLEMENTED","true","true","true","true","1","","false","OPERABLE_UNVERIFIED","NONE","","project/apps/api/src/main.ts:22 | project/apps/api/src/modules/client-notification/client-notification.controller.ts:73 | project/apps/api/src/modules/client-notification/client-notification.module.ts:ClientNotificationModule.controllers","ADD_REPRESENTATIVE_L6_VERIFICATION"
"HTTP-7A8A8C1CEB76","SHARED PLATFORM / INFRASTRUCTURE","CaseController.getCaseDebtorsWithNotification — GET /api/cases/:id/debtors/notifications","CANONICAL | IMPLEMENTED | MERGED","true","true","true","true","1","","false","OPERABLE_UNVERIFIED","NONE","","project/apps/api/src/main.ts:22 | project/apps/api/src/modules/case/case.controller.ts:393 | project/apps/api/src/modules/case/case.module.ts:CaseModule.controllers","ADD_REPRESENTATIVE_L6_VERIFICATION"
"HTTP-7A9DE48F8EAB","DEBTOR / BORÇLU","DebtorController.updateAddress — PUT /api/debtors/:id/addresses/:addressId","IMPLEMENTED | MERGED","true","true","true","true","1","","false","OPERABLE_UNVERIFIED","NONE","","project/apps/api/src/main.ts:22 | project/apps/api/src/modules/debtor/debtor.controller.ts:290 | project/apps/api/src/modules/debtor/debtor.module.ts:DebtorModule.controllers","ADD_REPRESENTATIVE_L6_VERIFICATION"
"HTTP-7AD7CA65C6AF","UYAP CONNECTOR","TebligatController.markAsSent — POST /api/tebligat/:id/send","IMPLEMENTED | MERGED","true","true","true","true","1","","false","OPERABLE_UNVERIFIED","NONE","","project/apps/api/src/main.ts:22 | project/apps/api/src/modules/tebligat/tebligat.controller.ts:99 | project/apps/api/src/modules/tebligat/tebligat.module.ts:TebligatModule.controllers","ADD_REPRESENTATIVE_L6_VERIFICATION"
"HTTP-7B4304111E77","SHARED PLATFORM / INFRASTRUCTURE","TariffController.updateTariff — PUT /api/tariffs/:year","IMPLEMENTED","true","true","true","true","1","","false","OPERABLE_UNVERIFIED","NONE","","project/apps/api/src/main.ts:22 | project/apps/api/src/modules/tariff/tariff.controller.ts:51 | project/apps/api/src/modules/tariff/tariff.module.ts:TariffModule.controllers","ADD_REPRESENTATIVE_L6_VERIFICATION"
"HTTP-7B6FBC41D03C","SHARED PLATFORM / INFRASTRUCTURE","CaseInstrumentController.findAllByCase — GET /api/case-instruments/case/:caseId","IMPLEMENTED | MERGED","true","true","true","true","1","","false","OPERABLE_UNVERIFIED","NONE","","project/apps/api/src/main.ts:22 | project/apps/api/src/modules/case-instrument/case-instrument.controller.ts:37 | project/apps/api/src/modules/case-instrument/case-instrument.module.ts:CaseInstrumentModule.controllers","ADD_REPRESENTATIVE_L6_VERIFICATION"
"HTTP-7B756635C8F1","UYAP CONNECTOR","TebligatController.getPendingActions — GET /api/tebligat/pending-actions","IMPLEMENTED | MERGED","true","true","true","true","1","","false","OPERABLE_UNVERIFIED","NONE","","project/apps/api/src/main.ts:22 | project/apps/api/src/modules/tebligat/tebligat.controller.ts:191 | project/apps/api/src/modules/tebligat/tebligat.module.ts:TebligatModule.controllers","ADD_REPRESENTATIVE_L6_VERIFICATION"
"HTTP-7BB0075E0736","OFFICE / AVUKAT-PERSONEL","OfficeController.updatePoaExpirySettings — PUT /api/office/poa-expiry-settings","IMPLEMENTED | MERGED","true","true","true","true","1","","false","OPERABLE_UNVERIFIED","NONE","","project/apps/api/src/main.ts:22 | project/apps/api/src/modules/office/office.controller.ts:220 | project/apps/api/src/modules/office/office.module.ts:OfficeModule.controllers","ADD_REPRESENTATIVE_L6_VERIFICATION"
"HTTP-7BE38E164C6E","SHARED PLATFORM / INFRASTRUCTURE","RelatedLawsuitsController.getUyapCode — GET /api/related-lawsuits/uyap-code/:lawsuitCode","IMPLEMENTED | MERGED","true","true","true","true","1","","false","OPERABLE_UNVERIFIED","NONE","","project/apps/api/src/main.ts:22 | project/apps/api/src/modules/related-lawsuits/related-lawsuits.controller.ts:193 | project/apps/api/src/modules/related-lawsuits/related-lawsuits.module.ts:RelatedLawsuitsModule.controllers","ADD_REPRESENTATIVE_L6_VERIFICATION"
"HTTP-7BEC2D39E1D2","OFFICE / AVUKAT-PERSONEL","LawyerController.setDefaults — PUT /api/lawyers/defaults/set","IMPLEMENTED | MERGED","true","true","true","true","1","","false","OPERABLE_UNVERIFIED","NONE","","project/apps/api/src/main.ts:22 | project/apps/api/src/modules/lawyer/lawyer.controller.ts:193 | project/apps/api/src/modules/lawyer/lawyer.module.ts:LawyerModule.controllers","ADD_REPRESENTATIVE_L6_VERIFICATION"
"HTTP-7C5DC05D7717","SHARED PLATFORM / INFRASTRUCTURE","LimitationEngineController.recommendEnforcement — POST /api/limitation-engine/recommend","IMPLEMENTED","true","true","true","true","1","","false","OPERABLE_UNVERIFIED","NONE","","project/apps/api/src/main.ts:22 | project/apps/api/src/modules/limitation-engine/limitation-engine.controller.ts:140 | project/apps/api/src/modules/limitation-engine/limitation-engine.module.ts:LimitationEngineModule.controllers","ADD_REPRESENTATIVE_L6_VERIFICATION"
"HTTP-7CE67FD47522","SHARED PLATFORM / INFRASTRUCTURE","PolicyEngineController.health — GET /api/policy-engine/health","IMPLEMENTED | MERGED","true","true","true","true","1","","false","OPERABLE_UNVERIFIED","NONE","","project/apps/api/src/main.ts:22 | project/apps/api/src/modules/policy-engine/policy-engine.controller.ts:285 | project/apps/api/src/modules/policy-engine/policy-engine.module.ts:PolicyEngineModule.controllers","ADD_REPRESENTATIVE_L6_VERIFICATION"
"HTTP-7D5397E6B29D","SHARED PLATFORM / INFRASTRUCTURE","PlaybookController.changeMode — POST /api/calc/diagnostics/playbooks/:id/mode","IMPLEMENTED","true","false","false","false","0","","false","CODE_PRESENT_UNBOUND","P1","PlaybookController hiçbir production-reachable module controllers listesinde değil.","project/apps/api/src/main.ts:22 | project/apps/api/src/modules/calc-preview/diagnostics/playbook/playbook.controller.ts:180","OWNER_REVIEW_BIND_OR_DISPOSITION"
"HTTP-7DB2379ACE6F","CLIENT / MÜVEKKİL","ClientNotificationController.updateEmailTemplate — PUT /api/client-notifications/templates/:id","IMPLEMENTED","true","true","true","true","1","","false","OPERABLE_UNVERIFIED","NONE","","project/apps/api/src/main.ts:22 | project/apps/api/src/modules/client-notification/client-notification.controller.ts:117 | project/apps/api/src/modules/client-notification/client-notification.module.ts:ClientNotificationModule.controllers","ADD_REPRESENTATIVE_L6_VERIFICATION"
"HTTP-7DFAB594B6F1","RECEIVABLE / ALACAK","FeeEngineController.calculate — POST /api/fee-engine/calculate","IMPLEMENTED","true","true","true","true","1","","false","OPERABLE_UNVERIFIED","NONE","","project/apps/api/src/main.ts:22 | project/apps/api/src/modules/fee-engine/fee-engine.controller.ts:298 | project/apps/api/src/modules/fee-engine/fee-engine.module.ts:FeeEngineModule.controllers","ADD_REPRESENTATIVE_L6_VERIFICATION"
"HTTP-7E0EBF677632","DEBTOR / BORÇLU","AddressDiscoveryController.createUyapQuery — POST /api/address-discovery/uyap-query","IMPLEMENTED | MERGED","true","true","true","true","1","","false","OPERABLE_UNVERIFIED","NONE","","project/apps/api/src/main.ts:22 | project/apps/api/src/modules/address-discovery/address-discovery.controller.ts:335 | project/apps/api/src/modules/address-discovery/address-discovery.module.ts:AddressDiscoveryModule.controllers","ADD_REPRESENTATIVE_L6_VERIFICATION"
"HTTP-7EC03DEC69A1","SHARED PLATFORM / INFRASTRUCTURE","ExportImportController.getClientTemplate — GET /api/export-import/clients/template","IMPLEMENTED | MERGED","true","true","true","true","1","","false","OPERABLE_UNVERIFIED","NONE","","project/apps/api/src/main.ts:22 | project/apps/api/src/modules/export-import/export-import.controller.ts:149 | project/apps/api/src/modules/export-import/export-import.module.ts:ExportImportModule.controllers","ADD_REPRESENTATIVE_L6_VERIFICATION"
"HTTP-7ECC16219BA4","SHARED PLATFORM / INFRASTRUCTURE","MessageTemplateController.findByCode — GET /api/message-templates/by-code/:code","IMPLEMENTED","true","true","true","true","1","","false","OPERABLE_UNVERIFIED","NONE","","project/apps/api/src/main.ts:22 | project/apps/api/src/modules/message-template/message-template.controller.ts:30 | project/apps/api/src/modules/message-template/message-template.module.ts:MessageTemplateModule.controllers","ADD_REPRESENTATIVE_L6_VERIFICATION"
"HTTP-7ED0F8C1EF40","SHARED PLATFORM / INFRASTRUCTURE","AccountingJournalCutoverReadinessController.getCutoverReadiness — GET /api/accounting-journal/cutover-readiness","IMPLEMENTED","true","true","true","true","1","","false","OPERABLE_UNVERIFIED","NONE","","project/apps/api/src/main.ts:22 | project/apps/api/src/modules/accounting-journal/accounting-journal-cutover-readiness.controller.ts:31 | project/apps/api/src/modules/accounting-journal/accounting-journal-trial-balance.module.ts:AccountingJournalTrialBalanceModule.controllers","ADD_REPRESENTATIVE_L6_VERIFICATION"
"HTTP-7EF89C9932D2","UYAP CONNECTOR","BundleController.triggerSchedulerTick — POST /api/icrabot/bundles/scheduler/tick","IMPLEMENTED","true","true","true","true","1","","false","OPERABLE_UNVERIFIED","NONE","","project/apps/api/src/main.ts:22 | project/apps/api/src/modules/icrabot/bundle/bundle.controller.ts:153 | project/apps/api/src/modules/icrabot/icrabot.module.ts:IcrabotModule.controllers","ADD_REPRESENTATIVE_L6_VERIFICATION"
"HTTP-7F5A168A47EF","UYAP CONNECTOR","UyapController.getStatus — GET /api/uyap/status","IMPLEMENTED | MERGED","true","true","true","true","1","","false","OPERABLE_UNVERIFIED","NONE","","project/apps/api/src/main.ts:22 | project/apps/api/src/modules/uyap/uyap.controller.ts:78 | project/apps/api/src/modules/uyap/uyap.module.ts:UyapModule.controllers","ADD_REPRESENTATIVE_L6_VERIFICATION"
"HTTP-7F725AE79F00","SHARED PLATFORM / INFRASTRUCTURE","PlaybookController.getPlaybook — GET /api/calc/diagnostics/playbooks/:id","IMPLEMENTED","true","false","false","false","0","","false","CODE_PRESENT_UNBOUND","P1","PlaybookController hiçbir production-reachable module controllers listesinde değil.","project/apps/api/src/main.ts:22 | project/apps/api/src/modules/calc-preview/diagnostics/playbook/playbook.controller.ts:122","OWNER_REVIEW_BIND_OR_DISPOSITION"
"HTTP-7FEDBFDF6030","UYAP CONNECTOR","UyapController.validateCasePoa — GET /api/uyap/poa/validate/case/:caseId","IMPLEMENTED | MERGED","true","true","true","true","1","","false","OPERABLE_UNVERIFIED","NONE","","project/apps/api/src/main.ts:22 | project/apps/api/src/modules/uyap/uyap.controller.ts:62 | project/apps/api/src/modules/uyap/uyap.module.ts:UyapModule.controllers","ADD_REPRESENTATIVE_L6_VERIFICATION"
"HTTP-8008A69CC9EC","DEBTOR / BORÇLU","CommunicationController.sendSms — POST /api/debtors/:debtorId/communications/sms","IMPLEMENTED","true","true","true","true","1","","false","OPERABLE_UNVERIFIED","NONE","","project/apps/api/src/main.ts:22 | project/apps/api/src/modules/debtor/communication.controller.ts:22 | project/apps/api/src/modules/debtor/debtor.module.ts:DebtorModule.controllers","ADD_REPRESENTATIVE_L6_VERIFICATION"
"HTTP-8012F7CFE9E6","SHARED PLATFORM / INFRASTRUCTURE","ExchangeRateController.convert — GET /api/exchange-rate/convert","IMPLEMENTED","true","true","true","true","1","","false","OPERABLE_UNVERIFIED","NONE","","project/apps/api/src/main.ts:22 | project/apps/api/src/modules/exchange-rate/exchange-rate.controller.ts:30 | project/apps/api/src/modules/exchange-rate/exchange-rate.module.ts:ExchangeRateModule.controllers","ADD_REPRESENTATIVE_L6_VERIFICATION"
"HTTP-8047B7994FF3","UYAP CONNECTOR","OpsController.unpauseRecipe — POST /api/icrabot/ops/unpause-recipe","IMPLEMENTED","true","true","true","true","1","","false","OPERABLE_UNVERIFIED","NONE","","project/apps/api/src/main.ts:22 | project/apps/api/src/modules/icrabot/icrabot.module.ts:IcrabotModule.controllers | project/apps/api/src/modules/icrabot/ops/ops.controller.ts:149","ADD_REPRESENTATIVE_L6_VERIFICATION"
"HTTP-804B55CF2676","RECEIVABLE / ALACAK","ClaimEngineController.getDefaults — GET /api/claim-engine/defaults","IMPLEMENTED","true","true","true","true","1","","false","OPERABLE_UNVERIFIED","NONE","","project/apps/api/src/main.ts:22 | project/apps/api/src/modules/claim-engine/claim-engine.controller.ts:139 | project/apps/api/src/modules/claim-engine/claim-engine.module.ts:ClaimEngineModule.controllers","ADD_REPRESENTATIVE_L6_VERIFICATION"
"HTTP-805AF53D69E9","UYAP CONNECTOR","TebligatController.checkUetsRegistration — GET /api/tebligat/uets-check/:tcVkn","IMPLEMENTED | MERGED","true","true","true","true","1","","false","OPERABLE_UNVERIFIED","NONE","","project/apps/api/src/main.ts:22 | project/apps/api/src/modules/tebligat/tebligat.controller.ts:223 | project/apps/api/src/modules/tebligat/tebligat.module.ts:TebligatModule.controllers","ADD_REPRESENTATIVE_L6_VERIFICATION"
"HTTP-808E1BB0B6B3","CLIENT / MÜVEKKİL","ClientPayoutManualReversalController.list — GET /api/client-payout-manual-reversals","IMPLEMENTED | MERGED","true","true","true","true","1","","false","OPERABLE_UNVERIFIED","NONE","","project/apps/api/src/main.ts:22 | project/apps/api/src/modules/client-settlement/client-payout-manual-reversal.controller.ts:30 | project/apps/api/src/modules/client-settlement/client-settlement.module.ts:ClientSettlementModule.controllers","ADD_REPRESENTATIVE_L6_VERIFICATION"
"HTTP-809E0AD4E7FF","SHARED PLATFORM / INFRASTRUCTURE","TemplateEngineController.downloadArtifact — GET /api/template-engine/documents/:artifactId/download","IMPLEMENTED | MERGED","true","true","true","true","1","","false","OPERABLE_UNVERIFIED","NONE","","project/apps/api/src/main.ts:22 | project/apps/api/src/modules/template-engine/template-engine.controller.ts:879 | project/apps/api/src/modules/template-engine/template-engine.module.ts:TemplateEngineModule.controllers","ADD_REPRESENTATIVE_L6_VERIFICATION"
"HTTP-814566AFB468","SHARED PLATFORM / INFRASTRUCTURE","TariffController.getGazetteStatus — GET /api/tariffs/gazette/status","IMPLEMENTED","true","true","true","true","1","","false","OPERABLE_UNVERIFIED","NONE","","project/apps/api/src/main.ts:22 | project/apps/api/src/modules/tariff/tariff.controller.ts:123 | project/apps/api/src/modules/tariff/tariff.module.ts:TariffModule.controllers","ADD_REPRESENTATIVE_L6_VERIFICATION"
"HTTP-814A864002B4","DEBTOR / BORÇLU","AddressDiscoveryController.getCrossFileAddressCount — GET /api/address-discovery/cross-file/:debtorId/count","IMPLEMENTED | MERGED","true","true","true","true","1","","false","OPERABLE_UNVERIFIED","NONE","","project/apps/api/src/main.ts:22 | project/apps/api/src/modules/address-discovery/address-discovery.controller.ts:156 | project/apps/api/src/modules/address-discovery/address-discovery.module.ts:AddressDiscoveryModule.controllers","ADD_REPRESENTATIVE_L6_VERIFICATION"
"HTTP-81A9BC6AB3D2","OFFICE / AVUKAT-PERSONEL","OfficeController.getSmsSettings — GET /api/office/sms-settings","IMPLEMENTED | MERGED","true","true","true","true","1","","false","OPERABLE_UNVERIFIED","NONE","","project/apps/api/src/main.ts:22 | project/apps/api/src/modules/office/office.controller.ts:150 | project/apps/api/src/modules/office/office.module.ts:OfficeModule.controllers","ADD_REPRESENTATIVE_L6_VERIFICATION"
"HTTP-81D376E5FAFB","DEBTOR / BORÇLU","AssetQueryController.getQueryById — GET /api/asset-queries/:queryId","IMPLEMENTED","true","true","true","true","1","","false","OPERABLE_UNVERIFIED","NONE","","project/apps/api/src/main.ts:22 | project/apps/api/src/modules/asset-query/asset-query.controller.ts:62 | project/apps/api/src/modules/asset-query/asset-query.module.ts:AssetQueryModule.controllers","ADD_REPRESENTATIVE_L6_VERIFICATION"
"HTTP-81FB92410782","SHARED PLATFORM / INFRASTRUCTURE","TariffController.getGazetteNotifications — GET /api/tariffs/gazette/notifications","IMPLEMENTED","true","true","true","true","1","","false","OPERABLE_UNVERIFIED","NONE","","project/apps/api/src/main.ts:22 | project/apps/api/src/modules/tariff/tariff.controller.ts:89 | project/apps/api/src/modules/tariff/tariff.module.ts:TariffModule.controllers","ADD_REPRESENTATIVE_L6_VERIFICATION"
"HTTP-82449CBA8CA5","SHARED PLATFORM / INFRASTRUCTURE","NotificationController.findByCaseId — GET /api/notifications/case/:caseId","IMPLEMENTED | MERGED","true","true","true","true","1","","false","OPERABLE_UNVERIFIED","NONE","","project/apps/api/src/main.ts:22 | project/apps/api/src/modules/notification/notification.controller.ts:27 | project/apps/api/src/modules/notification/notification.module.ts:NotificationModule.controllers","ADD_REPRESENTATIVE_L6_VERIFICATION"
"HTTP-826BB5C5285E","SHARED PLATFORM / INFRASTRUCTURE","TemplateEngineController.downloadPdfFromCase — GET /api/template-engine/case/:caseId/pdf","IMPLEMENTED | MERGED","true","true","true","true","1","","false","OPERABLE_UNVERIFIED","NONE","","project/apps/api/src/main.ts:22 | project/apps/api/src/modules/template-engine/template-engine.controller.ts:401 | project/apps/api/src/modules/template-engine/template-engine.module.ts:TemplateEngineModule.controllers","ADD_REPRESENTATIVE_L6_VERIFICATION"
"HTTP-8277FB75EFF8","SHARED PLATFORM / INFRASTRUCTURE","PoaController.deleteFile — DELETE /api/poa/:id/file","IMPLEMENTED | MERGED","true","true","true","true","1","","false","OPERABLE_UNVERIFIED","NONE","","project/apps/api/src/main.ts:22 | project/apps/api/src/modules/poa/poa.controller.ts:183 | project/apps/api/src/modules/poa/poa.module.ts:PoaModule.controllers","ADD_REPRESENTATIVE_L6_VERIFICATION"
"HTTP-82ACE58E383E","SHARED PLATFORM / INFRASTRUCTURE","TariffController.importTariff — POST /api/tariffs/:year/import","IMPLEMENTED","true","true","true","true","1","","false","OPERABLE_UNVERIFIED","NONE","","project/apps/api/src/main.ts:22 | project/apps/api/src/modules/tariff/tariff.controller.ts:66 | project/apps/api/src/modules/tariff/tariff.module.ts:TariffModule.controllers","ADD_REPRESENTATIVE_L6_VERIFICATION"
"HTTP-82FA7EB8C205","CLIENT / MÜVEKKİL","ClientNotificationController.getEmailTemplates — GET /api/client-notifications/templates","IMPLEMENTED","true","true","true","true","1","","false","OPERABLE_UNVERIFIED","NONE","","project/apps/api/src/main.ts:22 | project/apps/api/src/modules/client-notification/client-notification.controller.ts:91 | project/apps/api/src/modules/client-notification/client-notification.module.ts:ClientNotificationModule.controllers","ADD_REPRESENTATIVE_L6_VERIFICATION"
"HTTP-82FD4F7AE8F4","SHARED PLATFORM / INFRASTRUCTURE","DocumentController.getIhbarname89_1 — POST /api/documents/case/:caseId/ihbarname-89-1","IMPLEMENTED | MERGED","true","true","true","true","1","","false","OPERABLE_UNVERIFIED","NONE","","project/apps/api/src/main.ts:22 | project/apps/api/src/modules/document/document.controller.ts:234 | project/apps/api/src/modules/document/document.module.ts:DocumentModule.controllers","ADD_REPRESENTATIVE_L6_VERIFICATION"
"HTTP-83293E414822","SHARED PLATFORM / INFRASTRUCTURE","TemplateEngineController.downloadTakipTalebiXml — POST /api/template-engine/takip-talebi/xml","IMPLEMENTED | MERGED","true","true","true","true","1","","false","OPERABLE_UNVERIFIED","NONE","","project/apps/api/src/main.ts:22 | project/apps/api/src/modules/template-engine/template-engine.controller.ts:515 | project/apps/api/src/modules/template-engine/template-engine.module.ts:TemplateEngineModule.controllers","ADD_REPRESENTATIVE_L6_VERIFICATION"
"HTTP-83621F6C784F","UYAP CONNECTOR","AdminController.getJobAlerts — GET /api/icrabot/admin/jobs/alerts","IMPLEMENTED","true","true","true","true","1","","false","OPERABLE_UNVERIFIED","NONE","","project/apps/api/src/main.ts:22 | project/apps/api/src/modules/icrabot/admin/admin.controller.ts:228 | project/apps/api/src/modules/icrabot/icrabot.module.ts:IcrabotModule.controllers","ADD_REPRESENTATIVE_L6_VERIFICATION"
"HTTP-83A1F8D90D4D","AUTH / TENANT / SECURITY","UserInviteController.accept — POST /api/auth/accept-invite","MERGED","true","true","","true","1","","false","UNKNOWN_REQUIRES_EVIDENCE","NONE","","project/apps/api/src/main.ts:22 | project/apps/api/src/modules/auth/auth.module.ts:AuthModule.controllers | project/apps/api/src/modules/auth/invite/user-invite.controller.ts:57","COLLECT_MISSING_EVIDENCE"
"HTTP-83A88A5880CD","UYAP CONNECTOR","BundleController.updateBundle — PUT /api/icrabot/bundles/:id","IMPLEMENTED","true","true","true","true","1","","false","OPERABLE_UNVERIFIED","NONE","","project/apps/api/src/main.ts:22 | project/apps/api/src/modules/icrabot/bundle/bundle.controller.ts:71 | project/apps/api/src/modules/icrabot/icrabot.module.ts:IcrabotModule.controllers","ADD_REPRESENTATIVE_L6_VERIFICATION"
"HTTP-83EFF4C48E66","SHARED PLATFORM / INFRASTRUCTURE","RelatedLawsuitsController.getLawsuitType — GET /api/related-lawsuits/types/:code","IMPLEMENTED | MERGED","true","true","true","true","1","","false","OPERABLE_UNVERIFIED","NONE","","project/apps/api/src/main.ts:22 | project/apps/api/src/modules/related-lawsuits/related-lawsuits.controller.ts:91 | project/apps/api/src/modules/related-lawsuits/related-lawsuits.module.ts:RelatedLawsuitsModule.controllers","ADD_REPRESENTATIVE_L6_VERIFICATION"
"HTTP-8432BB2262AE","RECEIVABLE / ALACAK","ClaimEngineController.getTemplate — GET /api/claim-engine/template/:subCategory","IMPLEMENTED","true","true","true","true","1","","false","OPERABLE_UNVERIFIED","NONE","","project/apps/api/src/main.ts:22 | project/apps/api/src/modules/claim-engine/claim-engine.controller.ts:112 | project/apps/api/src/modules/claim-engine/claim-engine.module.ts:ClaimEngineModule.controllers","ADD_REPRESENTATIVE_L6_VERIFICATION"
"HTTP-843441002236","SHARED PLATFORM / INFRASTRUCTURE","ExpenseRequestController.markAsReceived — POST /api/expense-requests/:id/receive","IMPLEMENTED | MERGED","true","true","true","true","1","","false","OPERABLE_UNVERIFIED","NONE","","project/apps/api/src/main.ts:22 | project/apps/api/src/modules/expense-request/expense-request.controller.ts:103 | project/apps/api/src/modules/expense-request/expense-request.module.ts:ExpenseRequestModule.controllers","ADD_REPRESENTATIVE_L6_VERIFICATION"
"HTTP-84628984ABB3","CLIENT / MÜVEKKİL","ClientNotificationController.sendSms — POST /api/client-notifications/send-sms","IMPLEMENTED","true","true","true","true","1","","false","OPERABLE_UNVERIFIED","NONE","","project/apps/api/src/main.ts:22 | project/apps/api/src/modules/client-notification/client-notification.controller.ts:57 | project/apps/api/src/modules/client-notification/client-notification.module.ts:ClientNotificationModule.controllers","ADD_REPRESENTATIVE_L6_VERIFICATION"
"HTTP-846DCDA0777A","AUTH / TENANT / SECURITY","AuthController.login — POST /api/auth/login","IMPLEMENTED | MERGED","true","true","","true","1","","false","UNKNOWN_REQUIRES_EVIDENCE","NONE","","project/apps/api/src/main.ts:22 | project/apps/api/src/modules/auth/auth.controller.ts:31 | project/apps/api/src/modules/auth/auth.module.ts:AuthModule.controllers","COLLECT_MISSING_EVIDENCE"
"HTTP-84C6D5D8A6A2","SHARED PLATFORM / INFRASTRUCTURE","TemplateEngineController.generateOdemeEmriFromCase — GET /api/template-engine/odeme-emri/case/:caseId","IMPLEMENTED | MERGED","true","true","true","true","1","","false","OPERABLE_UNVERIFIED","NONE","","project/apps/api/src/main.ts:22 | project/apps/api/src/modules/template-engine/template-engine.controller.ts:333 | project/apps/api/src/modules/template-engine/template-engine.module.ts:TemplateEngineModule.controllers","ADD_REPRESENTATIVE_L6_VERIFICATION"
"HTTP-84FBA59856E3","DEBTOR / BORÇLU","AddressDiscoveryController.updateAllScoresForDebtor — POST /api/address-discovery/confidence/debtor/:debtorId/update-all","IMPLEMENTED | MERGED","true","true","true","true","1","","false","OPERABLE_UNVERIFIED","NONE","","project/apps/api/src/main.ts:22 | project/apps/api/src/modules/address-discovery/address-discovery.controller.ts:233 | project/apps/api/src/modules/address-discovery/address-discovery.module.ts:AddressDiscoveryModule.controllers","ADD_REPRESENTATIVE_L6_VERIFICATION"
"HTTP-855380041E17","RECEIVABLE / ALACAK","CaseBalanceController.getLedger — GET /api/cases/:caseId/balance/ledger","IMPLEMENTED","true","true","true","true","1","","false","OPERABLE_UNVERIFIED","NONE","","project/apps/api/src/main.ts:22 | project/apps/api/src/modules/case-balance/case-balance.controller.ts:29 | project/apps/api/src/modules/case-balance/case-balance.module.ts:CaseBalanceModule.controllers","ADD_REPRESENTATIVE_L6_VERIFICATION"
"HTTP-856008ADBA79","CLIENT / MÜVEKKİL","ClientOffsetController.list — GET /api/client-offsets/client/:clientId","IMPLEMENTED | MERGED","true","true","true","true","1","","false","BOUND_DORMANT","P2","","project/apps/api/src/main.ts:22 | project/apps/api/src/modules/client-settlement/client-offset.controller.ts:40 | project/apps/api/src/modules/client-settlement/client-settlement.module.ts:ClientSettlementModule.controllers","VERIFY_ACTIVATION_AUTHORITY_AND_DEPLOYED_VALUE"
"HTTP-85999FEA6DFB","OFFICE / AVUKAT-PERSONEL","ReportingLineController.end — POST /api/reporting-lines/end","MERGED","true","true","true","true","1","","false","OPERABLE_UNVERIFIED","NONE","","project/apps/api/src/main.ts:22 | project/apps/api/src/modules/reporting-line/reporting-line.controller.ts:44 | project/apps/api/src/modules/reporting-line/reporting-line.module.ts:ReportingLineModule.controllers","ADD_REPRESENTATIVE_L6_VERIFICATION"
"HTTP-85C10362A740","SHARED PLATFORM / INFRASTRUCTURE","CaseController.updateCaseStaff — PATCH /api/cases/:id/staff/:caseStaffId","CANONICAL | IMPLEMENTED | MERGED","true","true","true","true","1","","false","OPERABLE_UNVERIFIED","NONE","","project/apps/api/src/main.ts:22 | project/apps/api/src/modules/case/case.controller.ts:547 | project/apps/api/src/modules/case/case.module.ts:CaseModule.controllers","ADD_REPRESENTATIVE_L6_VERIFICATION"
"HTTP-85CE3E4474C9","SHARED PLATFORM / INFRASTRUCTURE","PoaController.addLawyers — POST /api/poa/:id/lawyers","IMPLEMENTED | MERGED","true","true","true","true","1","","false","OPERABLE_UNVERIFIED","NONE","","project/apps/api/src/main.ts:22 | project/apps/api/src/modules/poa/poa.controller.ts:124 | project/apps/api/src/modules/poa/poa.module.ts:PoaModule.controllers","ADD_REPRESENTATIVE_L6_VERIFICATION"
"HTTP-85D131A05AC3","CLIENT / MÜVEKKİL","PortalController.getCaseDetail — GET /api/portal/cases/:id","IMPLEMENTED | MERGED","true","true","","true","1","","false","UNKNOWN_REQUIRES_EVIDENCE","NONE","","project/apps/api/src/main.ts:22 | project/apps/api/src/modules/portal/portal.controller.ts:100 | project/apps/api/src/modules/portal/portal.module.ts:PortalModule.controllers","COLLECT_MISSING_EVIDENCE"
"HTTP-85D81DE12938","UYAP CONNECTOR","IcrabotController.getRecipes — GET /api/icrabot/recipes","IMPLEMENTED | MERGED","true","true","true","true","1","","false","OPERABLE_UNVERIFIED","NONE","","project/apps/api/src/main.ts:22 | project/apps/api/src/modules/icrabot/icrabot.controller.ts:46 | project/apps/api/src/modules/icrabot/icrabot.module.ts:IcrabotModule.controllers","ADD_REPRESENTATIVE_L6_VERIFICATION"
"HTTP-865A2613360C","SHARED PLATFORM / INFRASTRUCTURE","PoaController.getExpiringPoas — GET /api/poa/expiring/list","IMPLEMENTED | MERGED","true","true","true","true","1","","false","OPERABLE_UNVERIFIED","NONE","","project/apps/api/src/main.ts:22 | project/apps/api/src/modules/poa/poa.controller.ts:61 | project/apps/api/src/modules/poa/poa.module.ts:PoaModule.controllers","ADD_REPRESENTATIVE_L6_VERIFICATION"
"HTTP-867DB675BF33","SHARED PLATFORM / INFRASTRUCTURE","CaseController.getCaseFinanceSummary — GET /api/cases/:id/finance-summary","CANONICAL | IMPLEMENTED | MERGED","true","true","true","true","1","","false","OPERABLE_UNVERIFIED","NONE","","project/apps/api/src/main.ts:22 | project/apps/api/src/modules/case/case.controller.ts:765 | project/apps/api/src/modules/case/case.module.ts:CaseModule.controllers","ADD_REPRESENTATIVE_L6_VERIFICATION"
"HTTP-86F27F82589E","OFFICE / AVUKAT-PERSONEL","OfficeController.updateIik78Settings — PUT /api/office/iik78-settings","IMPLEMENTED | MERGED","true","true","true","true","1","","false","OPERABLE_UNVERIFIED","NONE","","project/apps/api/src/main.ts:22 | project/apps/api/src/modules/office/office.controller.ts:200 | project/apps/api/src/modules/office/office.module.ts:OfficeModule.controllers","ADD_REPRESENTATIVE_L6_VERIFICATION"
"HTTP-870D1648531B","CLIENT / MÜVEKKİL","ClientNotificationController.sendEmail — POST /api/client-notifications/send-email","IMPLEMENTED","true","true","true","true","1","","false","OPERABLE_UNVERIFIED","NONE","","project/apps/api/src/main.ts:22 | project/apps/api/src/modules/client-notification/client-notification.controller.ts:39 | project/apps/api/src/modules/client-notification/client-notification.module.ts:ClientNotificationModule.controllers","ADD_REPRESENTATIVE_L6_VERIFICATION"
"HTTP-875294D32063","CLIENT / MÜVEKKİL","ClientApprovalController.expire — POST /api/client-approvals/:id/expire","MERGED","true","true","true","true","1","","false","OPERABLE_UNVERIFIED","NONE","","project/apps/api/src/main.ts:22 | project/apps/api/src/modules/client-approval/client-approval.controller.ts:67 | project/apps/api/src/modules/client-approval/client-approval.module.ts:ClientApprovalModule.controllers","ADD_REPRESENTATIVE_L6_VERIFICATION"
"HTTP-8785453AA9BA","SHARED PLATFORM / INFRASTRUCTURE","ExportImportController.exportCasesPdf — GET /api/export-import/cases/pdf","IMPLEMENTED | MERGED","true","true","true","true","1","","false","OPERABLE_UNVERIFIED","NONE","","project/apps/api/src/main.ts:22 | project/apps/api/src/modules/export-import/export-import.controller.ts:129 | project/apps/api/src/modules/export-import/export-import.module.ts:ExportImportModule.controllers","ADD_REPRESENTATIVE_L6_VERIFICATION"
"HTTP-878D91A57523","SHARED PLATFORM / INFRASTRUCTURE","TemplateEngineController.previewTakipTalebi — POST /api/template-engine/takip-talebi/preview","IMPLEMENTED | MERGED","true","true","true","true","1","","false","OPERABLE_UNVERIFIED","NONE","","project/apps/api/src/main.ts:22 | project/apps/api/src/modules/template-engine/template-engine.controller.ts:286 | project/apps/api/src/modules/template-engine/template-engine.module.ts:TemplateEngineModule.controllers","ADD_REPRESENTATIVE_L6_VERIFICATION"
"HTTP-87E9D045FAA5","CLIENT / MÜVEKKİL","ClientController.uploadPoaFile — POST /api/clients/:clientId/poas/:poaId/file","IMPLEMENTED | MERGED","true","true","true","true","1","","false","OPERABLE_UNVERIFIED","NONE","","project/apps/api/src/main.ts:22 | project/apps/api/src/modules/client/client.controller.ts:204 | project/apps/api/src/modules/client/client.module.ts:ClientModule.controllers","ADD_REPRESENTATIVE_L6_VERIFICATION"
"HTTP-88207A721377","SHARED PLATFORM / INFRASTRUCTURE","ReportController.getCaseDebtReport — GET /api/reports/case-debt/:caseId","IMPLEMENTED | MERGED","true","true","true","true","1","","false","OPERABLE_UNVERIFIED","NONE","","project/apps/api/src/main.ts:22 | project/apps/api/src/modules/report/report.controller.ts:195 | project/apps/api/src/modules/report/report.module.ts:ReportModule.controllers","ADD_REPRESENTATIVE_L6_VERIFICATION"
"HTTP-886A1F91C7EE","SHARED PLATFORM / INFRASTRUCTURE","ExpenseRequestController.canPerformAction — GET /api/expense-requests/case/:caseId/can-perform/:actionType","IMPLEMENTED | MERGED","true","true","true","true","1","","false","OPERABLE_UNVERIFIED","NONE","","project/apps/api/src/main.ts:22 | project/apps/api/src/modules/expense-request/expense-request.controller.ts:244 | project/apps/api/src/modules/expense-request/expense-request.module.ts:ExpenseRequestModule.controllers","ADD_REPRESENTATIVE_L6_VERIFICATION"
"HTTP-88754B4BAF0A","SHARED PLATFORM / INFRASTRUCTURE","ExpenseRequestController.markAsReminded — POST /api/expense-requests/:id/remind","IMPLEMENTED | MERGED","true","true","true","true","1","","false","OPERABLE_UNVERIFIED","NONE","","project/apps/api/src/main.ts:22 | project/apps/api/src/modules/expense-request/expense-request.controller.ts:98 | project/apps/api/src/modules/expense-request/expense-request.module.ts:ExpenseRequestModule.controllers","ADD_REPRESENTATIVE_L6_VERIFICATION"
"HTTP-887AB17B5E14","SHARED PLATFORM / INFRASTRUCTURE","CaseJudgmentController.create — POST /api/case-judgments","IMPLEMENTED","true","true","true","true","1","","false","OPERABLE_UNVERIFIED","NONE","","project/apps/api/src/main.ts:22 | project/apps/api/src/modules/case-judgment/case-judgment.controller.ts:14 | project/apps/api/src/modules/case-judgment/case-judgment.module.ts:CaseJudgmentModule.controllers","ADD_REPRESENTATIVE_L6_VERIFICATION"
"HTTP-887E9BBA3DD8","SHARED PLATFORM / INFRASTRUCTURE","PrecautionaryOrderController.apply — POST /api/precautionary-orders/:id/apply","IMPLEMENTED | MERGED","true","true","true","true","1","","false","OPERABLE_UNVERIFIED","NONE","","project/apps/api/src/main.ts:22 | project/apps/api/src/modules/precautionary-order/precautionary-order.controller.ts:45 | project/apps/api/src/modules/precautionary-order/precautionary-order.module.ts:PrecautionaryOrderModule.controllers","ADD_REPRESENTATIVE_L6_VERIFICATION"
"HTTP-88D400C2B72E","SHARED PLATFORM / INFRASTRUCTURE","CaseJudgmentController.calculateTotalAmount — GET /api/case-judgments/case/:caseId/total","IMPLEMENTED","true","true","true","true","1","","false","OPERABLE_UNVERIFIED","NONE","","project/apps/api/src/main.ts:22 | project/apps/api/src/modules/case-judgment/case-judgment.controller.ts:59 | project/apps/api/src/modules/case-judgment/case-judgment.module.ts:CaseJudgmentModule.controllers","ADD_REPRESENTATIVE_L6_VERIFICATION"
"HTTP-88D5C92213B1","SHARED PLATFORM / INFRASTRUCTURE","StageTriggerController.executeOperation — POST /api/cases/:caseId/operations","IMPLEMENTED","true","true","true","true","1","","false","OPERABLE_UNVERIFIED","NONE","","project/apps/api/src/main.ts:22 | project/apps/api/src/modules/stage-trigger/stage-trigger.controller.ts:44 | project/apps/api/src/modules/stage-trigger/stage-trigger.module.ts:StageTriggerModule.controllers","ADD_REPRESENTATIVE_L6_VERIFICATION"
"HTTP-88F8457A9489","SHARED PLATFORM / INFRASTRUCTURE","ValidationGateController.getPolicy — GET /api/validation-gate/policy","IMPLEMENTED | MERGED","true","true","true","true","1","","false","OPERABLE_UNVERIFIED","NONE","","project/apps/api/src/main.ts:22 | project/apps/api/src/modules/validation-gate/validation-gate.controller.ts:141 | project/apps/api/src/modules/validation-gate/validation-gate.module.ts:ValidationGateModule.controllers","ADD_REPRESENTATIVE_L6_VERIFICATION"
"HTTP-89C52AE8CC59","SHARED PLATFORM / INFRASTRUCTURE","PoaController.uploadFile — POST /api/poa/:id/upload","IMPLEMENTED | MERGED","true","true","true","true","1","","false","OPERABLE_UNVERIFIED","NONE","","project/apps/api/src/main.ts:22 | project/apps/api/src/modules/poa/poa.controller.ts:150 | project/apps/api/src/modules/poa/poa.module.ts:PoaModule.controllers","ADD_REPRESENTATIVE_L6_VERIFICATION"
"HTTP-89DA52A52F45","SHARED PLATFORM / INFRASTRUCTURE","CaseController.suggestCaseType — POST /api/cases/suggest-type","CANONICAL | IMPLEMENTED | MERGED","true","true","true","true","1","","false","OPERABLE_UNVERIFIED","NONE","","project/apps/api/src/main.ts:22 | project/apps/api/src/modules/case/case.controller.ts:285 | project/apps/api/src/modules/case/case.module.ts:CaseModule.controllers","ADD_REPRESENTATIVE_L6_VERIFICATION"
"HTTP-89FCEDE4BD63","SHARED PLATFORM / INFRASTRUCTURE","NotificationController.sendSMS — POST /api/notifications/case/:caseId/sms","IMPLEMENTED | MERGED","true","true","true","true","1","","false","OPERABLE_UNVERIFIED","NONE","","project/apps/api/src/main.ts:22 | project/apps/api/src/modules/notification/notification.controller.ts:68 | project/apps/api/src/modules/notification/notification.module.ts:NotificationModule.controllers","ADD_REPRESENTATIVE_L6_VERIFICATION"
"HTTP-8A25510323CC","SHARED PLATFORM / INFRASTRUCTURE","LookupController.update — PUT /api/lookups/:type/:id","IMPLEMENTED","true","true","true","true","1","","false","OPERABLE_UNVERIFIED","NONE","","project/apps/api/src/main.ts:22 | project/apps/api/src/modules/lookup/lookup.controller.ts:52 | project/apps/api/src/modules/lookup/lookup.module.ts:LookupModule.controllers","ADD_REPRESENTATIVE_L6_VERIFICATION"
"HTTP-8A2ECBDA2CEE","DEBTOR / BORÇLU","AddressDiscoveryController.markInstitutionLetterAsNoResponse — PUT /api/address-discovery/institution-letter/:id/no-response","IMPLEMENTED | MERGED","true","true","true","true","1","","false","OPERABLE_UNVERIFIED","NONE","","project/apps/api/src/main.ts:22 | project/apps/api/src/modules/address-discovery/address-discovery.controller.ts:499 | project/apps/api/src/modules/address-discovery/address-discovery.module.ts:AddressDiscoveryModule.controllers","ADD_REPRESENTATIVE_L6_VERIFICATION"
"HTTP-8A387220E4F9","CLIENT / MÜVEKKİL","ClientController.createIntakeLink — POST /api/clients/:clientId/cases/:caseId/intake-links","IMPLEMENTED | MERGED","true","true","true","true","1","","false","OPERABLE_UNVERIFIED","NONE","","project/apps/api/src/main.ts:22 | project/apps/api/src/modules/client/client.controller.ts:163 | project/apps/api/src/modules/client/client.module.ts:ClientModule.controllers","ADD_REPRESENTATIVE_L6_VERIFICATION"
"HTTP-8A3C9A1FEE73","SHARED PLATFORM / INFRASTRUCTURE","EvidenceBundleController.verifyBundle — GET /api/evidence-bundles/:bundleId/verify","IMPLEMENTED","true","true","true","true","1","","false","OPERABLE_UNVERIFIED","NONE","","project/apps/api/src/main.ts:22 | project/apps/api/src/modules/calc-preview/diagnostics/simulation-api/evidence-bundle.controller.ts:301 | project/apps/api/src/modules/calc-preview/diagnostics/simulation-api/simulation-api.module.ts:SimulationApiModule.controllers","ADD_REPRESENTATIVE_L6_VERIFICATION"
"HTTP-8A5F22B0F914","SHARED PLATFORM / INFRASTRUCTURE","CrossTenantAccessController.listSnapshots — GET /api/api/v1/internal-ops/cross-tenant/:tenantId/snapshots","IMPLEMENTED","true","false","false","false","0","","false","CODE_PRESENT_UNBOUND","P1","CrossTenantAccessController hiçbir production-reachable module controllers listesinde değil.","project/apps/api/src/main.ts:22 | project/apps/api/src/modules/calc-preview/break-glass/controllers/cross-tenant-access.controller.ts:194","OWNER_REVIEW_BIND_OR_DISPOSITION"
"HTTP-8AD3B16C2ED2","UYAP CONNECTOR","IcrabotController.requiresFinalization — GET /api/icrabot/requires-finalization/:icraType","IMPLEMENTED | MERGED","true","true","true","true","1","","false","OPERABLE_UNVERIFIED","NONE","","project/apps/api/src/main.ts:22 | project/apps/api/src/modules/icrabot/icrabot.controller.ts:252 | project/apps/api/src/modules/icrabot/icrabot.module.ts:IcrabotModule.controllers","ADD_REPRESENTATIVE_L6_VERIFICATION"
"HTTP-8B0F2D8ED677","SHARED PLATFORM / INFRASTRUCTURE","PlaybookController.enablePlaybook — POST /api/calc/diagnostics/playbooks/:id/enable","IMPLEMENTED","true","false","false","false","0","","false","CODE_PRESENT_UNBOUND","P1","PlaybookController hiçbir production-reachable module controllers listesinde değil.","project/apps/api/src/main.ts:22 | project/apps/api/src/modules/calc-preview/diagnostics/playbook/playbook.controller.ts:143","OWNER_REVIEW_BIND_OR_DISPOSITION"
"HTTP-8B1E30189F23","SHARED PLATFORM / INFRASTRUCTURE","MessageTemplateController.update — PUT /api/message-templates/:id","IMPLEMENTED","true","true","true","true","1","","false","OPERABLE_UNVERIFIED","NONE","","project/apps/api/src/main.ts:22 | project/apps/api/src/modules/message-template/message-template.controller.ts:45 | project/apps/api/src/modules/message-template/message-template.module.ts:MessageTemplateModule.controllers","ADD_REPRESENTATIVE_L6_VERIFICATION"
"HTTP-8B3DAEE47347","CLIENT / MÜVEKKİL","ClientNotificationController.testSmtpConnection — POST /api/client-notifications/test-smtp","IMPLEMENTED","true","true","true","true","1","","false","OPERABLE_UNVERIFIED","NONE","","project/apps/api/src/main.ts:22 | project/apps/api/src/modules/client-notification/client-notification.controller.ts:140 | project/apps/api/src/modules/client-notification/client-notification.module.ts:ClientNotificationModule.controllers","ADD_REPRESENTATIVE_L6_VERIFICATION"
"HTTP-8B825A52D437","SHARED PLATFORM / INFRASTRUCTURE","ESignController.requestBulkSignature — POST /api/esign/sign/bulk","IMPLEMENTED | MERGED","true","true","true","true","1","","false","OPERABLE_UNVERIFIED","NONE","","project/apps/api/src/main.ts:22 | project/apps/api/src/modules/esign/esign.controller.ts:40 | project/apps/api/src/modules/esign/esign.module.ts:ESignModule.controllers","ADD_REPRESENTATIVE_L6_VERIFICATION"
"HTTP-8BB837211F69","CLIENT / MÜVEKKİL","PortalController.getPoas — GET /api/portal/poas","IMPLEMENTED | MERGED","true","true","","true","1","","false","UNKNOWN_REQUIRES_EVIDENCE","NONE","","project/apps/api/src/main.ts:22 | project/apps/api/src/modules/portal/portal.controller.ts:158 | project/apps/api/src/modules/portal/portal.module.ts:PortalModule.controllers","COLLECT_MISSING_EVIDENCE"
"HTTP-8C09D0B9B87F","CLIENT / MÜVEKKİL","ClientController.sendTemplateNotification — POST /api/clients/:clientId/template-notifications/send","IMPLEMENTED | MERGED","true","true","true","true","1","","false","OPERABLE_UNVERIFIED","NONE","","project/apps/api/src/main.ts:22 | project/apps/api/src/modules/client/client.controller.ts:126 | project/apps/api/src/modules/client/client.module.ts:ClientModule.controllers","ADD_REPRESENTATIVE_L6_VERIFICATION"
"HTTP-8C2D421D2401","SHARED PLATFORM / INFRASTRUCTURE","ExportImportController.exportClientsPdf — GET /api/export-import/clients/pdf","IMPLEMENTED | MERGED","true","true","true","true","1","","false","OPERABLE_UNVERIFIED","NONE","","project/apps/api/src/main.ts:22 | project/apps/api/src/modules/export-import/export-import.controller.ts:55 | project/apps/api/src/modules/export-import/export-import.module.ts:ExportImportModule.controllers","ADD_REPRESENTATIVE_L6_VERIFICATION"
"HTTP-8C486B611E0B","SHARED PLATFORM / INFRASTRUCTURE","RiskController.getReportHistory — GET /api/risk/case/:caseId/history","IMPLEMENTED | MERGED","true","true","true","true","1","","false","OPERABLE_UNVERIFIED","NONE","","project/apps/api/src/main.ts:22 | project/apps/api/src/modules/risk/risk.controller.ts:24 | project/apps/api/src/modules/risk/risk.module.ts:RiskModule.controllers","ADD_REPRESENTATIVE_L6_VERIFICATION"
"HTTP-8C91C6896CA6","RECEIVABLE / ALACAK","ClaimItemController.getClaimSummary — GET /api/claim-items/case/:caseId/summary","CANONICAL | IMPLEMENTED | MERGED","true","true","true","true","1","","false","OPERABLE_UNVERIFIED","NONE","","project/apps/api/src/main.ts:22 | project/apps/api/src/modules/claim-item/claim-item.controller.ts:105 | project/apps/api/src/modules/claim-item/claim-item.module.ts:ClaimItemModule.controllers","ADD_REPRESENTATIVE_L6_VERIFICATION"
"HTTP-8CF7D210DBA0","SHARED PLATFORM / INFRASTRUCTURE","SeedController.seedLawyers — POST /api/seed/lawyers","IMPLEMENTED","true","true","true","true","1","","false","OPERABLE_UNVERIFIED","NONE","","project/apps/api/src/main.ts:22 | project/apps/api/src/modules/icrabot/v28-engine/v28-engine.module.ts:V28EngineModule.controllers | project/apps/api/src/modules/seed/seed.controller.ts:22 | project/apps/api/src/modules/seed/seed.module.ts:SeedModule.controllers","ADD_REPRESENTATIVE_L6_VERIFICATION"
"HTTP-8D4CF78C02BE","DEBTOR / BORÇLU","DebtorController.createTaskForCrossCaseNotification — POST /api/debtors/cross-case-notifications/:id/create-task","IMPLEMENTED | MERGED","true","true","true","true","1","","false","OPERABLE_UNVERIFIED","NONE","","project/apps/api/src/main.ts:22 | project/apps/api/src/modules/debtor/debtor.controller.ts:215 | project/apps/api/src/modules/debtor/debtor.module.ts:DebtorModule.controllers","ADD_REPRESENTATIVE_L6_VERIFICATION"
"HTTP-8D5884CEFDAD","SHARED PLATFORM / INFRASTRUCTURE","ExpenseRequestController.delete — DELETE /api/expense-requests/:id","IMPLEMENTED | MERGED","true","true","true","true","1","","false","OPERABLE_UNVERIFIED","NONE","","project/apps/api/src/main.ts:22 | project/apps/api/src/modules/expense-request/expense-request.controller.ts:117 | project/apps/api/src/modules/expense-request/expense-request.module.ts:ExpenseRequestModule.controllers","ADD_REPRESENTATIVE_L6_VERIFICATION"
"HTTP-8D68F076200B","UYAP CONNECTOR","AdminController.getParamsBundles — GET /api/icrabot/admin/params","IMPLEMENTED","true","true","true","true","1","","false","OPERABLE_UNVERIFIED","NONE","","project/apps/api/src/main.ts:22 | project/apps/api/src/modules/icrabot/admin/admin.controller.ts:87 | project/apps/api/src/modules/icrabot/icrabot.module.ts:IcrabotModule.controllers","ADD_REPRESENTATIVE_L6_VERIFICATION"
"HTTP-8DED15977960","SHARED PLATFORM / INFRASTRUCTURE","CalcPreviewController.previewLight — POST /api/calc/preview/light","IMPLEMENTED","true","true","true","true","1","","false","OPERABLE_UNVERIFIED","NONE","","project/apps/api/src/main.ts:22 | project/apps/api/src/modules/calc-preview/calc-preview.controller.ts:121 | project/apps/api/src/modules/calc-preview/calc-preview.module.ts:CalcPreviewModule.controllers","ADD_REPRESENTATIVE_L6_VERIFICATION"
"HTTP-8DF1B58D01DA","SHARED PLATFORM / INFRASTRUCTURE","PlaybookController.runPlaybook — POST /api/calc/diagnostics/playbooks/:id/run","IMPLEMENTED","true","false","false","false","0","","false","CODE_PRESENT_UNBOUND","P1","PlaybookController hiçbir production-reachable module controllers listesinde değil.","project/apps/api/src/main.ts:22 | project/apps/api/src/modules/calc-preview/diagnostics/playbook/playbook.controller.ts:284","OWNER_REVIEW_BIND_OR_DISPOSITION"
"HTTP-8E7DED96EF22","OFFICE / AVUKAT-PERSONEL","LawyerController.findDefaults — GET /api/lawyers/defaults","IMPLEMENTED | MERGED","true","true","true","true","1","","false","OPERABLE_UNVERIFIED","NONE","","project/apps/api/src/main.ts:22 | project/apps/api/src/modules/lawyer/lawyer.controller.ts:38 | project/apps/api/src/modules/lawyer/lawyer.module.ts:LawyerModule.controllers","ADD_REPRESENTATIVE_L6_VERIFICATION"
"HTTP-8ECCB884C6DD","RECEIVABLE / ALACAK","ClaimItemController.calculateInterest — POST /api/claim-items/calculate-interest","CANONICAL | IMPLEMENTED | MERGED","true","true","true","true","1","","false","OPERABLE_UNVERIFIED","NONE","","project/apps/api/src/main.ts:22 | project/apps/api/src/modules/claim-item/claim-item.controller.ts:98 | project/apps/api/src/modules/claim-item/claim-item.module.ts:ClaimItemModule.controllers","ADD_REPRESENTATIVE_L6_VERIFICATION"
"HTTP-8EE1F486CAF7","UYAP CONNECTOR","AdminController.getJob — GET /api/icrabot/admin/jobs/:id","IMPLEMENTED","true","true","true","true","1","","false","OPERABLE_UNVERIFIED","NONE","","project/apps/api/src/main.ts:22 | project/apps/api/src/modules/icrabot/admin/admin.controller.ts:183 | project/apps/api/src/modules/icrabot/icrabot.module.ts:IcrabotModule.controllers","ADD_REPRESENTATIVE_L6_VERIFICATION"
"HTTP-8EF2FFE1E277","DEBTOR / BORÇLU","DebtorController.updateServiceStatus — PUT /api/debtors/case/:caseId/:caseDebtorId/service","IMPLEMENTED | MERGED","true","true","true","true","1","","false","OPERABLE_UNVERIFIED","NONE","","project/apps/api/src/main.ts:22 | project/apps/api/src/modules/debtor/debtor.controller.ts:78 | project/apps/api/src/modules/debtor/debtor.module.ts:DebtorModule.controllers","ADD_REPRESENTATIVE_L6_VERIFICATION"
"HTTP-8F1483F732E7","SHARED PLATFORM / INFRASTRUCTURE","ExportImportController.exportDebtorsExcel — GET /api/export-import/debtors/excel","IMPLEMENTED | MERGED","true","true","true","true","1","","false","OPERABLE_UNVERIFIED","NONE","","project/apps/api/src/main.ts:22 | project/apps/api/src/modules/export-import/export-import.controller.ts:72 | project/apps/api/src/modules/export-import/export-import.module.ts:ExportImportModule.controllers","ADD_REPRESENTATIVE_L6_VERIFICATION"
"HTTP-8FEC2CE4797B","SHARED PLATFORM / INFRASTRUCTURE","CaseController.createCollection — POST /api/cases/:id/collections","CANONICAL | IMPLEMENTED | MERGED","true","true","true","true","1","","false","OPERABLE_UNVERIFIED","NONE","","project/apps/api/src/main.ts:22 | project/apps/api/src/modules/case/case.controller.ts:640 | project/apps/api/src/modules/case/case.module.ts:CaseModule.controllers","ADD_REPRESENTATIVE_L6_VERIFICATION"
"HTTP-90071B938DBD","CLIENT / MÜVEKKİL","ClientIntakeLinkController.listByCase — GET /api/client-intake-links/case/:caseId","MERGED","true","true","true","true","1","","false","OPERABLE_UNVERIFIED","NONE","","project/apps/api/src/main.ts:22 | project/apps/api/src/modules/client-intake-link/client-intake-link.controller.ts:38 | project/apps/api/src/modules/client-intake-link/client-intake-link.module.ts:ClientIntakeLinkModule.controllers","ADD_REPRESENTATIVE_L6_VERIFICATION"
"HTTP-9007B8981DFB","UYAP CONNECTOR","RecorderController.suggestTableColumn — POST /api/icrabot/recorder/suggest-table-column","IMPLEMENTED","true","true","true","true","1","","false","OPERABLE_UNVERIFIED","NONE","","project/apps/api/src/main.ts:22 | project/apps/api/src/modules/icrabot/icrabot.module.ts:IcrabotModule.controllers | project/apps/api/src/modules/icrabot/recorder/recorder.controller.ts:101","ADD_REPRESENTATIVE_L6_VERIFICATION"
"HTTP-90223F98AF32","DEBTOR / BORÇLU","AddressDiscoveryController.markClientInfoRequestAsNoResponse — PUT /api/address-discovery/client-info-request/:id/no-response","IMPLEMENTED | MERGED","true","true","true","true","1","","false","OPERABLE_UNVERIFIED","NONE","","project/apps/api/src/main.ts:22 | project/apps/api/src/modules/address-discovery/address-discovery.controller.ts:101 | project/apps/api/src/modules/address-discovery/address-discovery.module.ts:AddressDiscoveryModule.controllers","ADD_REPRESENTATIVE_L6_VERIFICATION"
"HTTP-9048B440E4D3","SHARED PLATFORM / INFRASTRUCTURE","AiController.getPrediction — GET /api/ai/case/:caseId/predict","IMPLEMENTED | MERGED","true","true","true","true","1","","false","OPERABLE_UNVERIFIED","NONE","","project/apps/api/src/main.ts:22 | project/apps/api/src/modules/ai/ai.controller.ts:26 | project/apps/api/src/modules/ai/ai.module.ts:AiModule.controllers","ADD_REPRESENTATIVE_L6_VERIFICATION"
"HTTP-90A8FBCC6D9F","UYAP CONNECTOR","BundleController.processQueuedJobs — POST /api/icrabot/bundles/scheduler/process-queue","IMPLEMENTED","true","true","true","true","1","","false","OPERABLE_UNVERIFIED","NONE","","project/apps/api/src/main.ts:22 | project/apps/api/src/modules/icrabot/bundle/bundle.controller.ts:158 | project/apps/api/src/modules/icrabot/icrabot.module.ts:IcrabotModule.controllers","ADD_REPRESENTATIVE_L6_VERIFICATION"
"HTTP-90D4466C7AC5","SHARED PLATFORM / INFRASTRUCTURE","AutomationController.getCaseContext — GET /api/automation/cases/:id/context","IMPLEMENTED | MERGED","true","true","true","true","1","","false","OPERABLE_UNVERIFIED","NONE","","project/apps/api/src/main.ts:22 | project/apps/api/src/modules/automation/automation.controller.ts:44 | project/apps/api/src/modules/automation/automation.module.ts:AutomationModule.controllers","ADD_REPRESENTATIVE_L6_VERIFICATION"
"HTTP-91134A67EB98","SHARED PLATFORM / INFRASTRUCTURE","DocumentController.getTemplateByCode — GET /api/documents/templates/:code","IMPLEMENTED | MERGED","true","true","true","true","1","","false","OPERABLE_UNVERIFIED","NONE","","project/apps/api/src/main.ts:22 | project/apps/api/src/modules/document/document.controller.ts:148 | project/apps/api/src/modules/document/document.module.ts:DocumentModule.controllers","ADD_REPRESENTATIVE_L6_VERIFICATION"
"HTTP-914E21227109","SHARED PLATFORM / INFRASTRUCTURE","SimulationController.getRun — GET /api/incidents/:id/runs/:runId","IMPLEMENTED","true","true","true","true","1","","false","OPERABLE_UNVERIFIED","NONE","","project/apps/api/src/main.ts:22 | project/apps/api/src/modules/calc-preview/diagnostics/simulation-api/simulation-api.module.ts:SimulationApiModule.controllers | project/apps/api/src/modules/calc-preview/diagnostics/simulation-api/simulation.controller.ts:353","ADD_REPRESENTATIVE_L6_VERIFICATION"
"HTTP-91CD14095F93","SHARED PLATFORM / INFRASTRUCTURE","CaseLeaseController.create — POST /api/case-leases","IMPLEMENTED","true","true","true","true","1","","false","OPERABLE_UNVERIFIED","NONE","","project/apps/api/src/main.ts:22 | project/apps/api/src/modules/case-lease/case-lease.controller.ts:14 | project/apps/api/src/modules/case-lease/case-lease.module.ts:CaseLeaseModule.controllers","ADD_REPRESENTATIVE_L6_VERIFICATION"
"HTTP-9230C99F0C21","SHARED PLATFORM / INFRASTRUCTURE","ExpenseRequestController.recordPayment — POST /api/expense-requests/:id/payment","IMPLEMENTED | MERGED","true","true","true","true","1","","false","OPERABLE_UNVERIFIED","NONE","","project/apps/api/src/main.ts:22 | project/apps/api/src/modules/expense-request/expense-request.controller.ts:189 | project/apps/api/src/modules/expense-request/expense-request.module.ts:ExpenseRequestModule.controllers","ADD_REPRESENTATIVE_L6_VERIFICATION"
"HTTP-9238787E983B","SHARED PLATFORM / INFRASTRUCTURE","SimulationController.simulate — POST /api/incidents/:id/simulate","IMPLEMENTED","true","true","true","true","1","","false","OPERABLE_UNVERIFIED","NONE","","project/apps/api/src/main.ts:22 | project/apps/api/src/modules/calc-preview/diagnostics/simulation-api/simulation-api.module.ts:SimulationApiModule.controllers | project/apps/api/src/modules/calc-preview/diagnostics/simulation-api/simulation.controller.ts:94","ADD_REPRESENTATIVE_L6_VERIFICATION"
"HTTP-928B887A8B5B","SHARED PLATFORM / INFRASTRUCTURE","ExpenseRequestController.createStageExpenses — POST /api/expense-requests/case/:caseId/stage/:stageCode","IMPLEMENTED | MERGED","true","true","true","true","1","","false","OPERABLE_UNVERIFIED","NONE","","project/apps/api/src/main.ts:22 | project/apps/api/src/modules/expense-request/expense-request.controller.ts:137 | project/apps/api/src/modules/expense-request/expense-request.module.ts:ExpenseRequestModule.controllers","ADD_REPRESENTATIVE_L6_VERIFICATION"
"HTTP-92BF02709BF0","SHARED PLATFORM / INFRASTRUCTURE","SeedController.seedOffice — POST /api/seed/office","IMPLEMENTED","true","true","true","true","1","","false","OPERABLE_UNVERIFIED","NONE","","project/apps/api/src/main.ts:22 | project/apps/api/src/modules/icrabot/v28-engine/v28-engine.module.ts:V28EngineModule.controllers | project/apps/api/src/modules/seed/seed.controller.ts:76 | project/apps/api/src/modules/seed/seed.module.ts:SeedModule.controllers","ADD_REPRESENTATIVE_L6_VERIFICATION"
"HTTP-92CC12A3DDE0","SHARED PLATFORM / INFRASTRUCTURE","ExchangeRateController.getHistoricalRate — GET /api/exchange-rate/historical","IMPLEMENTED","true","true","true","true","1","","false","OPERABLE_UNVERIFIED","NONE","","project/apps/api/src/main.ts:22 | project/apps/api/src/modules/exchange-rate/exchange-rate.controller.ts:45 | project/apps/api/src/modules/exchange-rate/exchange-rate.module.ts:ExchangeRateModule.controllers","ADD_REPRESENTATIVE_L6_VERIFICATION"
"HTTP-92E8809F2D57","SHARED PLATFORM / INFRASTRUCTURE","LimitationEngineController.checkLimitation — POST /api/limitation-engine/check","IMPLEMENTED","true","true","true","true","1","","false","OPERABLE_UNVERIFIED","NONE","","project/apps/api/src/main.ts:22 | project/apps/api/src/modules/limitation-engine/limitation-engine.controller.ts:124 | project/apps/api/src/modules/limitation-engine/limitation-engine.module.ts:LimitationEngineModule.controllers","ADD_REPRESENTATIVE_L6_VERIFICATION"
"HTTP-930960E631A4","SHARED PLATFORM / INFRASTRUCTURE","CalcPreviewController.getMetrics — GET /api/calc/metrics","IMPLEMENTED","true","true","true","true","1","","false","OPERABLE_UNVERIFIED","NONE","","project/apps/api/src/main.ts:22 | project/apps/api/src/modules/calc-preview/calc-preview.controller.ts:143 | project/apps/api/src/modules/calc-preview/calc-preview.module.ts:CalcPreviewModule.controllers","ADD_REPRESENTATIVE_L6_VERIFICATION"
"HTTP-933A772BF6D4","CLIENT / MÜVEKKİL","ClientNotificationController.createDefaultTemplates — POST /api/client-notifications/templates/create-defaults","IMPLEMENTED","true","true","true","true","1","","false","OPERABLE_UNVERIFIED","NONE","","project/apps/api/src/main.ts:22 | project/apps/api/src/modules/client-notification/client-notification.controller.ts:134 | project/apps/api/src/modules/client-notification/client-notification.module.ts:ClientNotificationModule.controllers","ADD_REPRESENTATIVE_L6_VERIFICATION"
"HTTP-9365899D0069","SHARED PLATFORM / INFRASTRUCTURE","CalcPreviewController.downloadTrace — GET /api/calc/trace/:traceId/download","IMPLEMENTED","true","true","true","true","1","","false","OPERABLE_UNVERIFIED","NONE","","project/apps/api/src/main.ts:22 | project/apps/api/src/modules/calc-preview/calc-preview.controller.ts:401 | project/apps/api/src/modules/calc-preview/calc-preview.module.ts:CalcPreviewModule.controllers","ADD_REPRESENTATIVE_L6_VERIFICATION"
"HTTP-93A10CC91808","CLIENT / MÜVEKKİL","PortalController.deleteDocument — DELETE /api/portal/documents/:id","IMPLEMENTED | MERGED","true","true","","true","1","","false","UNKNOWN_REQUIRES_EVIDENCE","NONE","","project/apps/api/src/main.ts:22 | project/apps/api/src/modules/portal/portal.controller.ts:329 | project/apps/api/src/modules/portal/portal.module.ts:PortalModule.controllers","COLLECT_MISSING_EVIDENCE"
"HTTP-93B29E133D81","SHARED PLATFORM / INFRASTRUCTURE","CaseJudgmentController.update — PUT /api/case-judgments/:id","IMPLEMENTED","true","true","true","true","1","","false","OPERABLE_UNVERIFIED","NONE","","project/apps/api/src/main.ts:22 | project/apps/api/src/modules/case-judgment/case-judgment.controller.ts:41 | project/apps/api/src/modules/case-judgment/case-judgment.module.ts:CaseJudgmentModule.controllers","ADD_REPRESENTATIVE_L6_VERIFICATION"
"HTTP-93BD6415201C","UYAP CONNECTOR","UyapController.queryDebtorAssets — POST /api/uyap/debtor/assets","IMPLEMENTED | MERGED","true","true","true","true","1","","false","OPERABLE_UNVERIFIED","NONE","","project/apps/api/src/main.ts:22 | project/apps/api/src/modules/uyap/uyap.controller.ts:183 | project/apps/api/src/modules/uyap/uyap.module.ts:UyapModule.controllers","ADD_REPRESENTATIVE_L6_VERIFICATION"
"HTTP-93E55D2BB24E","SHARED PLATFORM / INFRASTRUCTURE","SeedController.seedPublicInstitutions — POST /api/seed/public-institutions","IMPLEMENTED","true","true","true","true","1","","false","OPERABLE_UNVERIFIED","NONE","","project/apps/api/src/main.ts:22 | project/apps/api/src/modules/icrabot/v28-engine/v28-engine.module.ts:V28EngineModule.controllers | project/apps/api/src/modules/seed/seed.controller.ts:88 | project/apps/api/src/modules/seed/seed.module.ts:SeedModule.controllers","ADD_REPRESENTATIVE_L6_VERIFICATION"
"HTTP-93EC3CF4F5F3","CLIENT / MÜVEKKİL","PortalController.forgotPassword — POST /api/portal/forgot-password","IMPLEMENTED | MERGED","true","true","","true","1","","false","UNKNOWN_REQUIRES_EVIDENCE","NONE","","project/apps/api/src/main.ts:22 | project/apps/api/src/modules/portal/portal.controller.ts:68 | project/apps/api/src/modules/portal/portal.module.ts:PortalModule.controllers","COLLECT_MISSING_EVIDENCE"
"HTTP-94097C0C7125","UYAP CONNECTOR","IcrabotController.getDashboard — GET /api/icrabot/dashboard","IMPLEMENTED | MERGED","true","true","true","true","1","","false","OPERABLE_UNVERIFIED","NONE","","project/apps/api/src/main.ts:22 | project/apps/api/src/modules/icrabot/icrabot.controller.ts:28 | project/apps/api/src/modules/icrabot/icrabot.module.ts:IcrabotModule.controllers","ADD_REPRESENTATIVE_L6_VERIFICATION"
"HTTP-943F0F67FDFC","SHARED PLATFORM / INFRASTRUCTURE","AiController.generateFromTemplate — POST /api/ai/document/template/:templateCode","IMPLEMENTED | MERGED","true","true","true","true","1","","false","OPERABLE_UNVERIFIED","NONE","","project/apps/api/src/main.ts:22 | project/apps/api/src/modules/ai/ai.controller.ts:108 | project/apps/api/src/modules/ai/ai.module.ts:AiModule.controllers","ADD_REPRESENTATIVE_L6_VERIFICATION"
"HTTP-94F0F50A9789","CLIENT / MÜVEKKİL","ClientIntakePromotionController.promoteSoft — POST /api/client-intake-fields/:fieldId/promote-soft","MERGED","true","true","true","true","1","","false","OPERABLE_UNVERIFIED","NONE","","project/apps/api/src/main.ts:22 | project/apps/api/src/modules/client-intake-promotion/client-intake-promotion.controller.ts:47 | project/apps/api/src/modules/client-intake-promotion/client-intake-promotion.module.ts:ClientIntakePromotionModule.controllers","ADD_REPRESENTATIVE_L6_VERIFICATION"
"HTTP-95895125DDA0","AUTH / TENANT / SECURITY","UserInviteController.revoke — POST /api/auth/invites/:id/revoke","MERGED","true","true","","true","1","","false","UNKNOWN_REQUIRES_EVIDENCE","NONE","","project/apps/api/src/main.ts:22 | project/apps/api/src/modules/auth/auth.module.ts:AuthModule.controllers | project/apps/api/src/modules/auth/invite/user-invite.controller.ts:46","COLLECT_MISSING_EVIDENCE"
"HTTP-95A74D67C566","OFFICE / AVUKAT-PERSONEL","LawyerController.updateOrder — PUT /api/lawyers/order/update","IMPLEMENTED | MERGED","true","true","true","true","1","","false","OPERABLE_UNVERIFIED","NONE","","project/apps/api/src/main.ts:22 | project/apps/api/src/modules/lawyer/lawyer.controller.ts:184 | project/apps/api/src/modules/lawyer/lawyer.module.ts:LawyerModule.controllers","ADD_REPRESENTATIVE_L6_VERIFICATION"
"HTTP-9679D54DEEC3","SHARED PLATFORM / INFRASTRUCTURE","ExecutionOfficeController.create — POST /api/execution-offices","IMPLEMENTED","true","true","true","true","1","","false","OPERABLE_UNVERIFIED","NONE","","project/apps/api/src/main.ts:22 | project/apps/api/src/modules/execution-office/execution-office.controller.ts:35 | project/apps/api/src/modules/execution-office/execution-office.module.ts:ExecutionOfficeModule.controllers","ADD_REPRESENTATIVE_L6_VERIFICATION"
"HTTP-96BEE9E04A9A","RECEIVABLE / ALACAK","FeeEngineController.getInterestRate — GET /api/fee-engine/interest-rate","IMPLEMENTED","true","true","true","true","1","","false","OPERABLE_UNVERIFIED","NONE","","project/apps/api/src/main.ts:22 | project/apps/api/src/modules/fee-engine/fee-engine.controller.ts:186 | project/apps/api/src/modules/fee-engine/fee-engine.module.ts:FeeEngineModule.controllers","ADD_REPRESENTATIVE_L6_VERIFICATION"
"HTTP-9752FA0A3683","SHARED PLATFORM / INFRASTRUCTURE","TemplateEngineController.downloadUdfFromCase — GET /api/template-engine/case/:caseId/udf/download","IMPLEMENTED | MERGED","true","true","true","true","1","","false","OPERABLE_UNVERIFIED","NONE","","project/apps/api/src/main.ts:22 | project/apps/api/src/modules/template-engine/template-engine.controller.ts:494 | project/apps/api/src/modules/template-engine/template-engine.module.ts:TemplateEngineModule.controllers","ADD_REPRESENTATIVE_L6_VERIFICATION"
"HTTP-9798D23E2400","SHARED PLATFORM / INFRASTRUCTURE","MessageTemplateController.findAll — GET /api/message-templates","IMPLEMENTED","true","true","true","true","1","","false","OPERABLE_UNVERIFIED","NONE","","project/apps/api/src/main.ts:22 | project/apps/api/src/modules/message-template/message-template.controller.ts:16 | project/apps/api/src/modules/message-template/message-template.module.ts:MessageTemplateModule.controllers","ADD_REPRESENTATIVE_L6_VERIFICATION"
"HTTP-97B0A0A04F50","UYAP CONNECTOR","IcrabotController.getUyapScreen — GET /api/icrabot/ui-map/screens/:screenId","IMPLEMENTED | MERGED","true","true","true","true","1","","false","OPERABLE_UNVERIFIED","NONE","","project/apps/api/src/main.ts:22 | project/apps/api/src/modules/icrabot/icrabot.controller.ts:313 | project/apps/api/src/modules/icrabot/icrabot.module.ts:IcrabotModule.controllers","ADD_REPRESENTATIVE_L6_VERIFICATION"
"HTTP-97FECCE96A81","RECEIVABLE / ALACAK","InterestEngineController.calculate — POST /api/interest-engine/calculate","IMPLEMENTED | MERGED","true","true","","true","1","","false","UNKNOWN_REQUIRES_EVIDENCE","NONE","","project/apps/api/src/main.ts:22 | project/apps/api/src/modules/interest-engine/interest-engine.controller.ts:168 | project/apps/api/src/modules/interest-engine/interest-engine.module.ts:InterestEngineModule.controllers","COLLECT_MISSING_EVIDENCE"
"HTTP-98087E03D40E","DEBTOR / BORÇLU","ThirdPartyController.deleteThirdParty — DELETE /api/third-parties/:id","CANONICAL | IMPLEMENTED | MERGED","true","true","true","true","1","","false","OPERABLE_UNVERIFIED","NONE","","project/apps/api/src/main.ts:22 | project/apps/api/src/modules/debtor/debtor.module.ts:DebtorModule.controllers | project/apps/api/src/modules/debtor/third-party.controller.ts:64","ADD_REPRESENTATIVE_L6_VERIFICATION"
"HTTP-983965CA33F8","CLIENT / MÜVEKKİL","PortalController.sendMessage — POST /api/portal/messages","IMPLEMENTED | MERGED","true","true","","true","1","","false","UNKNOWN_REQUIRES_EVIDENCE","NONE","","project/apps/api/src/main.ts:22 | project/apps/api/src/modules/portal/portal.controller.ts:398 | project/apps/api/src/modules/portal/portal.module.ts:PortalModule.controllers","COLLECT_MISSING_EVIDENCE"
"HTTP-9849BDED552A","UYAP CONNECTOR","BundleController.validateBundle — POST /api/icrabot/bundles/:id/validate","IMPLEMENTED","true","true","true","true","1","","false","OPERABLE_UNVERIFIED","NONE","","project/apps/api/src/main.ts:22 | project/apps/api/src/modules/icrabot/bundle/bundle.controller.ts:115 | project/apps/api/src/modules/icrabot/icrabot.module.ts:IcrabotModule.controllers","ADD_REPRESENTATIVE_L6_VERIFICATION"
"HTTP-986EFF9A0428","SHARED PLATFORM / INFRASTRUCTURE","ExecutionOfficeController.findOne — GET /api/execution-offices/:id","IMPLEMENTED","true","true","true","true","1","","false","OPERABLE_UNVERIFIED","NONE","","project/apps/api/src/main.ts:22 | project/apps/api/src/modules/execution-office/execution-office.controller.ts:26 | project/apps/api/src/modules/execution-office/execution-office.module.ts:ExecutionOfficeModule.controllers","ADD_REPRESENTATIVE_L6_VERIFICATION"
"HTTP-98FDD715AA67","SHARED PLATFORM / INFRASTRUCTURE","TariffController.markNotificationAsRead — POST /api/tariffs/gazette/notifications/:id/read","IMPLEMENTED","true","true","true","true","1","","false","OPERABLE_UNVERIFIED","NONE","","project/apps/api/src/main.ts:22 | project/apps/api/src/modules/tariff/tariff.controller.ts:104 | project/apps/api/src/modules/tariff/tariff.module.ts:TariffModule.controllers","ADD_REPRESENTATIVE_L6_VERIFICATION"
"HTTP-998B31DAB699","CLIENT / MÜVEKKİL","ClientOffsetController.create — POST /api/client-offsets","IMPLEMENTED | MERGED","true","true","true","true","1","","false","BOUND_DORMANT","P2","","project/apps/api/src/main.ts:22 | project/apps/api/src/modules/client-settlement/client-offset.controller.ts:59 | project/apps/api/src/modules/client-settlement/client-settlement.module.ts:ClientSettlementModule.controllers","VERIFY_ACTIVATION_AUTHORITY_AND_DEPLOYED_VALUE"
"HTTP-99C88AF704A5","SHARED PLATFORM / INFRASTRUCTURE","MetricsAggregatorController.getMetrics — GET /api/metrics","IMPLEMENTED","true","true","true","true","1","","false","OPERABLE_UNVERIFIED","NONE","","project/apps/api/src/main.ts:22 | project/apps/api/src/modules/metrics-aggregator/metrics-aggregator.controller.ts:40 | project/apps/api/src/modules/metrics-aggregator/metrics-aggregator.module.ts:MetricsAggregatorModule.controllers","ADD_REPRESENTATIVE_L6_VERIFICATION"
"HTTP-99FAFB71C11E","OFFICE / AVUKAT-PERSONEL","OfficeApprovalController.approve — POST /api/office-approvals/:id/approve","MERGED","true","true","true","true","1","","false","OPERABLE_UNVERIFIED","NONE","","project/apps/api/src/main.ts:22 | project/apps/api/src/modules/office-approval/office-approval.controller.ts:105 | project/apps/api/src/modules/office-approval/office-approval.module.ts:OfficeApprovalModule.controllers","ADD_REPRESENTATIVE_L6_VERIFICATION"
"HTTP-9A2D6C9F02A0","CLIENT / MÜVEKKİL","PortalController.getFinancialDisclosureHistory — GET /api/portal/financial-disclosures/history","IMPLEMENTED | MERGED","true","true","","true","1","","false","UNKNOWN_REQUIRES_EVIDENCE","NONE","","project/apps/api/src/main.ts:22 | project/apps/api/src/modules/portal/portal.controller.ts:131 | project/apps/api/src/modules/portal/portal.module.ts:PortalModule.controllers","COLLECT_MISSING_EVIDENCE"
"HTTP-9AF6B64B83AB","RECEIVABLE / ALACAK","ClaimItemController.addExpense — POST /api/claim-items/case/:caseId/add-expense","CANONICAL | IMPLEMENTED | MERGED","true","true","true","true","1","","false","OPERABLE_UNVERIFIED","NONE","","project/apps/api/src/main.ts:22 | project/apps/api/src/modules/claim-item/claim-item.controller.ts:132 | project/apps/api/src/modules/claim-item/claim-item.module.ts:ClaimItemModule.controllers","ADD_REPRESENTATIVE_L6_VERIFICATION"
"HTTP-9B054638E269","DEBTOR / BORÇLU","AddressController.removeRiskFlag — DELETE /api/addresses/:addressId/risk-flags/:flag","IMPLEMENTED | MERGED","true","true","true","true","1","","false","OPERABLE_UNVERIFIED","NONE","","project/apps/api/src/main.ts:22 | project/apps/api/src/modules/debtor/address.controller.ts:93 | project/apps/api/src/modules/debtor/debtor.module.ts:DebtorModule.controllers","ADD_REPRESENTATIVE_L6_VERIFICATION"
"HTTP-9B3E4958E198","CLIENT / MÜVEKKİL","ClientIntelStatementController.listByCase — GET /api/client-intel-statements/case/:caseId","MERGED","true","true","true","true","1","","false","OPERABLE_UNVERIFIED","NONE","","project/apps/api/src/main.ts:22 | project/apps/api/src/modules/client-intel-statement/client-intel-statement.controller.ts:67 | project/apps/api/src/modules/client-intel-statement/client-intel-statement.module.ts:ClientIntelStatementModule.controllers","ADD_REPRESENTATIVE_L6_VERIFICATION"
"HTTP-9B93CD3E9989","RECEIVABLE / ALACAK","InterestEngineController.preview — POST /api/interest-engine/preview","IMPLEMENTED | MERGED","true","true","","true","1","","false","UNKNOWN_REQUIRES_EVIDENCE","NONE","","project/apps/api/src/main.ts:22 | project/apps/api/src/modules/interest-engine/interest-engine.controller.ts:256 | project/apps/api/src/modules/interest-engine/interest-engine.module.ts:InterestEngineModule.controllers","COLLECT_MISSING_EVIDENCE"
"HTTP-9BA8C01D433B","SHARED PLATFORM / INFRASTRUCTURE","MessageTemplateController.seedDefaults — POST /api/message-templates/seed","IMPLEMENTED","true","true","true","true","1","","false","OPERABLE_UNVERIFIED","NONE","","project/apps/api/src/main.ts:22 | project/apps/api/src/modules/message-template/message-template.controller.ts:63 | project/apps/api/src/modules/message-template/message-template.module.ts:MessageTemplateModule.controllers","ADD_REPRESENTATIVE_L6_VERIFICATION"
"HTTP-9BA9D3372FC9","UYAP CONNECTOR","UyapController.getRequestHistory — GET /api/uyap/history","IMPLEMENTED | MERGED","true","true","true","true","1","","false","OPERABLE_UNVERIFIED","NONE","","project/apps/api/src/main.ts:22 | project/apps/api/src/modules/uyap/uyap.controller.ts:191 | project/apps/api/src/modules/uyap/uyap.module.ts:UyapModule.controllers","ADD_REPRESENTATIVE_L6_VERIFICATION"
"HTTP-9BA9F4BDA146","SHARED PLATFORM / INFRASTRUCTURE","CalcPreviewController.getRateLimitStatus — GET /api/calc/rate-limit/status","IMPLEMENTED","true","true","true","true","1","","false","OPERABLE_UNVERIFIED","NONE","","project/apps/api/src/main.ts:22 | project/apps/api/src/modules/calc-preview/calc-preview.controller.ts:221 | project/apps/api/src/modules/calc-preview/calc-preview.module.ts:CalcPreviewModule.controllers","ADD_REPRESENTATIVE_L6_VERIFICATION"
"HTTP-9BAFB70C0C1D","CLIENT / MÜVEKKİL","DispositionController.post — POST /api/collection-dispositions/:id/post","MERGED","true","true","true","true","1","","false","BOUND_DORMANT","P2","","project/apps/api/src/main.ts:22 | project/apps/api/src/modules/client-settlement/client-settlement.module.ts:ClientSettlementModule.controllers | project/apps/api/src/modules/client-settlement/disposition.controller.ts:92","VERIFY_ACTIVATION_AUTHORITY_AND_DEPLOYED_VALUE"
"HTTP-9BB60F36C094","SHARED PLATFORM / INFRASTRUCTURE","LookupController.getAllLookups — GET /api/lookups","IMPLEMENTED","true","true","true","true","1","","false","OPERABLE_UNVERIFIED","NONE","","project/apps/api/src/main.ts:22 | project/apps/api/src/modules/lookup/lookup.controller.ts:12 | project/apps/api/src/modules/lookup/lookup.module.ts:LookupModule.controllers","ADD_REPRESENTATIVE_L6_VERIFICATION"
"HTTP-9BE7215C0687","SHARED PLATFORM / INFRASTRUCTURE","ExpenseRequestController.sendExpenseEmail — POST /api/expense-requests/:id/send-email","IMPLEMENTED | MERGED","true","true","true","true","1","","false","OPERABLE_UNVERIFIED","NONE","","project/apps/api/src/main.ts:22 | project/apps/api/src/modules/expense-request/expense-request.controller.ts:269 | project/apps/api/src/modules/expense-request/expense-request.module.ts:ExpenseRequestModule.controllers","ADD_REPRESENTATIVE_L6_VERIFICATION"
"HTTP-9C353FF8464F","RECEIVABLE / ALACAK","ClaimEngineController.getClaimItemTemplates — GET /api/claim-engine/templates/:subCategory","IMPLEMENTED","true","true","true","true","1","","false","OPERABLE_UNVERIFIED","NONE","","project/apps/api/src/main.ts:22 | project/apps/api/src/modules/claim-engine/claim-engine.controller.ts:72 | project/apps/api/src/modules/claim-engine/claim-engine.module.ts:ClaimEngineModule.controllers","ADD_REPRESENTATIVE_L6_VERIFICATION"
"HTTP-9C65208AFFDB","RECEIVABLE / ALACAK","InterestEngineController.getCaseBalance — GET /api/interest-engine/case/:caseId/balance","IMPLEMENTED | MERGED","true","true","","true","1","","false","UNKNOWN_REQUIRES_EVIDENCE","NONE","","project/apps/api/src/main.ts:22 | project/apps/api/src/modules/interest-engine/interest-engine.controller.ts:128 | project/apps/api/src/modules/interest-engine/interest-engine.module.ts:InterestEngineModule.controllers","COLLECT_MISSING_EVIDENCE"
"HTTP-9C6951603B53","SHARED PLATFORM / INFRASTRUCTURE","ValidationGateController.validateAllGates — POST /api/validation-gate/:caseId/validate-all","IMPLEMENTED | MERGED","true","true","true","true","1","","false","OPERABLE_UNVERIFIED","NONE","","project/apps/api/src/main.ts:22 | project/apps/api/src/modules/validation-gate/validation-gate.controller.ts:40 | project/apps/api/src/modules/validation-gate/validation-gate.module.ts:ValidationGateModule.controllers","ADD_REPRESENTATIVE_L6_VERIFICATION"
"HTTP-9C6A22D08270","CLIENT / MÜVEKKİL","ClientApprovalController.listByCase — GET /api/client-approvals/case/:caseId","MERGED","true","true","true","true","1","","false","OPERABLE_UNVERIFIED","NONE","","project/apps/api/src/main.ts:22 | project/apps/api/src/modules/client-approval/client-approval.controller.ts:77 | project/apps/api/src/modules/client-approval/client-approval.module.ts:ClientApprovalModule.controllers","ADD_REPRESENTATIVE_L6_VERIFICATION"
"HTTP-9CAA73987B93","RECEIVABLE / ALACAK","ClaimEngineController.calculatePenalty — POST /api/claim-engine/calculate-penalty","IMPLEMENTED","true","true","true","true","1","","false","OPERABLE_UNVERIFIED","NONE","","project/apps/api/src/main.ts:22 | project/apps/api/src/modules/claim-engine/claim-engine.controller.ts:128 | project/apps/api/src/modules/claim-engine/claim-engine.module.ts:ClaimEngineModule.controllers","ADD_REPRESENTATIVE_L6_VERIFICATION"
"HTTP-9D336C598D07","SHARED PLATFORM / INFRASTRUCTURE","CaseCollateralController.update — PUT /api/case-collaterals/:id","IMPLEMENTED","true","true","true","true","1","","false","OPERABLE_UNVERIFIED","NONE","","project/apps/api/src/main.ts:22 | project/apps/api/src/modules/case-collateral/case-collateral.controller.ts:41 | project/apps/api/src/modules/case-collateral/case-collateral.module.ts:CaseCollateralModule.controllers","ADD_REPRESENTATIVE_L6_VERIFICATION"
"HTTP-9D55F672D948","UYAP CONNECTOR","AdminController.getJobs — GET /api/icrabot/admin/jobs","IMPLEMENTED","true","true","true","true","1","","false","OPERABLE_UNVERIFIED","NONE","","project/apps/api/src/main.ts:22 | project/apps/api/src/modules/icrabot/admin/admin.controller.ts:155 | project/apps/api/src/modules/icrabot/icrabot.module.ts:IcrabotModule.controllers","ADD_REPRESENTATIVE_L6_VERIFICATION"
"HTTP-9D9F23F670B5","CLIENT / MÜVEKKİL","PortalController.getMessages — GET /api/portal/messages","IMPLEMENTED | MERGED","true","true","","true","1","","false","UNKNOWN_REQUIRES_EVIDENCE","NONE","","project/apps/api/src/main.ts:22 | project/apps/api/src/modules/portal/portal.controller.ts:388 | project/apps/api/src/modules/portal/portal.module.ts:PortalModule.controllers","COLLECT_MISSING_EVIDENCE"
"HTTP-9E680E6272C8","UYAP CONNECTOR","OpsController.getQueueDashboard — GET /api/icrabot/ops/queue-dashboard","IMPLEMENTED","true","true","true","true","1","","false","OPERABLE_UNVERIFIED","NONE","","project/apps/api/src/main.ts:22 | project/apps/api/src/modules/icrabot/icrabot.module.ts:IcrabotModule.controllers | project/apps/api/src/modules/icrabot/ops/ops.controller.ts:62","ADD_REPRESENTATIVE_L6_VERIFICATION"
"HTTP-9E82B998EEF5","CLIENT / MÜVEKKİL","PortalController.getPendingDocuments — GET /api/portal/admin/documents/pending","IMPLEMENTED | MERGED","true","true","","true","1","","false","UNKNOWN_REQUIRES_EVIDENCE","NONE","","project/apps/api/src/main.ts:22 | project/apps/api/src/modules/portal/portal.controller.ts:348 | project/apps/api/src/modules/portal/portal.module.ts:PortalModule.controllers","COLLECT_MISSING_EVIDENCE"
"HTTP-9E837B8DFDF5","SHARED PLATFORM / INFRASTRUCTURE","CaseCollateralController.create — POST /api/case-collaterals","IMPLEMENTED","true","true","true","true","1","","false","OPERABLE_UNVERIFIED","NONE","","project/apps/api/src/main.ts:22 | project/apps/api/src/modules/case-collateral/case-collateral.controller.ts:14 | project/apps/api/src/modules/case-collateral/case-collateral.module.ts:CaseCollateralModule.controllers","ADD_REPRESENTATIVE_L6_VERIFICATION"
"HTTP-9ECF9179D072","UYAP CONNECTOR","BundleController.createBundle — POST /api/icrabot/bundles","IMPLEMENTED","true","true","true","true","1","","false","OPERABLE_UNVERIFIED","NONE","","project/apps/api/src/main.ts:22 | project/apps/api/src/modules/icrabot/bundle/bundle.controller.ts:53 | project/apps/api/src/modules/icrabot/icrabot.module.ts:IcrabotModule.controllers","ADD_REPRESENTATIVE_L6_VERIFICATION"
"HTTP-9EFDAFD1381F","DEBTOR / BORÇLU","DebtorController.create — POST /api/debtors","IMPLEMENTED | MERGED","true","true","true","true","1","","false","OPERABLE_UNVERIFIED","NONE","","project/apps/api/src/main.ts:22 | project/apps/api/src/modules/debtor/debtor.controller.ts:229 | project/apps/api/src/modules/debtor/debtor.module.ts:DebtorModule.controllers","ADD_REPRESENTATIVE_L6_VERIFICATION"
"HTTP-9F4E9F2EE76B","DEBTOR / BORÇLU","AddressDiscoveryController.findSameDebtor — GET /api/address-discovery/cross-file/:debtorId","IMPLEMENTED | MERGED","true","true","true","true","1","","false","OPERABLE_UNVERIFIED","NONE","","project/apps/api/src/main.ts:22 | project/apps/api/src/modules/address-discovery/address-discovery.controller.ts:114 | project/apps/api/src/modules/address-discovery/address-discovery.module.ts:AddressDiscoveryModule.controllers","ADD_REPRESENTATIVE_L6_VERIFICATION"
"HTTP-A02F1FEA98F1","RECEIVABLE / ALACAK","ClaimItemController.autoGenerate — POST /api/claim-items/auto-generate","CANONICAL | IMPLEMENTED | MERGED","true","true","true","true","1","","false","OPERABLE_UNVERIFIED","NONE","","project/apps/api/src/main.ts:22 | project/apps/api/src/modules/claim-item/claim-item.controller.ts:84 | project/apps/api/src/modules/claim-item/claim-item.module.ts:ClaimItemModule.controllers","ADD_REPRESENTATIVE_L6_VERIFICATION"
"HTTP-A05374C2DFBD","CLIENT / MÜVEKKİL","PortalController.markMessagesAsRead — POST /api/portal/messages/mark-read","IMPLEMENTED | MERGED","true","true","","true","1","","false","UNKNOWN_REQUIRES_EVIDENCE","NONE","","project/apps/api/src/main.ts:22 | project/apps/api/src/modules/portal/portal.controller.ts:426 | project/apps/api/src/modules/portal/portal.module.ts:PortalModule.controllers","COLLECT_MISSING_EVIDENCE"
"HTTP-A0956A6C3EAB","SHARED PLATFORM / INFRASTRUCTURE","TaskController.findAll — GET /api/tasks","IMPLEMENTED | MERGED","true","true","true","true","1","","false","OPERABLE_UNVERIFIED","NONE","","project/apps/api/src/main.ts:22 | project/apps/api/src/modules/task/task.controller.ts:22 | project/apps/api/src/modules/task/task.module.ts:TaskModule.controllers","ADD_REPRESENTATIVE_L6_VERIFICATION"
"HTTP-A0C888BE58AD","SHARED PLATFORM / INFRASTRUCTURE","PrecautionaryOrderController.deleteCost — DELETE /api/precautionary-orders/costs/:costId","IMPLEMENTED | MERGED","true","true","true","true","1","","false","OPERABLE_UNVERIFIED","NONE","","project/apps/api/src/main.ts:22 | project/apps/api/src/modules/precautionary-order/precautionary-order.controller.ts:87 | project/apps/api/src/modules/precautionary-order/precautionary-order.module.ts:PrecautionaryOrderModule.controllers","ADD_REPRESENTATIVE_L6_VERIFICATION"
"HTTP-A1B86B31C88C","UYAP CONNECTOR","TebligatController.checkUetsDeliveryStatus — GET /api/tebligat/uets-status/:uetsNo","IMPLEMENTED | MERGED","true","true","true","true","1","","false","OPERABLE_UNVERIFIED","NONE","","project/apps/api/src/main.ts:22 | project/apps/api/src/modules/tebligat/tebligat.controller.ts:278 | project/apps/api/src/modules/tebligat/tebligat.module.ts:TebligatModule.controllers","ADD_REPRESENTATIVE_L6_VERIFICATION"
"HTTP-A1B9478D7584","RECEIVABLE / ALACAK","ClaimEngineController.reloadRules — POST /api/claim-engine/reload","IMPLEMENTED","true","true","true","true","1","","false","OPERABLE_UNVERIFIED","NONE","","project/apps/api/src/main.ts:22 | project/apps/api/src/modules/claim-engine/claim-engine.controller.ts:41 | project/apps/api/src/modules/claim-engine/claim-engine.module.ts:ClaimEngineModule.controllers","ADD_REPRESENTATIVE_L6_VERIFICATION"
"HTTP-A21AEF2CC23B","CLIENT / MÜVEKKİL","NotificationDispatchController.resend — POST /api/client-notifications/resend","MERGED","true","true","true","true","1","","false","OPERABLE_UNVERIFIED","NONE","","project/apps/api/src/main.ts:22 | project/apps/api/src/modules/client-notification/client-notification.module.ts:ClientNotificationModule.controllers | project/apps/api/src/modules/client-notification/notification-dispatch.controller.ts:36","ADD_REPRESENTATIVE_L6_VERIFICATION"
"HTTP-A2425D5E04FE","CLIENT / MÜVEKKİL","PortalController.getDocuments — GET /api/portal/documents","IMPLEMENTED | MERGED","true","true","","true","1","","false","UNKNOWN_REQUIRES_EVIDENCE","NONE","","project/apps/api/src/main.ts:22 | project/apps/api/src/modules/portal/portal.controller.ts:259 | project/apps/api/src/modules/portal/portal.module.ts:PortalModule.controllers","COLLECT_MISSING_EVIDENCE"
"HTTP-A24CFBD90981","SHARED PLATFORM / INFRASTRUCTURE","AutomationController.processCase — POST /api/automation/cases/:id/process","IMPLEMENTED | MERGED","true","true","true","true","1","","false","OPERABLE_UNVERIFIED","NONE","","project/apps/api/src/main.ts:22 | project/apps/api/src/modules/automation/automation.controller.ts:37 | project/apps/api/src/modules/automation/automation.module.ts:AutomationModule.controllers","ADD_REPRESENTATIVE_L6_VERIFICATION"
"HTTP-A25952E66A48","SHARED PLATFORM / INFRASTRUCTURE","TemplateEngineController.downloadItirazinIptaliWord — GET /api/template-engine/itirazin-iptali/case/:caseId/word","IMPLEMENTED | MERGED","true","true","true","true","1","","false","OPERABLE_UNVERIFIED","NONE","","project/apps/api/src/main.ts:22 | project/apps/api/src/modules/template-engine/template-engine.controller.ts:678 | project/apps/api/src/modules/template-engine/template-engine.module.ts:TemplateEngineModule.controllers","ADD_REPRESENTATIVE_L6_VERIFICATION"
"HTTP-A28C98849AB6","SHARED PLATFORM / INFRASTRUCTURE","CalcPreviewController.getTrace — GET /api/calc/trace/:traceId","IMPLEMENTED","true","true","true","true","1","","false","OPERABLE_UNVERIFIED","NONE","","project/apps/api/src/main.ts:22 | project/apps/api/src/modules/calc-preview/calc-preview.controller.ts:361 | project/apps/api/src/modules/calc-preview/calc-preview.module.ts:CalcPreviewModule.controllers","ADD_REPRESENTATIVE_L6_VERIFICATION"
"HTTP-A29F6195AAAD","UYAP CONNECTOR","IcrabotController.stopAutomation — POST /api/icrabot/cases/:caseId/stop","IMPLEMENTED | MERGED","true","true","true","true","1","","false","OPERABLE_UNVERIFIED","NONE","","project/apps/api/src/main.ts:22 | project/apps/api/src/modules/icrabot/icrabot.controller.ts:103 | project/apps/api/src/modules/icrabot/icrabot.module.ts:IcrabotModule.controllers","ADD_REPRESENTATIVE_L6_VERIFICATION"
"HTTP-A2B088F55560","UYAP CONNECTOR","TebligatController.update — PUT /api/tebligat/:id","IMPLEMENTED | MERGED","true","true","true","true","1","","false","OPERABLE_UNVERIFIED","NONE","","project/apps/api/src/main.ts:22 | project/apps/api/src/modules/tebligat/tebligat.controller.ts:86 | project/apps/api/src/modules/tebligat/tebligat.module.ts:TebligatModule.controllers","ADD_REPRESENTATIVE_L6_VERIFICATION"
"HTTP-A2E92DD31389","DEBTOR / BORÇLU","AddressDiscoveryController.getInstitutionTemplates — GET /api/address-discovery/institution-templates","IMPLEMENTED | MERGED","true","true","true","true","1","","false","OPERABLE_UNVERIFIED","NONE","","project/apps/api/src/main.ts:22 | project/apps/api/src/modules/address-discovery/address-discovery.controller.ts:521 | project/apps/api/src/modules/address-discovery/address-discovery.module.ts:AddressDiscoveryModule.controllers","ADD_REPRESENTATIVE_L6_VERIFICATION"
"HTTP-A3C96FE2FD91","SHARED PLATFORM / INFRASTRUCTURE","TemplateEngineController.generateTakipTalebi — POST /api/template-engine/takip-talebi","IMPLEMENTED | MERGED","true","true","true","true","1","","false","OPERABLE_UNVERIFIED","NONE","","project/apps/api/src/main.ts:22 | project/apps/api/src/modules/template-engine/template-engine.controller.ts:263 | project/apps/api/src/modules/template-engine/template-engine.module.ts:TemplateEngineModule.controllers","ADD_REPRESENTATIVE_L6_VERIFICATION"
"HTTP-A4605DFDC912","SHARED PLATFORM / INFRASTRUCTURE","LimitationEngineController.getWarningLevels — GET /api/limitation-engine/warning-levels","IMPLEMENTED","true","true","true","true","1","","false","OPERABLE_UNVERIFIED","NONE","","project/apps/api/src/main.ts:22 | project/apps/api/src/modules/limitation-engine/limitation-engine.controller.ts:181 | project/apps/api/src/modules/limitation-engine/limitation-engine.module.ts:LimitationEngineModule.controllers","ADD_REPRESENTATIVE_L6_VERIFICATION"
"HTTP-A46BEBEEBC83","DEBTOR / BORÇLU","AssetQueryController.getQueriesForDebtor — GET /api/asset-queries/debtor/:caseDebtorId","IMPLEMENTED","true","true","true","true","1","","false","OPERABLE_UNVERIFIED","NONE","","project/apps/api/src/main.ts:22 | project/apps/api/src/modules/asset-query/asset-query.controller.ts:47 | project/apps/api/src/modules/asset-query/asset-query.module.ts:AssetQueryModule.controllers","ADD_REPRESENTATIVE_L6_VERIFICATION"
"HTTP-A50C80B96040","CLIENT / MÜVEKKİL","ClientController.sendDocumentRequest — POST /api/clients/:clientId/document-requests/send","IMPLEMENTED | MERGED","true","true","true","true","1","","false","OPERABLE_UNVERIFIED","NONE","","project/apps/api/src/main.ts:22 | project/apps/api/src/modules/client/client.controller.ts:145 | project/apps/api/src/modules/client/client.module.ts:ClientModule.controllers","ADD_REPRESENTATIVE_L6_VERIFICATION"
"HTTP-A539D851FCF1","SHARED PLATFORM / INFRASTRUCTURE","ValidationGateController.validateOrnek1Generation — POST /api/validation-gate/:caseId/ornek1-generation","IMPLEMENTED | MERGED","true","true","true","true","1","","false","OPERABLE_UNVERIFIED","NONE","","project/apps/api/src/main.ts:22 | project/apps/api/src/modules/validation-gate/validation-gate.controller.ts:68 | project/apps/api/src/modules/validation-gate/validation-gate.module.ts:ValidationGateModule.controllers","ADD_REPRESENTATIVE_L6_VERIFICATION"
"HTTP-A5BDB05D70BD","UYAP CONNECTOR","AdminController.updateParamsBundle — PUT /api/icrabot/admin/params/:bundle","IMPLEMENTED","true","true","true","true","1","","false","OPERABLE_UNVERIFIED","NONE","","project/apps/api/src/main.ts:22 | project/apps/api/src/modules/icrabot/admin/admin.controller.ts:94 | project/apps/api/src/modules/icrabot/icrabot.module.ts:IcrabotModule.controllers","ADD_REPRESENTATIVE_L6_VERIFICATION"
"HTTP-A5D25552DEC3","SHARED PLATFORM / INFRASTRUCTURE","TariffController.getAllTariffs — GET /api/tariffs","IMPLEMENTED","true","true","true","true","1","","false","OPERABLE_UNVERIFIED","NONE","","project/apps/api/src/main.ts:22 | project/apps/api/src/modules/tariff/tariff.controller.ts:16 | project/apps/api/src/modules/tariff/tariff.module.ts:TariffModule.controllers","ADD_REPRESENTATIVE_L6_VERIFICATION"
"HTTP-A66CC137A045","RECEIVABLE / ALACAK","InterestEngineController.getRecord — GET /api/interest-engine/records/:id","IMPLEMENTED | MERGED","true","true","","true","1","","false","UNKNOWN_REQUIRES_EVIDENCE","NONE","","project/apps/api/src/main.ts:22 | project/apps/api/src/modules/interest-engine/interest-engine.controller.ts:392 | project/apps/api/src/modules/interest-engine/interest-engine.module.ts:InterestEngineModule.controllers","COLLECT_MISSING_EVIDENCE"
"HTTP-A74942226707","RECEIVABLE / ALACAK","SummaryEngineController.getBuckets — GET /api/summary-engine/buckets","IMPLEMENTED | MERGED","true","true","true","true","1","","false","OPERABLE_UNVERIFIED","NONE","","project/apps/api/src/main.ts:22 | project/apps/api/src/modules/summary-engine/summary-engine.controller.ts:89 | project/apps/api/src/modules/summary-engine/summary-engine.module.ts:SummaryEngineModule.controllers","ADD_REPRESENTATIVE_L6_VERIFICATION"
"HTTP-A7B0B709A864","CLIENT / MÜVEKKİL","PortalController.approveDocument — POST /api/portal/admin/documents/:id/approve","IMPLEMENTED | MERGED","true","true","","true","1","","false","UNKNOWN_REQUIRES_EVIDENCE","NONE","","project/apps/api/src/main.ts:22 | project/apps/api/src/modules/portal/portal.controller.ts:358 | project/apps/api/src/modules/portal/portal.module.ts:PortalModule.controllers","COLLECT_MISSING_EVIDENCE"
"HTTP-A7E90594F4A8","SHARED PLATFORM / INFRASTRUCTURE","ValidationGateController.checkIsBankClaim — GET /api/validation-gate/is-bank-claim","IMPLEMENTED | MERGED","true","true","true","true","1","","false","OPERABLE_UNVERIFIED","NONE","","project/apps/api/src/main.ts:22 | project/apps/api/src/modules/validation-gate/validation-gate.controller.ts:178 | project/apps/api/src/modules/validation-gate/validation-gate.module.ts:ValidationGateModule.controllers","ADD_REPRESENTATIVE_L6_VERIFICATION"
"HTTP-A848D2B9CAA3","OFFICE / AVUKAT-PERSONEL","UserController.findAll — GET /api/users","IMPLEMENTED | MERGED","true","true","true","true","1","","false","OPERABLE_UNVERIFIED","NONE","","project/apps/api/src/main.ts:22 | project/apps/api/src/modules/user/user.controller.ts:12 | project/apps/api/src/modules/user/user.module.ts:UserModule.controllers","ADD_REPRESENTATIVE_L6_VERIFICATION"
"HTTP-A867BA231836","SHARED PLATFORM / INFRASTRUCTURE","ExchangeRateController.getAllRates — GET /api/exchange-rate","IMPLEMENTED","true","true","true","true","1","","false","OPERABLE_UNVERIFIED","NONE","","project/apps/api/src/main.ts:22 | project/apps/api/src/modules/exchange-rate/exchange-rate.controller.ts:11 | project/apps/api/src/modules/exchange-rate/exchange-rate.module.ts:ExchangeRateModule.controllers","ADD_REPRESENTATIVE_L6_VERIFICATION"
"HTTP-A87C8EB9F395","SHARED PLATFORM / INFRASTRUCTURE","SeedController.seedAll — POST /api/seed/all","IMPLEMENTED","true","true","true","true","1","","false","OPERABLE_UNVERIFIED","NONE","","project/apps/api/src/main.ts:22 | project/apps/api/src/modules/icrabot/v28-engine/v28-engine.module.ts:V28EngineModule.controllers | project/apps/api/src/modules/seed/seed.controller.ts:10 | project/apps/api/src/modules/seed/seed.module.ts:SeedModule.controllers","ADD_REPRESENTATIVE_L6_VERIFICATION"
"HTTP-A8917743CCFC","COLLECTION / TAHSİLAT","CollectionController.findById — GET /api/collections/:id","CANONICAL | IMPLEMENTED | MERGED","true","true","true","true","1","","false","OPERABLE_UNVERIFIED","NONE","","project/apps/api/src/main.ts:22 | project/apps/api/src/modules/collection/collection.controller.ts:69 | project/apps/api/src/modules/collection/collection.module.ts:CollectionModule.controllers","ADD_REPRESENTATIVE_L6_VERIFICATION"
"HTTP-A8A6489B0BBC","DEBTOR / BORÇLU","AddressDiscoveryController.recordUyapQueryResponse — PUT /api/address-discovery/uyap-query/:id/response","IMPLEMENTED | MERGED","true","true","true","true","1","","false","OPERABLE_UNVERIFIED","NONE","","project/apps/api/src/main.ts:22 | project/apps/api/src/modules/address-discovery/address-discovery.controller.ts:375 | project/apps/api/src/modules/address-discovery/address-discovery.module.ts:AddressDiscoveryModule.controllers","ADD_REPRESENTATIVE_L6_VERIFICATION"
"HTTP-A8AF303BEB16","CLIENT / MÜVEKKİL","ClientIntelStatementController.falsePositive — POST /api/client-intel-statements/:id/false-positive","MERGED","true","true","true","true","1","","false","OPERABLE_UNVERIFIED","NONE","","project/apps/api/src/main.ts:22 | project/apps/api/src/modules/client-intel-statement/client-intel-statement.controller.ts:47 | project/apps/api/src/modules/client-intel-statement/client-intel-statement.module.ts:ClientIntelStatementModule.controllers","ADD_REPRESENTATIVE_L6_VERIFICATION"
"HTTP-A8CE693A5A6C","SHARED PLATFORM / INFRASTRUCTURE","CalcPreviewController.getKillSwitches — GET /api/calc/deprecation/kill-switches","IMPLEMENTED","true","true","true","true","1","","false","OPERABLE_UNVERIFIED","NONE","","project/apps/api/src/main.ts:22 | project/apps/api/src/modules/calc-preview/calc-preview.controller.ts:338 | project/apps/api/src/modules/calc-preview/calc-preview.module.ts:CalcPreviewModule.controllers","ADD_REPRESENTATIVE_L6_VERIFICATION"
"HTTP-A8DC72DA415E","SHARED PLATFORM / INFRASTRUCTURE","ExecutionOfficeController.getCities — GET /api/execution-offices/cities","IMPLEMENTED","true","true","true","true","1","","false","OPERABLE_UNVERIFIED","NONE","","project/apps/api/src/main.ts:22 | project/apps/api/src/modules/execution-office/execution-office.controller.ts:20 | project/apps/api/src/modules/execution-office/execution-office.module.ts:ExecutionOfficeModule.controllers","ADD_REPRESENTATIVE_L6_VERIFICATION"
"HTTP-A8DCFFFE5FDA","SHARED PLATFORM / INFRASTRUCTURE","ExpenseRequestController.getExpenseSummary — GET /api/expense-requests/case/:caseId/summary","IMPLEMENTED | MERGED","true","true","true","true","1","","false","OPERABLE_UNVERIFIED","NONE","","project/apps/api/src/main.ts:22 | project/apps/api/src/modules/expense-request/expense-request.controller.ts:210 | project/apps/api/src/modules/expense-request/expense-request.module.ts:ExpenseRequestModule.controllers","ADD_REPRESENTATIVE_L6_VERIFICATION"
"HTTP-A8EA32B0039F","SHARED PLATFORM / INFRASTRUCTURE","ManifestAdminController.redriveDlqEntry — POST /api/admin/manifest/dlq/:dlqId/redrive","IMPLEMENTED","true","false","false","false","0","","false","CODE_PRESENT_UNBOUND","P1","ManifestAdminController hiçbir production-reachable module controllers listesinde değil.","project/apps/api/src/main.ts:22 | project/apps/api/src/modules/calc-preview/diagnostics/object-store/manifest-retry/manifest-admin.controller.ts:291","OWNER_REVIEW_BIND_OR_DISPOSITION"
"HTTP-A8F0BE44538C","SHARED PLATFORM / INFRASTRUCTURE","CaseController.findAll — GET /api/cases","CANONICAL | IMPLEMENTED | MERGED","true","true","true","true","1","","false","OPERABLE_UNVERIFIED","NONE","","project/apps/api/src/main.ts:22 | project/apps/api/src/modules/case/case.controller.ts:56 | project/apps/api/src/modules/case/case.module.ts:CaseModule.controllers","ADD_REPRESENTATIVE_L6_VERIFICATION"
"HTTP-A91DFB0F1A75","SHARED PLATFORM / INFRASTRUCTURE","PlaybookController.exportAudit — GET /api/calc/diagnostics/playbooks/:id/audit/export","IMPLEMENTED","true","false","false","false","0","","false","CODE_PRESENT_UNBOUND","P1","PlaybookController hiçbir production-reachable module controllers listesinde değil.","project/apps/api/src/main.ts:22 | project/apps/api/src/modules/calc-preview/diagnostics/playbook/playbook.controller.ts:334","OWNER_REVIEW_BIND_OR_DISPOSITION"
"HTTP-A966D07B84A0","SHARED PLATFORM / INFRASTRUCTURE","ValidationGateController.getAddressSuggestions — GET /api/validation-gate/address-suggestions","IMPLEMENTED | MERGED","true","true","true","true","1","","false","OPERABLE_UNVERIFIED","NONE","","project/apps/api/src/main.ts:22 | project/apps/api/src/modules/validation-gate/validation-gate.controller.ts:166 | project/apps/api/src/modules/validation-gate/validation-gate.module.ts:ValidationGateModule.controllers","ADD_REPRESENTATIVE_L6_VERIFICATION"
"HTTP-A98F73EBB56E","SHARED PLATFORM / INFRASTRUCTURE","CostPackageController.findByCode — GET /api/cost-packages/:code","IMPLEMENTED","true","true","true","true","1","","false","OPERABLE_UNVERIFIED","NONE","","project/apps/api/src/main.ts:22 | project/apps/api/src/modules/cost-package/cost-package.controller.ts:40 | project/apps/api/src/modules/cost-package/cost-package.module.ts:CostPackageModule.controllers","ADD_REPRESENTATIVE_L6_VERIFICATION"
"HTTP-AA0A78D2293A","UYAP CONNECTOR","PiiMaskingController.shouldMask — GET /api/icrabot/enterprise/pii/should-mask","IMPLEMENTED","true","true","true","true","1","","false","OPERABLE_UNVERIFIED","NONE","","project/apps/api/src/main.ts:22 | project/apps/api/src/modules/icrabot/enterprise/enterprise.controller.ts:54 | project/apps/api/src/modules/icrabot/icrabot.module.ts:IcrabotModule.controllers","ADD_REPRESENTATIVE_L6_VERIFICATION"
"HTTP-AA19EF6B3259","OFFICE / AVUKAT-PERSONEL","OfficeController.getIik78Settings — GET /api/office/iik78-settings","IMPLEMENTED | MERGED","true","true","true","true","1","","false","OPERABLE_UNVERIFIED","NONE","","project/apps/api/src/main.ts:22 | project/apps/api/src/modules/office/office.controller.ts:194 | project/apps/api/src/modules/office/office.module.ts:OfficeModule.controllers","ADD_REPRESENTATIVE_L6_VERIFICATION"
"HTTP-AA24A1D2DF55","RECEIVABLE / ALACAK","ClaimItemController.findByCaseId — GET /api/claim-items/case/:caseId","CANONICAL | IMPLEMENTED | MERGED","true","true","true","true","1","","false","OPERABLE_UNVERIFIED","NONE","","project/apps/api/src/main.ts:22 | project/apps/api/src/modules/claim-item/claim-item.controller.ts:40 | project/apps/api/src/modules/claim-item/claim-item.module.ts:ClaimItemModule.controllers","ADD_REPRESENTATIVE_L6_VERIFICATION"
"HTTP-AA8995F0FE23","SHARED PLATFORM / INFRASTRUCTURE","PlaybookController.getHealth — GET /api/calc/diagnostics/playbooks/_health","IMPLEMENTED","true","false","false","false","0","","false","CODE_PRESENT_UNBOUND","P1","PlaybookController hiçbir production-reachable module controllers listesinde değil.","project/apps/api/src/main.ts:22 | project/apps/api/src/modules/calc-preview/diagnostics/playbook/playbook.controller.ts:355","OWNER_REVIEW_BIND_OR_DISPOSITION"
"HTTP-AACE8AC95131","SHARED PLATFORM / INFRASTRUCTURE","GreetingController.getSpecialDays — GET /api/greetings/special-days","IMPLEMENTED","true","true","true","true","1","","false","OPERABLE_UNVERIFIED","NONE","","project/apps/api/src/main.ts:22 | project/apps/api/src/modules/greeting/greeting.controller.ts:12 | project/apps/api/src/modules/greeting/greeting.module.ts:GreetingModule.controllers","ADD_REPRESENTATIVE_L6_VERIFICATION"
"HTTP-AAD90EAEFA0E","SHARED PLATFORM / INFRASTRUCTURE","ExpenseBlockReasonController.resolve — POST /api/expense-block-reasons/:id/resolve","MERGED","true","true","true","true","1","","false","OPERABLE_UNVERIFIED","NONE","","project/apps/api/src/main.ts:22 | project/apps/api/src/modules/expense-block-reason/expense-block-reason.controller.ts:42 | project/apps/api/src/modules/expense-block-reason/expense-block-reason.module.ts:ExpenseBlockReasonModule.controllers","ADD_REPRESENTATIVE_L6_VERIFICATION"
"HTTP-AAEDA548007E","SHARED PLATFORM / INFRASTRUCTURE","CaseController.getCalculationSummary — GET /api/cases/:id/calculation-summary","CANONICAL | IMPLEMENTED | MERGED","true","true","true","true","1","","false","OPERABLE_UNVERIFIED","NONE","","project/apps/api/src/main.ts:22 | project/apps/api/src/modules/case/case.controller.ts:784 | project/apps/api/src/modules/case/case.module.ts:CaseModule.controllers","ADD_REPRESENTATIVE_L6_VERIFICATION"
"HTTP-AB9934A305C7","SHARED PLATFORM / INFRASTRUCTURE","TemplateEngineController.previewKarsiliksizCekSikayet — GET /api/template-engine/karsiliksiz-cek/case/:caseId/preview","IMPLEMENTED | MERGED","true","true","true","true","1","","false","OPERABLE_UNVERIFIED","NONE","","project/apps/api/src/main.ts:22 | project/apps/api/src/modules/template-engine/template-engine.controller.ts:577 | project/apps/api/src/modules/template-engine/template-engine.module.ts:TemplateEngineModule.controllers","ADD_REPRESENTATIVE_L6_VERIFICATION"
"HTTP-ABB9CAE4E4B8","SHARED PLATFORM / INFRASTRUCTURE","ExportImportController.exportDebtorsPdf — GET /api/export-import/debtors/pdf","IMPLEMENTED | MERGED","true","true","true","true","1","","false","OPERABLE_UNVERIFIED","NONE","","project/apps/api/src/main.ts:22 | project/apps/api/src/modules/export-import/export-import.controller.ts:90 | project/apps/api/src/modules/export-import/export-import.module.ts:ExportImportModule.controllers","ADD_REPRESENTATIVE_L6_VERIFICATION"
"HTTP-ABC1E5FC1266","UYAP CONNECTOR","IcrabotController.getEvidenceReport — GET /api/icrabot/cases/:caseId/evidence","IMPLEMENTED | MERGED","true","true","true","true","1","","false","OPERABLE_UNVERIFIED","NONE","","project/apps/api/src/main.ts:22 | project/apps/api/src/modules/icrabot/icrabot.controller.ts:82 | project/apps/api/src/modules/icrabot/icrabot.module.ts:IcrabotModule.controllers","ADD_REPRESENTATIVE_L6_VERIFICATION"
"HTTP-ABD8F788478C","SHARED PLATFORM / INFRASTRUCTURE","SchedulerController.getStatus — GET /api/scheduler/status","IMPLEMENTED","true","true","true","true","1","","false","OPERABLE_UNVERIFIED","NONE","","project/apps/api/src/main.ts:22 | project/apps/api/src/modules/scheduler/scheduler.controller.ts:13 | project/apps/api/src/modules/scheduler/scheduler.module.ts:SchedulerModule.controllers","ADD_REPRESENTATIVE_L6_VERIFICATION"
"HTTP-ABDCEE4DC1F0","SHARED PLATFORM / INFRASTRUCTURE","BankController.sendTransfer — POST /api/bank/transfer","CANONICAL | IMPLEMENTED | MERGED","true","true","true","true","1","","false","OPERABLE_UNVERIFIED","NONE","","project/apps/api/src/main.ts:22 | project/apps/api/src/modules/bank/bank.controller.ts:170 | project/apps/api/src/modules/bank/bank.module.ts:BankModule.controllers","ADD_REPRESENTATIVE_L6_VERIFICATION"
"HTTP-AC3911649E80","SHARED PLATFORM / INFRASTRUCTURE","ValidationGateController.validateBankClaimEndpoint — POST /api/validation-gate/bank-claim-validation","IMPLEMENTED | MERGED","true","true","true","true","1","","false","OPERABLE_UNVERIFIED","NONE","","project/apps/api/src/main.ts:22 | project/apps/api/src/modules/validation-gate/validation-gate.controller.ts:190 | project/apps/api/src/modules/validation-gate/validation-gate.module.ts:ValidationGateModule.controllers","ADD_REPRESENTATIVE_L6_VERIFICATION"
"HTTP-ACFCEF6B8DC5","SHARED PLATFORM / INFRASTRUCTURE","OcrController.FileInterceptor — POST /api/ocr/scan-external-case","IMPLEMENTED | MERGED","true","true","true","true","1","","false","OPERABLE_UNVERIFIED","NONE","","project/apps/api/src/main.ts:22 | project/apps/api/src/modules/ocr/ocr.controller.ts:325 | project/apps/api/src/modules/ocr/ocr.module.ts:OcrModule.controllers","ADD_REPRESENTATIVE_L6_VERIFICATION"
"HTTP-AD18CF795B1C","SHARED PLATFORM / INFRASTRUCTURE","LookupController.delete — DELETE /api/lookups/:type/:id","IMPLEMENTED","true","true","true","true","1","","false","OPERABLE_UNVERIFIED","NONE","","project/apps/api/src/main.ts:22 | project/apps/api/src/modules/lookup/lookup.controller.ts:64 | project/apps/api/src/modules/lookup/lookup.module.ts:LookupModule.controllers","ADD_REPRESENTATIVE_L6_VERIFICATION"
"HTTP-ADD35B2E244E","DEBTOR / BORÇLU","ThirdPartyController.getExternalCases — GET /api/case-debtors/:caseDebtorId/external-cases","CANONICAL | IMPLEMENTED | MERGED","true","true","true","true","1","","false","OPERABLE_UNVERIFIED","NONE","","project/apps/api/src/main.ts:22 | project/apps/api/src/modules/debtor/debtor.module.ts:DebtorModule.controllers | project/apps/api/src/modules/debtor/third-party.controller.ts:143","ADD_REPRESENTATIVE_L6_VERIFICATION"
"HTTP-ADF8350656E4","SHARED PLATFORM / INFRASTRUCTURE","SeedController.fixLawyers — POST /api/seed/fix-lawyers","IMPLEMENTED","true","true","true","true","1","","false","OPERABLE_UNVERIFIED","NONE","","project/apps/api/src/main.ts:22 | project/apps/api/src/modules/icrabot/v28-engine/v28-engine.module.ts:V28EngineModule.controllers | project/apps/api/src/modules/seed/seed.controller.ts:70 | project/apps/api/src/modules/seed/seed.module.ts:SeedModule.controllers","ADD_REPRESENTATIVE_L6_VERIFICATION"
"HTTP-AE1B2DB6C3B5","SHARED PLATFORM / INFRASTRUCTURE","ValidationGateController.validateUyapIntegration — POST /api/validation-gate/:caseId/uyap-integration","IMPLEMENTED | MERGED","true","true","true","true","1","","false","OPERABLE_UNVERIFIED","NONE","","project/apps/api/src/main.ts:22 | project/apps/api/src/modules/validation-gate/validation-gate.controller.ts:96 | project/apps/api/src/modules/validation-gate/validation-gate.module.ts:ValidationGateModule.controllers","ADD_REPRESENTATIVE_L6_VERIFICATION"
"HTTP-AE2E3C7F4AD0","CLIENT / MÜVEKKİL","PortalController.rejectDocument — POST /api/portal/admin/documents/:id/reject","IMPLEMENTED | MERGED","true","true","","true","1","","false","UNKNOWN_REQUIRES_EVIDENCE","NONE","","project/apps/api/src/main.ts:22 | project/apps/api/src/modules/portal/portal.controller.ts:372 | project/apps/api/src/modules/portal/portal.module.ts:PortalModule.controllers","COLLECT_MISSING_EVIDENCE"
"HTTP-AE3F5E3D7110","SHARED PLATFORM / INFRASTRUCTURE","OcrController.getSupportedFormats — POST /api/ocr/supported-formats","IMPLEMENTED | MERGED","true","true","true","true","1","","false","OPERABLE_UNVERIFIED","NONE","","project/apps/api/src/main.ts:22 | project/apps/api/src/modules/ocr/ocr.controller.ts:245 | project/apps/api/src/modules/ocr/ocr.module.ts:OcrModule.controllers","ADD_REPRESENTATIVE_L6_VERIFICATION"
"HTTP-AE50B86709AB","RECEIVABLE / ALACAK","CaseBalanceController.debit — POST /api/cases/:caseId/balance/debit","IMPLEMENTED","true","true","true","true","1","","false","OPERABLE_UNVERIFIED","NONE","","project/apps/api/src/main.ts:22 | project/apps/api/src/modules/case-balance/case-balance.controller.ts:54 | project/apps/api/src/modules/case-balance/case-balance.module.ts:CaseBalanceModule.controllers","ADD_REPRESENTATIVE_L6_VERIFICATION"
"HTTP-AEA42114CCB5","CLIENT / MÜVEKKİL","ClientIntakeReviewController.getOne — GET /api/client-intake-submissions/:id","MERGED","true","true","true","true","1","","false","OPERABLE_UNVERIFIED","NONE","","project/apps/api/src/main.ts:22 | project/apps/api/src/modules/client-intake-review/client-intake-review.controller.ts:32 | project/apps/api/src/modules/client-intake-review/client-intake-review.module.ts:ClientIntakeReviewModule.controllers","ADD_REPRESENTATIVE_L6_VERIFICATION"
"HTTP-AEADE6B57BA7","OFFICE / AVUKAT-PERSONEL","OfficeController.updateSmtpSettings — PUT /api/office/smtp-settings","IMPLEMENTED | MERGED","true","true","true","true","1","","false","OPERABLE_UNVERIFIED","NONE","","project/apps/api/src/main.ts:22 | project/apps/api/src/modules/office/office.controller.ts:123 | project/apps/api/src/modules/office/office.module.ts:OfficeModule.controllers","ADD_REPRESENTATIVE_L6_VERIFICATION"
"HTTP-AEE310EC65DE","CLIENT / MÜVEKKİL","ClientAddressController.create — POST /api/clients/:clientId/addresses","MERGED","true","true","true","true","1","","false","OPERABLE_UNVERIFIED","NONE","","project/apps/api/src/main.ts:22 | project/apps/api/src/modules/client/client-address.controller.ts:15 | project/apps/api/src/modules/client/client.module.ts:ClientModule.controllers","ADD_REPRESENTATIVE_L6_VERIFICATION"
"HTTP-AEE4BACE5C5B","SHARED PLATFORM / INFRASTRUCTURE","PrecautionaryOrderController.create — POST /api/precautionary-orders","IMPLEMENTED | MERGED","true","true","true","true","1","","false","OPERABLE_UNVERIFIED","NONE","","project/apps/api/src/main.ts:22 | project/apps/api/src/modules/precautionary-order/precautionary-order.controller.ts:13 | project/apps/api/src/modules/precautionary-order/precautionary-order.module.ts:PrecautionaryOrderModule.controllers","ADD_REPRESENTATIVE_L6_VERIFICATION"
"HTTP-AF4EB459826D","UYAP CONNECTOR","OpsController.cancelJob — POST /api/icrabot/ops/cancel-job","IMPLEMENTED","true","true","true","true","1","","false","OPERABLE_UNVERIFIED","NONE","","project/apps/api/src/main.ts:22 | project/apps/api/src/modules/icrabot/icrabot.module.ts:IcrabotModule.controllers | project/apps/api/src/modules/icrabot/ops/ops.controller.ts:174","ADD_REPRESENTATIVE_L6_VERIFICATION"
"HTTP-AF59BB7D46CA","CLIENT / MÜVEKKİL","ClientIntakeReviewController.bulkReview — POST /api/client-intake-submissions/:id/fields/bulk-review","MERGED","true","true","true","true","1","","false","OPERABLE_UNVERIFIED","NONE","","project/apps/api/src/main.ts:22 | project/apps/api/src/modules/client-intake-review/client-intake-review.controller.ts:50 | project/apps/api/src/modules/client-intake-review/client-intake-review.module.ts:ClientIntakeReviewModule.controllers","ADD_REPRESENTATIVE_L6_VERIFICATION"
"HTTP-AF73124FEFCD","SHARED PLATFORM / INFRASTRUCTURE","PublicInstitutionController.search — GET /api/public-institutions/search","IMPLEMENTED","true","true","true","true","1","","false","OPERABLE_UNVERIFIED","NONE","","project/apps/api/src/main.ts:22 | project/apps/api/src/modules/public-institution/public-institution.controller.ts:10 | project/apps/api/src/modules/public-institution/public-institution.module.ts:PublicInstitutionModule.controllers","ADD_REPRESENTATIVE_L6_VERIFICATION"
"HTTP-B05985F8D4C0","CLIENT / MÜVEKKİL","ClientIntelStatementController.supersede — POST /api/client-intel-statements/:id/supersede","MERGED","true","true","true","true","1","","false","OPERABLE_UNVERIFIED","NONE","","project/apps/api/src/main.ts:22 | project/apps/api/src/modules/client-intel-statement/client-intel-statement.controller.ts:57 | project/apps/api/src/modules/client-intel-statement/client-intel-statement.module.ts:ClientIntelStatementModule.controllers","ADD_REPRESENTATIVE_L6_VERIFICATION"
"HTTP-B071D5EC2683","CLIENT / MÜVEKKİL","ClientIntakeReviewController.listQueue — GET /api/client-intake-submissions","MERGED","true","true","true","true","1","","false","OPERABLE_UNVERIFIED","NONE","","project/apps/api/src/main.ts:22 | project/apps/api/src/modules/client-intake-review/client-intake-review.controller.ts:22 | project/apps/api/src/modules/client-intake-review/client-intake-review.module.ts:ClientIntakeReviewModule.controllers","ADD_REPRESENTATIVE_L6_VERIFICATION"
"HTTP-B07D795C9192","SHARED PLATFORM / INFRASTRUCTURE","MessageTemplateController.findOne — GET /api/message-templates/:id","IMPLEMENTED","true","true","true","true","1","","false","OPERABLE_UNVERIFIED","NONE","","project/apps/api/src/main.ts:22 | project/apps/api/src/modules/message-template/message-template.controller.ts:35 | project/apps/api/src/modules/message-template/message-template.module.ts:MessageTemplateModule.controllers","ADD_REPRESENTATIVE_L6_VERIFICATION"
"HTTP-B0ABBB84E676","SHARED PLATFORM / INFRASTRUCTURE","PolicyEngineController.getNextActions — GET /api/policy-engine/cases/:caseId/next-actions","IMPLEMENTED | MERGED","true","true","true","true","1","","false","OPERABLE_UNVERIFIED","NONE","","project/apps/api/src/main.ts:22 | project/apps/api/src/modules/policy-engine/policy-engine.controller.ts:139 | project/apps/api/src/modules/policy-engine/policy-engine.module.ts:PolicyEngineModule.controllers","ADD_REPRESENTATIVE_L6_VERIFICATION"
"HTTP-B0B0D6B6631C","OFFICE / AVUKAT-PERSONEL","ReportingLineController.assign — POST /api/reporting-lines/assign","MERGED","true","true","true","true","1","","false","OPERABLE_UNVERIFIED","NONE","","project/apps/api/src/main.ts:22 | project/apps/api/src/modules/reporting-line/reporting-line.controller.ts:34 | project/apps/api/src/modules/reporting-line/reporting-line.module.ts:ReportingLineModule.controllers","ADD_REPRESENTATIVE_L6_VERIFICATION"
"HTTP-B0B45DB9E0B0","SHARED PLATFORM / INFRASTRUCTURE","BankController.getTransactions — GET /api/bank/accounts/:id/transactions","CANONICAL | IMPLEMENTED | MERGED","true","true","true","true","1","","false","OPERABLE_UNVERIFIED","NONE","","project/apps/api/src/main.ts:22 | project/apps/api/src/modules/bank/bank.controller.ts:98 | project/apps/api/src/modules/bank/bank.module.ts:BankModule.controllers","ADD_REPRESENTATIVE_L6_VERIFICATION"
"HTTP-B0B542D6B1E4","SHARED PLATFORM / INFRASTRUCTURE","BreakGlassController.getRequestStatus — GET /api/api/v1/internal-ops/break-glass/status/:requestId","IMPLEMENTED","true","false","false","false","0","","false","CODE_PRESENT_UNBOUND","P1","BreakGlassController hiçbir production-reachable module controllers listesinde değil.","project/apps/api/src/main.ts:22 | project/apps/api/src/modules/calc-preview/break-glass/controllers/break-glass.controller.ts:307","OWNER_REVIEW_BIND_OR_DISPOSITION"
"HTTP-B1310CF8B803","UYAP CONNECTOR","TebligatController.getSummary — GET /api/tebligat/summary","IMPLEMENTED | MERGED","true","true","true","true","1","","false","OPERABLE_UNVERIFIED","NONE","","project/apps/api/src/main.ts:22 | project/apps/api/src/modules/tebligat/tebligat.controller.ts:179 | project/apps/api/src/modules/tebligat/tebligat.module.ts:TebligatModule.controllers","ADD_REPRESENTATIVE_L6_VERIFICATION"
"HTTP-B1ACE0DF1E6D","CLIENT / MÜVEKKİL","ClientController.backfillContactFollowUp — POST /api/clients/backfill-contact-followup","IMPLEMENTED | MERGED","true","true","true","true","1","","false","OPERABLE_UNVERIFIED","NONE","","project/apps/api/src/main.ts:22 | project/apps/api/src/modules/client/client.controller.ts:257 | project/apps/api/src/modules/client/client.module.ts:ClientModule.controllers","ADD_REPRESENTATIVE_L6_VERIFICATION"
"HTTP-B21D70A5AA9B","CLIENT / MÜVEKKİL","ClientIntakeLinkController.revoke — POST /api/client-intake-links/:id/revoke","MERGED","true","true","true","true","1","","false","OPERABLE_UNVERIFIED","NONE","","project/apps/api/src/main.ts:22 | project/apps/api/src/modules/client-intake-link/client-intake-link.controller.ts:32 | project/apps/api/src/modules/client-intake-link/client-intake-link.module.ts:ClientIntakeLinkModule.controllers","ADD_REPRESENTATIVE_L6_VERIFICATION"
"HTTP-B2236B54344D","CLIENT / MÜVEKKİL","ClientController.timeline — GET /api/clients/:clientId/timeline","IMPLEMENTED | MERGED","true","true","true","true","1","","false","OPERABLE_UNVERIFIED","NONE","","project/apps/api/src/main.ts:22 | project/apps/api/src/modules/client/client.controller.ts:86 | project/apps/api/src/modules/client/client.module.ts:ClientModule.controllers","ADD_REPRESENTATIVE_L6_VERIFICATION"
"HTTP-B23743430B5F","SHARED PLATFORM / INFRASTRUCTURE","CalcPreviewController.getDeprecationTraffic — GET /api/calc/deprecation/traffic","IMPLEMENTED","true","true","true","true","1","","false","OPERABLE_UNVERIFIED","NONE","","project/apps/api/src/main.ts:22 | project/apps/api/src/modules/calc-preview/calc-preview.controller.ts:307 | project/apps/api/src/modules/calc-preview/calc-preview.module.ts:CalcPreviewModule.controllers","ADD_REPRESENTATIVE_L6_VERIFICATION"
"HTTP-B2BBC90DB5B2","SHARED PLATFORM / INFRASTRUCTURE","CaseLeaseController.update — PUT /api/case-leases/:id","IMPLEMENTED","true","true","true","true","1","","false","OPERABLE_UNVERIFIED","NONE","","project/apps/api/src/main.ts:22 | project/apps/api/src/modules/case-lease/case-lease.controller.ts:41 | project/apps/api/src/modules/case-lease/case-lease.module.ts:CaseLeaseModule.controllers","ADD_REPRESENTATIVE_L6_VERIFICATION"
"HTTP-B30AF7C7FE5C","SHARED PLATFORM / INFRASTRUCTURE","ChaosController.clearAll — POST /api/calc/chaos/clear","IMPLEMENTED","true","false","false","false","0","","false","INTENTIONALLY_DORMANT","NONE","ChaosController hiçbir production-reachable module controllers listesinde değil.","project/apps/api/src/main.ts:22 | project/apps/api/src/modules/calc-preview/chaos/chaos.controller.ts:70","PRESERVE_DORMANT_CONTRACT"
"HTTP-B3EF9317CC4F","CLIENT / MÜVEKKİL","ClientAddressController.remove — DELETE /api/clients/:clientId/addresses/:addressId","MERGED","true","true","true","true","1","","false","OPERABLE_UNVERIFIED","NONE","","project/apps/api/src/main.ts:22 | project/apps/api/src/modules/client/client-address.controller.ts:45 | project/apps/api/src/modules/client/client.module.ts:ClientModule.controllers","ADD_REPRESENTATIVE_L6_VERIFICATION"
"HTTP-B421FAD8D167","SHARED PLATFORM / INFRASTRUCTURE","NotificationController.findExpired — GET /api/notifications/expired","IMPLEMENTED | MERGED","true","true","true","true","1","","false","OPERABLE_UNVERIFIED","NONE","","project/apps/api/src/main.ts:22 | project/apps/api/src/modules/notification/notification.controller.ts:118 | project/apps/api/src/modules/notification/notification.module.ts:NotificationModule.controllers","ADD_REPRESENTATIVE_L6_VERIFICATION"
"HTTP-B448B9CF5D37","UYAP CONNECTOR","UyapController.checkMts — GET /api/uyap/mts/:referenceNo","IMPLEMENTED | MERGED","true","true","true","true","1","","false","OPERABLE_UNVERIFIED","NONE","","project/apps/api/src/main.ts:22 | project/apps/api/src/modules/uyap/uyap.controller.ts:138 | project/apps/api/src/modules/uyap/uyap.module.ts:UyapModule.controllers","ADD_REPRESENTATIVE_L6_VERIFICATION"
"HTTP-B45A366564FF","DEBTOR / BORÇLU","AddressController.setActiveAddress — POST /api/case-debtors/:caseDebtorId/active-address","IMPLEMENTED | MERGED","true","true","true","true","1","","false","OPERABLE_UNVERIFIED","NONE","","project/apps/api/src/main.ts:22 | project/apps/api/src/modules/debtor/address.controller.ts:220 | project/apps/api/src/modules/debtor/debtor.module.ts:DebtorModule.controllers","ADD_REPRESENTATIVE_L6_VERIFICATION"
"HTTP-B460FE4D45EA","UYAP CONNECTOR","UyapController.getStats — GET /api/uyap/stats","IMPLEMENTED | MERGED","true","true","true","true","1","","false","OPERABLE_UNVERIFIED","NONE","","project/apps/api/src/main.ts:22 | project/apps/api/src/modules/uyap/uyap.controller.ts:95 | project/apps/api/src/modules/uyap/uyap.module.ts:UyapModule.controllers","ADD_REPRESENTATIVE_L6_VERIFICATION"
"HTTP-B496D441190F","UYAP CONNECTOR","AdminController.getRecipe — GET /api/icrabot/admin/recipes/:id","IMPLEMENTED","true","true","true","true","1","","false","OPERABLE_UNVERIFIED","NONE","","project/apps/api/src/main.ts:22 | project/apps/api/src/modules/icrabot/admin/admin.controller.ts:47 | project/apps/api/src/modules/icrabot/icrabot.module.ts:IcrabotModule.controllers","ADD_REPRESENTATIVE_L6_VERIFICATION"
"HTTP-B4BCB74321F9","SHARED PLATFORM / INFRASTRUCTURE","TaskController.findOne — GET /api/tasks/:id","IMPLEMENTED | MERGED","true","true","true","true","1","","false","OPERABLE_UNVERIFIED","NONE","","project/apps/api/src/main.ts:22 | project/apps/api/src/modules/task/task.controller.ts:36 | project/apps/api/src/modules/task/task.module.ts:TaskModule.controllers","ADD_REPRESENTATIVE_L6_VERIFICATION"
"HTTP-B4E430EB9F32","UYAP CONNECTOR","TebligatController.create — POST /api/tebligat","IMPLEMENTED | MERGED","true","true","true","true","1","","false","OPERABLE_UNVERIFIED","NONE","","project/apps/api/src/main.ts:22 | project/apps/api/src/modules/tebligat/tebligat.controller.ts:38 | project/apps/api/src/modules/tebligat/tebligat.module.ts:TebligatModule.controllers","ADD_REPRESENTATIVE_L6_VERIFICATION"
"HTTP-B4EC7B1A7044","SHARED PLATFORM / INFRASTRUCTURE","PlaybookController.resumePlaybook — POST /api/calc/diagnostics/playbooks/:id/resume","IMPLEMENTED","true","false","false","false","0","","false","CODE_PRESENT_UNBOUND","P1","PlaybookController hiçbir production-reachable module controllers listesinde değil.","project/apps/api/src/main.ts:22 | project/apps/api/src/modules/calc-preview/diagnostics/playbook/playbook.controller.ts:238","OWNER_REVIEW_BIND_OR_DISPOSITION"
"HTTP-B50002D8759F","SHARED PLATFORM / INFRASTRUCTURE","LookupController.findOne — GET /api/lookups/:type/:id","IMPLEMENTED","true","true","true","true","1","","false","OPERABLE_UNVERIFIED","NONE","","project/apps/api/src/main.ts:22 | project/apps/api/src/modules/lookup/lookup.controller.ts:30 | project/apps/api/src/modules/lookup/lookup.module.ts:LookupModule.controllers","ADD_REPRESENTATIVE_L6_VERIFICATION"
"HTTP-B507B63DF08D","RECEIVABLE / ALACAK","SummaryEngineController.recordPayment — POST /api/summary-engine/case/:caseId/payment","IMPLEMENTED | MERGED","true","true","true","true","1","","false","OPERABLE_UNVERIFIED","NONE","","project/apps/api/src/main.ts:22 | project/apps/api/src/modules/summary-engine/summary-engine.controller.ts:38 | project/apps/api/src/modules/summary-engine/summary-engine.module.ts:SummaryEngineModule.controllers","ADD_REPRESENTATIVE_L6_VERIFICATION"
"HTTP-B53F886E4ABD","SHARED PLATFORM / INFRASTRUCTURE","PrecautionaryOrderController.addCost — POST /api/precautionary-orders/:id/costs","IMPLEMENTED | MERGED","true","true","true","true","1","","false","OPERABLE_UNVERIFIED","NONE","","project/apps/api/src/main.ts:22 | project/apps/api/src/modules/precautionary-order/precautionary-order.controller.ts:71 | project/apps/api/src/modules/precautionary-order/precautionary-order.module.ts:PrecautionaryOrderModule.controllers","ADD_REPRESENTATIVE_L6_VERIFICATION"
"HTTP-B54758D01C6F","SHARED PLATFORM / INFRASTRUCTURE","DocumentController.getIhbarname89_3 — POST /api/documents/case/:caseId/ihbarname-89-3","IMPLEMENTED | MERGED","true","true","true","true","1","","false","OPERABLE_UNVERIFIED","NONE","","project/apps/api/src/main.ts:22 | project/apps/api/src/modules/document/document.controller.ts:287 | project/apps/api/src/modules/document/document.module.ts:DocumentModule.controllers","ADD_REPRESENTATIVE_L6_VERIFICATION"
"HTTP-B58ED18A2079","DEBTOR / BORÇLU","AddressTaskController.confirmReceived — POST /api/address-tasks/:taskId/confirm-received","IMPLEMENTED | MERGED","true","true","true","true","1","","false","OPERABLE_UNVERIFIED","NONE","","project/apps/api/src/main.ts:22 | project/apps/api/src/modules/address-task/address-task.controller.ts:244 | project/apps/api/src/modules/address-task/address-task.module.ts:AddressTaskModule.controllers","ADD_REPRESENTATIVE_L6_VERIFICATION"
"HTTP-B64790116BBE","SHARED PLATFORM / INFRASTRUCTURE","TemplateEngineController.generateTakipTalebiUdf — POST /api/template-engine/takip-talebi/udf","IMPLEMENTED | MERGED","true","true","true","true","1","","false","OPERABLE_UNVERIFIED","NONE","","project/apps/api/src/main.ts:22 | project/apps/api/src/modules/template-engine/template-engine.controller.ts:466 | project/apps/api/src/modules/template-engine/template-engine.module.ts:TemplateEngineModule.controllers","ADD_REPRESENTATIVE_L6_VERIFICATION"
"HTTP-B659BB9BA198","DEBTOR / BORÇLU","AddressTaskController.updateTaskStatus — POST /api/address-tasks/:taskId/status","IMPLEMENTED | MERGED","true","true","true","true","1","","false","OPERABLE_UNVERIFIED","NONE","","project/apps/api/src/main.ts:22 | project/apps/api/src/modules/address-task/address-task.controller.ts:182 | project/apps/api/src/modules/address-task/address-task.module.ts:AddressTaskModule.controllers","ADD_REPRESENTATIVE_L6_VERIFICATION"
"HTTP-B66B0E73FBDE","SHARED PLATFORM / INFRASTRUCTURE","RelatedLawsuitsController.getLawsuitTypesForStage — GET /api/related-lawsuits/types/by-stage","IMPLEMENTED | MERGED","true","true","true","true","1","","false","OPERABLE_UNVERIFIED","NONE","","project/apps/api/src/main.ts:22 | project/apps/api/src/modules/related-lawsuits/related-lawsuits.controller.ts:116 | project/apps/api/src/modules/related-lawsuits/related-lawsuits.module.ts:RelatedLawsuitsModule.controllers","ADD_REPRESENTATIVE_L6_VERIFICATION"
"HTTP-B673C35ED0E2","DEBTOR / BORÇLU","ThirdPartyController.getThirdPartiesWithStatus — GET /api/case-debtors/:caseDebtorId/third-parties/with-status","CANONICAL | IMPLEMENTED | MERGED","true","true","true","true","1","","false","OPERABLE_UNVERIFIED","NONE","","project/apps/api/src/main.ts:22 | project/apps/api/src/modules/debtor/debtor.module.ts:DebtorModule.controllers | project/apps/api/src/modules/debtor/third-party.controller.ts:105","ADD_REPRESENTATIVE_L6_VERIFICATION"
"HTTP-B719E8133B91","SHARED PLATFORM / INFRASTRUCTURE","NotificationController.sendEmail — POST /api/notifications/case/:caseId/email","IMPLEMENTED | MERGED","true","true","true","true","1","","false","OPERABLE_UNVERIFIED","NONE","","project/apps/api/src/main.ts:22 | project/apps/api/src/modules/notification/notification.controller.ts:87 | project/apps/api/src/modules/notification/notification.module.ts:NotificationModule.controllers","ADD_REPRESENTATIVE_L6_VERIFICATION"
"HTTP-B73CFFDCB5AE","SHARED PLATFORM / INFRASTRUCTURE","TaskController.create — POST /api/tasks","IMPLEMENTED | MERGED","true","true","true","true","1","","false","OPERABLE_UNVERIFIED","NONE","","project/apps/api/src/main.ts:22 | project/apps/api/src/modules/task/task.controller.ts:41 | project/apps/api/src/modules/task/task.module.ts:TaskModule.controllers","ADD_REPRESENTATIVE_L6_VERIFICATION"
"HTTP-B7A05784B319","OFFICE / AVUKAT-PERSONEL","LawyerController.findOne — GET /api/lawyers/:id","IMPLEMENTED | MERGED","true","true","true","true","1","","false","OPERABLE_UNVERIFIED","NONE","","project/apps/api/src/main.ts:22 | project/apps/api/src/modules/lawyer/lawyer.controller.ts:44 | project/apps/api/src/modules/lawyer/lawyer.module.ts:LawyerModule.controllers","ADD_REPRESENTATIVE_L6_VERIFICATION"
"HTTP-B82CC43BD8AE","DEBTOR / BORÇLU","AddressDiscoveryController.getInstitutionLetter — GET /api/address-discovery/institution-letter/:id","IMPLEMENTED | MERGED","true","true","true","true","1","","false","OPERABLE_UNVERIFIED","NONE","","project/apps/api/src/main.ts:22 | project/apps/api/src/modules/address-discovery/address-discovery.controller.ts:456 | project/apps/api/src/modules/address-discovery/address-discovery.module.ts:AddressDiscoveryModule.controllers","ADD_REPRESENTATIVE_L6_VERIFICATION"
"HTTP-B86D4753FD69","SHARED PLATFORM / INFRASTRUCTURE","PdfController.generatePdf — POST /api/pdf/generate","IMPLEMENTED | MERGED","true","true","true","true","1","","false","OPERABLE_UNVERIFIED","NONE","","project/apps/api/src/main.ts:22 | project/apps/api/src/modules/pdf/pdf.controller.ts:53 | project/apps/api/src/modules/pdf/pdf.module.ts:PdfModule.controllers","ADD_REPRESENTATIVE_L6_VERIFICATION"
"HTTP-B86ED44BE84C","SHARED PLATFORM / INFRASTRUCTURE","ValidationGateController.getRules — GET /api/validation-gate/rules","IMPLEMENTED | MERGED","true","true","true","true","1","","false","OPERABLE_UNVERIFIED","NONE","","project/apps/api/src/main.ts:22 | project/apps/api/src/modules/validation-gate/validation-gate.controller.ts:124 | project/apps/api/src/modules/validation-gate/validation-gate.module.ts:ValidationGateModule.controllers","ADD_REPRESENTATIVE_L6_VERIFICATION"
"HTTP-B8985C87AEDB","SHARED PLATFORM / INFRASTRUCTURE","GreetingController.createDefaultSpecialDays — POST /api/greetings/special-days/create-defaults","IMPLEMENTED","true","true","true","true","1","","false","OPERABLE_UNVERIFIED","NONE","","project/apps/api/src/main.ts:22 | project/apps/api/src/modules/greeting/greeting.controller.ts:39 | project/apps/api/src/modules/greeting/greeting.module.ts:GreetingModule.controllers","ADD_REPRESENTATIVE_L6_VERIFICATION"
"HTTP-B8B31DABFE77","SHARED PLATFORM / INFRASTRUCTURE","CalcPreviewController.getGlobalRateLimitStats — GET /api/calc/rate-limit/global","IMPLEMENTED","true","true","true","true","1","","false","OPERABLE_UNVERIFIED","NONE","","project/apps/api/src/main.ts:22 | project/apps/api/src/modules/calc-preview/calc-preview.controller.ts:238 | project/apps/api/src/modules/calc-preview/calc-preview.module.ts:CalcPreviewModule.controllers","ADD_REPRESENTATIVE_L6_VERIFICATION"
"HTTP-B8CA5F076E10","SHARED PLATFORM / INFRASTRUCTURE","CaseInstrumentController.remove — DELETE /api/case-instruments/:id","IMPLEMENTED | MERGED","true","true","true","true","1","","false","OPERABLE_UNVERIFIED","NONE","","project/apps/api/src/main.ts:22 | project/apps/api/src/modules/case-instrument/case-instrument.controller.ts:64 | project/apps/api/src/modules/case-instrument/case-instrument.module.ts:CaseInstrumentModule.controllers","ADD_REPRESENTATIVE_L6_VERIFICATION"
"HTTP-B8D0FF078954","SHARED PLATFORM / INFRASTRUCTURE","TemplateEngineController.downloadWordFromCase — GET /api/template-engine/case/:caseId/word","IMPLEMENTED | MERGED","true","true","true","true","1","","false","OPERABLE_UNVERIFIED","NONE","","project/apps/api/src/main.ts:22 | project/apps/api/src/modules/template-engine/template-engine.controller.ts:445 | project/apps/api/src/modules/template-engine/template-engine.module.ts:TemplateEngineModule.controllers","ADD_REPRESENTATIVE_L6_VERIFICATION"
"HTTP-B8F6DA4A6BF5","DEBTOR / BORÇLU","AddressDiscoveryController.getUyapQueryTypes — GET /api/address-discovery/uyap-query-types","IMPLEMENTED | MERGED","true","true","true","true","1","","false","OPERABLE_UNVERIFIED","NONE","","project/apps/api/src/main.ts:22 | project/apps/api/src/modules/address-discovery/address-discovery.controller.ts:421 | project/apps/api/src/modules/address-discovery/address-discovery.module.ts:AddressDiscoveryModule.controllers","ADD_REPRESENTATIVE_L6_VERIFICATION"
"HTTP-B95CBBE4A134","AUTH / TENANT / SECURITY","AuthController.capabilities — GET /api/auth/capabilities","IMPLEMENTED | MERGED","true","true","","true","1","","false","UNKNOWN_REQUIRES_EVIDENCE","NONE","","project/apps/api/src/main.ts:22 | project/apps/api/src/modules/auth/auth.controller.ts:21 | project/apps/api/src/modules/auth/auth.module.ts:AuthModule.controllers","COLLECT_MISSING_EVIDENCE"
"HTTP-B965A6C9A078","SHARED PLATFORM / INFRASTRUCTURE","ExpenseRequestController.calculatePreview — POST /api/expense-requests/calculate-preview","IMPLEMENTED | MERGED","true","true","true","true","1","","false","OPERABLE_UNVERIFIED","NONE","","project/apps/api/src/main.ts:22 | project/apps/api/src/modules/expense-request/expense-request.controller.ts:355 | project/apps/api/src/modules/expense-request/expense-request.module.ts:ExpenseRequestModule.controllers","ADD_REPRESENTATIVE_L6_VERIFICATION"
"HTTP-B99EBD8156E1","SHARED PLATFORM / INFRASTRUCTURE","ExpenseBlockReasonController.listByCase — GET /api/expense-block-reasons/case/:caseId","MERGED","true","true","true","true","1","","false","OPERABLE_UNVERIFIED","NONE","","project/apps/api/src/main.ts:22 | project/apps/api/src/modules/expense-block-reason/expense-block-reason.controller.ts:68 | project/apps/api/src/modules/expense-block-reason/expense-block-reason.module.ts:ExpenseBlockReasonModule.controllers","ADD_REPRESENTATIVE_L6_VERIFICATION"
"HTTP-B9A6D98A6F49","SHARED PLATFORM / INFRASTRUCTURE","CalendarController.getUpcomingEvents — GET /api/calendar/upcoming","IMPLEMENTED","true","true","true","true","1","","false","OPERABLE_UNVERIFIED","NONE","","project/apps/api/src/main.ts:22 | project/apps/api/src/modules/calendar/calendar.controller.ts:64 | project/apps/api/src/modules/calendar/calendar.module.ts:CalendarModule.controllers","ADD_REPRESENTATIVE_L6_VERIFICATION"
"HTTP-B9AF94EB8F22","SHARED PLATFORM / INFRASTRUCTURE","ExpenseRequestController.getStats — GET /api/expense-requests/stats","IMPLEMENTED | MERGED","true","true","true","true","1","","false","OPERABLE_UNVERIFIED","NONE","","project/apps/api/src/main.ts:22 | project/apps/api/src/modules/expense-request/expense-request.controller.ts:39 | project/apps/api/src/modules/expense-request/expense-request.module.ts:ExpenseRequestModule.controllers","ADD_REPRESENTATIVE_L6_VERIFICATION"
"HTTP-B9C40B0BD313","SHARED PLATFORM / INFRASTRUCTURE","SimulationController.listRuns — GET /api/incidents/:id/runs","IMPLEMENTED","true","true","true","true","1","","false","OPERABLE_UNVERIFIED","NONE","","project/apps/api/src/main.ts:22 | project/apps/api/src/modules/calc-preview/diagnostics/simulation-api/simulation-api.module.ts:SimulationApiModule.controllers | project/apps/api/src/modules/calc-preview/diagnostics/simulation-api/simulation.controller.ts:249","ADD_REPRESENTATIVE_L6_VERIFICATION"
"HTTP-B9E064F505AD","DEBTOR / BORÇLU","AddressTaskController.addressReceived — POST /api/address-tasks/case/:caseId/debtor/:debtorId/address-received","IMPLEMENTED | MERGED","true","true","true","true","1","","false","OPERABLE_UNVERIFIED","NONE","","project/apps/api/src/main.ts:22 | project/apps/api/src/modules/address-task/address-task.controller.ts:277 | project/apps/api/src/modules/address-task/address-task.module.ts:AddressTaskModule.controllers","ADD_REPRESENTATIVE_L6_VERIFICATION"
"HTTP-BB4CE77F94E6","RECEIVABLE / ALACAK","InterestEngineController.queryRecords — GET /api/interest-engine/records","IMPLEMENTED | MERGED","true","true","","true","1","","false","UNKNOWN_REQUIRES_EVIDENCE","NONE","","project/apps/api/src/main.ts:22 | project/apps/api/src/modules/interest-engine/interest-engine.controller.ts:411 | project/apps/api/src/modules/interest-engine/interest-engine.module.ts:InterestEngineModule.controllers","COLLECT_MISSING_EVIDENCE"
"HTTP-BB84BB92B496","OFFICE / AVUKAT-PERSONEL","OfficeApprovalController.cancel — POST /api/office-approvals/:id/cancel","MERGED","true","true","true","true","1","","false","OPERABLE_UNVERIFIED","NONE","","project/apps/api/src/main.ts:22 | project/apps/api/src/modules/office-approval/office-approval.controller.ts:169 | project/apps/api/src/modules/office-approval/office-approval.module.ts:OfficeApprovalModule.controllers","ADD_REPRESENTATIVE_L6_VERIFICATION"
"HTTP-BB8F58F63C66","DEBTOR / BORÇLU","DebtorController.findOne — GET /api/debtors/:id","IMPLEMENTED | MERGED","true","true","true","true","1","","false","OPERABLE_UNVERIFIED","NONE","","project/apps/api/src/main.ts:22 | project/apps/api/src/modules/debtor/debtor.controller.ts:224 | project/apps/api/src/modules/debtor/debtor.module.ts:DebtorModule.controllers","ADD_REPRESENTATIVE_L6_VERIFICATION"
"HTTP-BB942329E1F2","SHARED PLATFORM / INFRASTRUCTURE","DiagnosticsController.getRecentIncidents — GET /api/calc/diagnostics/incidents/recent","IMPLEMENTED","true","true","true","true","1","","false","OPERABLE_UNVERIFIED","NONE","","project/apps/api/src/main.ts:22 | project/apps/api/src/modules/calc-preview/diagnostics/diagnostics.controller.ts:256 | project/apps/api/src/modules/calc-preview/diagnostics/diagnostics.module.ts:DiagnosticsModule.controllers","ADD_REPRESENTATIVE_L6_VERIFICATION"
"HTTP-BBE8DBA62DAE","AUTH / TENANT / SECURITY","UserInviteController.resend — POST /api/auth/invites/:id/resend","MERGED","true","true","","true","1","","false","UNKNOWN_REQUIRES_EVIDENCE","NONE","","project/apps/api/src/main.ts:22 | project/apps/api/src/modules/auth/auth.module.ts:AuthModule.controllers | project/apps/api/src/modules/auth/invite/user-invite.controller.ts:36","COLLECT_MISSING_EVIDENCE"
"HTTP-BC4A4373210D","UYAP CONNECTOR","UyapEventController.ingestEvent — POST /api/icrabot/v28/events","IMPLEMENTED | MERGED","true","true","true","true","1","","false","OPERABLE_UNVERIFIED","NONE","","project/apps/api/src/main.ts:22 | project/apps/api/src/modules/icrabot/v28-engine/v28-engine.controller.ts:46 | project/apps/api/src/modules/icrabot/v28-engine/v28-engine.module.ts:V28EngineModule.controllers","ADD_REPRESENTATIVE_L6_VERIFICATION"
"HTTP-BC98675F3757","CLIENT / MÜVEKKİL","ClientNotificationController.testSmsConnection — POST /api/client-notifications/test-sms","IMPLEMENTED","true","true","true","true","1","","false","OPERABLE_UNVERIFIED","NONE","","project/apps/api/src/main.ts:22 | project/apps/api/src/modules/client-notification/client-notification.controller.ts:146 | project/apps/api/src/modules/client-notification/client-notification.module.ts:ClientNotificationModule.controllers","ADD_REPRESENTATIVE_L6_VERIFICATION"
"HTTP-BCC11CA7DBAA","SHARED PLATFORM / INFRASTRUCTURE","AiController.getSuggestions — GET /api/ai/case/:caseId/suggest","IMPLEMENTED | MERGED","true","true","true","true","1","","false","OPERABLE_UNVERIFIED","NONE","","project/apps/api/src/main.ts:22 | project/apps/api/src/modules/ai/ai.controller.ts:16 | project/apps/api/src/modules/ai/ai.module.ts:AiModule.controllers","ADD_REPRESENTATIVE_L6_VERIFICATION"
"HTTP-BCC9B4969FB0","CLIENT / MÜVEKKİL","ClientIntelStatementController.retract — POST /api/client-intel-statements/:id/retract","MERGED","true","true","true","true","1","","false","OPERABLE_UNVERIFIED","NONE","","project/apps/api/src/main.ts:22 | project/apps/api/src/modules/client-intel-statement/client-intel-statement.controller.ts:37 | project/apps/api/src/modules/client-intel-statement/client-intel-statement.module.ts:ClientIntelStatementModule.controllers","ADD_REPRESENTATIVE_L6_VERIFICATION"
"HTTP-BCE31FB68E56","SHARED PLATFORM / INFRASTRUCTURE","ManifestAdminController.getRetryQueueStats — GET /api/admin/manifest/retry-queue","IMPLEMENTED","true","false","false","false","0","","false","CODE_PRESENT_UNBOUND","P1","ManifestAdminController hiçbir production-reachable module controllers listesinde değil.","project/apps/api/src/main.ts:22 | project/apps/api/src/modules/calc-preview/diagnostics/object-store/manifest-retry/manifest-admin.controller.ts:172","OWNER_REVIEW_BIND_OR_DISPOSITION"
"HTTP-BD0E9A92A83D","UYAP CONNECTOR","IcrabotController.processEvent — POST /api/icrabot/cases/:caseId/transition","IMPLEMENTED | MERGED","true","true","true","true","1","","false","OPERABLE_UNVERIFIED","NONE","","project/apps/api/src/main.ts:22 | project/apps/api/src/modules/icrabot/icrabot.controller.ts:210 | project/apps/api/src/modules/icrabot/icrabot.module.ts:IcrabotModule.controllers","ADD_REPRESENTATIVE_L6_VERIFICATION"
"HTTP-BD6E816DF8BB","SHARED PLATFORM / INFRASTRUCTURE","TestRoutesController.force503 — GET /api/__test__/force-503","IMPLEMENTED","true","false","false","false","0","","false","INTENTIONALLY_DORMANT","NONE","TestRoutesController hiçbir production-reachable module controllers listesinde değil.","project/apps/api/src/main.ts:22 | project/apps/api/src/modules/metrics-registry/test-routes.controller.ts:28","PRESERVE_DORMANT_CONTRACT"
"HTTP-BDA96F6C590C","SHARED PLATFORM / INFRASTRUCTURE","CaseController.cancelCollection — POST /api/cases/:id/collections/:collectionId/cancel","CANONICAL | IMPLEMENTED | MERGED","true","true","true","true","1","","false","OPERABLE_UNVERIFIED","NONE","","project/apps/api/src/main.ts:22 | project/apps/api/src/modules/case/case.controller.ts:729 | project/apps/api/src/modules/case/case.module.ts:CaseModule.controllers","ADD_REPRESENTATIVE_L6_VERIFICATION"
"HTTP-BE082A588A9B","RECEIVABLE / ALACAK","ClaimItemController.addInterest — POST /api/claim-items/case/:caseId/add-interest","CANONICAL | IMPLEMENTED | MERGED","true","true","true","true","1","","false","OPERABLE_UNVERIFIED","NONE","","project/apps/api/src/main.ts:22 | project/apps/api/src/modules/claim-item/claim-item.controller.ts:116 | project/apps/api/src/modules/claim-item/claim-item.module.ts:ClaimItemModule.controllers","ADD_REPRESENTATIVE_L6_VERIFICATION"
"HTTP-BE0DE8CFEA7E","CLIENT / MÜVEKKİL","PortalController.sendMessageToClient — POST /api/portal/admin/messages/:clientId","IMPLEMENTED | MERGED","true","true","","true","1","","false","UNKNOWN_REQUIRES_EVIDENCE","NONE","","project/apps/api/src/main.ts:22 | project/apps/api/src/modules/portal/portal.controller.ts:458 | project/apps/api/src/modules/portal/portal.module.ts:PortalModule.controllers","COLLECT_MISSING_EVIDENCE"
"HTTP-BE1F55C0F782","SHARED PLATFORM / INFRASTRUCTURE","AiController.getStats — GET /api/ai/stats","IMPLEMENTED | MERGED","true","true","true","true","1","","false","OPERABLE_UNVERIFIED","NONE","","project/apps/api/src/main.ts:22 | project/apps/api/src/modules/ai/ai.controller.ts:36 | project/apps/api/src/modules/ai/ai.module.ts:AiModule.controllers","ADD_REPRESENTATIVE_L6_VERIFICATION"
"HTTP-BE4D691AC47A","UYAP CONNECTOR","RecorderController.deleteRecording — DELETE /api/icrabot/recorder/recordings/:id","IMPLEMENTED","true","true","true","true","1","","false","OPERABLE_UNVERIFIED","NONE","","project/apps/api/src/main.ts:22 | project/apps/api/src/modules/icrabot/icrabot.module.ts:IcrabotModule.controllers | project/apps/api/src/modules/icrabot/recorder/recorder.controller.ts:176","ADD_REPRESENTATIVE_L6_VERIFICATION"
"HTTP-BE4F09975819","SHARED PLATFORM / INFRASTRUCTURE","ChaosController.getStatus — GET /api/calc/chaos/status","IMPLEMENTED","true","false","false","false","0","","false","INTENTIONALLY_DORMANT","NONE","ChaosController hiçbir production-reachable module controllers listesinde değil.","project/apps/api/src/main.ts:22 | project/apps/api/src/modules/calc-preview/chaos/chaos.controller.ts:84","PRESERVE_DORMANT_CONTRACT"
"HTTP-BE5873E7D18F","SHARED PLATFORM / INFRASTRUCTURE","OcrController.recordExtractionFeedback — POST /api/ocr/extraction-feedback","IMPLEMENTED | MERGED","true","true","true","true","1","","false","OPERABLE_UNVERIFIED","NONE","","project/apps/api/src/main.ts:22 | project/apps/api/src/modules/ocr/ocr.controller.ts:52 | project/apps/api/src/modules/ocr/ocr.module.ts:OcrModule.controllers","ADD_REPRESENTATIVE_L6_VERIFICATION"
"HTTP-BE7D3E877DD8","DEBTOR / BORÇLU","DebtorController.createIntelligence — POST /api/debtors/:id/intelligence","IMPLEMENTED | MERGED","true","true","true","true","1","","false","OPERABLE_UNVERIFIED","NONE","","project/apps/api/src/main.ts:22 | project/apps/api/src/modules/debtor/debtor.controller.ts:271 | project/apps/api/src/modules/debtor/debtor.module.ts:DebtorModule.controllers","ADD_REPRESENTATIVE_L6_VERIFICATION"
"HTTP-BECE5FBDC170","UYAP CONNECTOR","UyapController.testPaymentOrder — POST /api/uyap/test/payment-order","IMPLEMENTED | MERGED","true","true","true","true","1","","false","OPERABLE_UNVERIFIED","NONE","","project/apps/api/src/main.ts:22 | project/apps/api/src/modules/uyap/uyap.controller.ts:103 | project/apps/api/src/modules/uyap/uyap.module.ts:UyapModule.controllers","ADD_REPRESENTATIVE_L6_VERIFICATION"
"HTTP-BF71D8BFAC46","SHARED PLATFORM / INFRASTRUCTURE","CostPackageController.create — POST /api/cost-packages","IMPLEMENTED","true","true","true","true","1","","false","OPERABLE_UNVERIFIED","NONE","","project/apps/api/src/main.ts:22 | project/apps/api/src/modules/cost-package/cost-package.controller.ts:51 | project/apps/api/src/modules/cost-package/cost-package.module.ts:CostPackageModule.controllers","ADD_REPRESENTATIVE_L6_VERIFICATION"
"HTTP-BFB878674C5E","RECEIVABLE / ALACAK","ClaimEngineController.classifyDocument — POST /api/claim-engine/classify","IMPLEMENTED","true","true","true","true","1","","false","OPERABLE_UNVERIFIED","NONE","","project/apps/api/src/main.ts:22 | project/apps/api/src/modules/claim-engine/claim-engine.controller.ts:60 | project/apps/api/src/modules/claim-engine/claim-engine.module.ts:ClaimEngineModule.controllers","ADD_REPRESENTATIVE_L6_VERIFICATION"
"HTTP-BFE24266B89D","COLLECTION / TAHSİLAT","CollectionController.cancel — POST /api/collections/:id/cancel","CANONICAL | IMPLEMENTED | MERGED","true","true","true","true","1","","false","OPERABLE_UNVERIFIED","NONE","","project/apps/api/src/main.ts:22 | project/apps/api/src/modules/collection/collection.controller.ts:110 | project/apps/api/src/modules/collection/collection.module.ts:CollectionModule.controllers","ADD_REPRESENTATIVE_L6_VERIFICATION"
"HTTP-C0593CE2185B","SHARED PLATFORM / INFRASTRUCTURE","CrossTenantAccessController.blockPost — POST /api/api/v1/internal-ops/cross-tenant/:tenantId/*","IMPLEMENTED","true","false","false","false","0","","false","CODE_PRESENT_UNBOUND","P1","CrossTenantAccessController hiçbir production-reachable module controllers listesinde değil.","project/apps/api/src/main.ts:22 | project/apps/api/src/modules/calc-preview/break-glass/controllers/cross-tenant-access.controller.ts:158","OWNER_REVIEW_BIND_OR_DISPOSITION"
"HTTP-C0B1EFDE5805","CLIENT / MÜVEKKİL","CaseFeeAgreementController.create — POST /api/case-fee-agreements","MERGED","true","true","true","true","1","","false","BOUND_DORMANT","P2","","project/apps/api/src/main.ts:22 | project/apps/api/src/modules/client-settlement/case-fee-agreement.controller.ts:77 | project/apps/api/src/modules/client-settlement/client-settlement.module.ts:ClientSettlementModule.controllers","VERIFY_ACTIVATION_AUTHORITY_AND_DEPLOYED_VALUE"
"HTTP-C0C869B7C211","RECEIVABLE / ALACAK","ClaimEngineController.validateCase — POST /api/claim-engine/validate","IMPLEMENTED","true","true","true","true","1","","false","OPERABLE_UNVERIFIED","NONE","","project/apps/api/src/main.ts:22 | project/apps/api/src/modules/claim-engine/claim-engine.controller.ts:100 | project/apps/api/src/modules/claim-engine/claim-engine.module.ts:ClaimEngineModule.controllers","ADD_REPRESENTATIVE_L6_VERIFICATION"
"HTTP-C19DEA2DE7F1","CLIENT / MÜVEKKİL","CaseFeeAgreementController.terminate — POST /api/case-fee-agreements/:agreementId/terminate","MERGED","true","true","true","true","1","","false","BOUND_DORMANT","P2","","project/apps/api/src/main.ts:22 | project/apps/api/src/modules/client-settlement/case-fee-agreement.controller.ts:110 | project/apps/api/src/modules/client-settlement/client-settlement.module.ts:ClientSettlementModule.controllers","VERIFY_ACTIVATION_AUTHORITY_AND_DEPLOYED_VALUE"
"HTTP-C1C0B1C7418F","OFFICE / AVUKAT-PERSONEL","LawyerController.delete — DELETE /api/lawyers/:id","IMPLEMENTED | MERGED","true","true","true","true","1","","false","OPERABLE_UNVERIFIED","NONE","","project/apps/api/src/main.ts:22 | project/apps/api/src/modules/lawyer/lawyer.controller.ts:173 | project/apps/api/src/modules/lawyer/lawyer.module.ts:LawyerModule.controllers","ADD_REPRESENTATIVE_L6_VERIFICATION"
"HTTP-C21516D607C3","UYAP CONNECTOR","TebligatController.trackPttBarcodesBulk — POST /api/tebligat/ptt-track-bulk","IMPLEMENTED | MERGED","true","true","true","true","1","","false","OPERABLE_UNVERIFIED","NONE","","project/apps/api/src/main.ts:22 | project/apps/api/src/modules/tebligat/tebligat.controller.ts:211 | project/apps/api/src/modules/tebligat/tebligat.module.ts:TebligatModule.controllers","ADD_REPRESENTATIVE_L6_VERIFICATION"
"HTTP-C2341AFC4D79","SHARED PLATFORM / INFRASTRUCTURE","MessageTemplateController.renderTemplate — POST /api/message-templates/:id/render","IMPLEMENTED","true","true","true","true","1","","false","OPERABLE_UNVERIFIED","NONE","","project/apps/api/src/main.ts:22 | project/apps/api/src/modules/message-template/message-template.controller.ts:56 | project/apps/api/src/modules/message-template/message-template.module.ts:MessageTemplateModule.controllers","ADD_REPRESENTATIVE_L6_VERIFICATION"
"HTTP-C24B4258931B","CLIENT / MÜVEKKİL","PortalController.getUnreadMessageCount — GET /api/portal/messages/unread-count","IMPLEMENTED | MERGED","true","true","","true","1","","false","UNKNOWN_REQUIRES_EVIDENCE","NONE","","project/apps/api/src/main.ts:22 | project/apps/api/src/modules/portal/portal.controller.ts:416 | project/apps/api/src/modules/portal/portal.module.ts:PortalModule.controllers","COLLECT_MISSING_EVIDENCE"
"HTTP-C29C31620A8E","SHARED PLATFORM / INFRASTRUCTURE","CaseStatusController.getStatusList — GET /api/case-status/list","IMPLEMENTED | MERGED","true","true","true","true","1","","false","OPERABLE_UNVERIFIED","NONE","","project/apps/api/src/main.ts:22 | project/apps/api/src/modules/case-status/case-status.controller.ts:29 | project/apps/api/src/modules/case-status/case-status.module.ts:CaseStatusModule.controllers","ADD_REPRESENTATIVE_L6_VERIFICATION"
"HTTP-C2DE70F8B09E","SHARED PLATFORM / INFRASTRUCTURE","ESignController.verifySignature — POST /api/esign/verify","IMPLEMENTED | MERGED","true","true","true","true","1","","false","OPERABLE_UNVERIFIED","NONE","","project/apps/api/src/main.ts:22 | project/apps/api/src/modules/esign/esign.controller.ts:56 | project/apps/api/src/modules/esign/esign.module.ts:ESignModule.controllers","ADD_REPRESENTATIVE_L6_VERIFICATION"
"HTTP-C34BFEFF5619","SHARED PLATFORM / INFRASTRUCTURE","StageTriggerController.prepareForUyap — POST /api/cases/:caseId/uyap/prepare","IMPLEMENTED","true","true","true","true","1","","false","OPERABLE_UNVERIFIED","NONE","","project/apps/api/src/main.ts:22 | project/apps/api/src/modules/stage-trigger/stage-trigger.controller.ts:32 | project/apps/api/src/modules/stage-trigger/stage-trigger.module.ts:StageTriggerModule.controllers","ADD_REPRESENTATIVE_L6_VERIFICATION"
"HTTP-C36B17C0FD1B","SHARED PLATFORM / INFRASTRUCTURE","DocumentController.getPreviewData — GET /api/documents/case/:caseId/preview-data","IMPLEMENTED | MERGED","true","true","true","true","1","","false","OPERABLE_UNVERIFIED","NONE","","project/apps/api/src/main.ts:22 | project/apps/api/src/modules/document/document.controller.ts:128 | project/apps/api/src/modules/document/document.module.ts:DocumentModule.controllers","ADD_REPRESENTATIVE_L6_VERIFICATION"
"HTTP-C57593D910ED","SHARED PLATFORM / INFRASTRUCTURE","TemplateEngineController.generateKarsiliksizCekSikayetFromCase — GET /api/template-engine/karsiliksiz-cek/case/:caseId","IMPLEMENTED | MERGED","true","true","true","true","1","","false","OPERABLE_UNVERIFIED","NONE","","project/apps/api/src/main.ts:22 | project/apps/api/src/modules/template-engine/template-engine.controller.ts:562 | project/apps/api/src/modules/template-engine/template-engine.module.ts:TemplateEngineModule.controllers","ADD_REPRESENTATIVE_L6_VERIFICATION"
"HTTP-C76B96F83E34","CLIENT / MÜVEKKİL","ClientNotificationController.createEmailTemplate — POST /api/client-notifications/templates","IMPLEMENTED","true","true","true","true","1","","false","OPERABLE_UNVERIFIED","NONE","","project/apps/api/src/main.ts:22 | project/apps/api/src/modules/client-notification/client-notification.controller.ts:100 | project/apps/api/src/modules/client-notification/client-notification.module.ts:ClientNotificationModule.controllers","ADD_REPRESENTATIVE_L6_VERIFICATION"
"HTTP-C785A6F51CE6","SHARED PLATFORM / INFRASTRUCTURE","CaseController.update — PUT /api/cases/:id","CANONICAL | IMPLEMENTED | MERGED","true","true","true","true","1","","false","OPERABLE_UNVERIFIED","NONE","","project/apps/api/src/main.ts:22 | project/apps/api/src/modules/case/case.controller.ts:234 | project/apps/api/src/modules/case/case.module.ts:CaseModule.controllers","ADD_REPRESENTATIVE_L6_VERIFICATION"
"HTTP-C7A06B526FB6","SHARED PLATFORM / INFRASTRUCTURE","AiController.getTemplates — GET /api/ai/document/templates","IMPLEMENTED | MERGED","true","true","true","true","1","","false","OPERABLE_UNVERIFIED","NONE","","project/apps/api/src/main.ts:22 | project/apps/api/src/modules/ai/ai.controller.ts:132 | project/apps/api/src/modules/ai/ai.module.ts:AiModule.controllers","ADD_REPRESENTATIVE_L6_VERIFICATION"
"HTTP-C7BB54214539","UYAP CONNECTOR","BundleController.exportCaseAudit — POST /api/icrabot/bundles/audit-export/:caseId/export","IMPLEMENTED","true","true","true","true","1","","false","OPERABLE_UNVERIFIED","NONE","","project/apps/api/src/main.ts:22 | project/apps/api/src/modules/icrabot/bundle/bundle.controller.ts:128 | project/apps/api/src/modules/icrabot/icrabot.module.ts:IcrabotModule.controllers","ADD_REPRESENTATIVE_L6_VERIFICATION"
"HTTP-C85FB73AC4F1","SHARED PLATFORM / INFRASTRUCTURE","CaseCollateralController.remove — DELETE /api/case-collaterals/:id","IMPLEMENTED","true","true","true","true","1","","false","OPERABLE_UNVERIFIED","NONE","","project/apps/api/src/main.ts:22 | project/apps/api/src/modules/case-collateral/case-collateral.controller.ts:50 | project/apps/api/src/modules/case-collateral/case-collateral.module.ts:CaseCollateralModule.controllers","ADD_REPRESENTATIVE_L6_VERIFICATION"
"HTTP-C8AFE11A6C3D","RECEIVABLE / ALACAK","InterestEngineController.getTrace — GET /api/interest-engine/trace/:recordId","IMPLEMENTED | MERGED","true","true","","true","1","","false","UNKNOWN_REQUIRES_EVIDENCE","NONE","","project/apps/api/src/main.ts:22 | project/apps/api/src/modules/interest-engine/interest-engine.controller.ts:432 | project/apps/api/src/modules/interest-engine/interest-engine.module.ts:InterestEngineModule.controllers","COLLECT_MISSING_EVIDENCE"
"HTTP-C8C9AE51A4E8","DEBTOR / BORÇLU","CaseDebtorController.addMultipleDebtorsToCase — POST /api/cases/:caseId/debtors/bulk","IMPLEMENTED | MERGED","true","true","true","true","1","","false","OPERABLE_UNVERIFIED","NONE","","project/apps/api/src/main.ts:22 | project/apps/api/src/modules/debtor/case-debtor.controller.ts:63 | project/apps/api/src/modules/debtor/debtor.module.ts:DebtorModule.controllers","ADD_REPRESENTATIVE_L6_VERIFICATION"
"HTTP-C9563BEB9822","SHARED PLATFORM / INFRASTRUCTURE","CaseController.getTimeline — GET /api/cases/:id/timeline","CANONICAL | IMPLEMENTED | MERGED","true","true","true","true","1","","false","OPERABLE_UNVERIFIED","NONE","","project/apps/api/src/main.ts:22 | project/apps/api/src/modules/case/case.controller.ts:379 | project/apps/api/src/modules/case/case.module.ts:CaseModule.controllers","ADD_REPRESENTATIVE_L6_VERIFICATION"
"HTTP-C9572616B412","UYAP CONNECTOR","BundleController.getExportHistory — GET /api/icrabot/bundles/audit-export/:caseId/history","IMPLEMENTED","true","true","true","true","1","","false","OPERABLE_UNVERIFIED","NONE","","project/apps/api/src/main.ts:22 | project/apps/api/src/modules/icrabot/bundle/bundle.controller.ts:146 | project/apps/api/src/modules/icrabot/icrabot.module.ts:IcrabotModule.controllers","ADD_REPRESENTATIVE_L6_VERIFICATION"
"HTTP-C9684C4EAE09","DEBTOR / BORÇLU","DebtorController.getCrossFileAlerts — GET /api/debtors/:id/cross-file-alerts","IMPLEMENTED | MERGED","true","true","true","true","1","","false","OPERABLE_UNVERIFIED","NONE","","project/apps/api/src/main.ts:22 | project/apps/api/src/modules/debtor/debtor.controller.ts:307 | project/apps/api/src/modules/debtor/debtor.module.ts:DebtorModule.controllers","ADD_REPRESENTATIVE_L6_VERIFICATION"
"HTTP-C97BBB3383AB","SHARED PLATFORM / INFRASTRUCTURE","GroupController.delete — DELETE /api/groups/:id","IMPLEMENTED","true","true","true","true","1","","false","OPERABLE_UNVERIFIED","NONE","","project/apps/api/src/main.ts:22 | project/apps/api/src/modules/group/group.controller.ts:54 | project/apps/api/src/modules/group/group.module.ts:GroupModule.controllers","ADD_REPRESENTATIVE_L6_VERIFICATION"
"HTTP-C99476B7FCBB","RECEIVABLE / ALACAK","SummaryEngineController.getCaseSummary — GET /api/summary-engine/case/:caseId","IMPLEMENTED | MERGED","true","true","true","true","1","","false","OPERABLE_UNVERIFIED","NONE","","project/apps/api/src/main.ts:22 | project/apps/api/src/modules/summary-engine/summary-engine.controller.ts:24 | project/apps/api/src/modules/summary-engine/summary-engine.module.ts:SummaryEngineModule.controllers","ADD_REPRESENTATIVE_L6_VERIFICATION"
"HTTP-C9D72A983B90","SHARED PLATFORM / INFRASTRUCTURE","RiskController.getHighRiskCases — GET /api/risk/high-risk","IMPLEMENTED | MERGED","true","true","true","true","1","","false","OPERABLE_UNVERIFIED","NONE","","project/apps/api/src/main.ts:22 | project/apps/api/src/modules/risk/risk.controller.ts:30 | project/apps/api/src/modules/risk/risk.module.ts:RiskModule.controllers","ADD_REPRESENTATIVE_L6_VERIFICATION"
"HTTP-CA3331640FFE","UYAP CONNECTOR","TebligatController.sendViaKep — POST /api/tebligat/:id/send-kep","IMPLEMENTED | MERGED","true","true","true","true","1","","false","OPERABLE_UNVERIFIED","NONE","","project/apps/api/src/main.ts:22 | project/apps/api/src/modules/tebligat/tebligat.controller.ts:255 | project/apps/api/src/modules/tebligat/tebligat.module.ts:TebligatModule.controllers","ADD_REPRESENTATIVE_L6_VERIFICATION"
"HTTP-CA4C9CE33540","DEBTOR / BORÇLU","AddressController.getAddressHistory — GET /api/addresses/:addressId/history","IMPLEMENTED | MERGED","true","true","true","true","1","","false","OPERABLE_UNVERIFIED","NONE","","project/apps/api/src/main.ts:22 | project/apps/api/src/modules/debtor/address.controller.ts:68 | project/apps/api/src/modules/debtor/debtor.module.ts:DebtorModule.controllers","ADD_REPRESENTATIVE_L6_VERIFICATION"
"HTTP-CAED11347C9D","DEBTOR / BORÇLU","CaseDebtorController.addDebtorToCase — POST /api/cases/:caseId/debtors","IMPLEMENTED | MERGED","true","true","true","true","1","","false","OPERABLE_UNVERIFIED","NONE","","project/apps/api/src/main.ts:22 | project/apps/api/src/modules/debtor/case-debtor.controller.ts:45 | project/apps/api/src/modules/debtor/debtor.module.ts:DebtorModule.controllers","ADD_REPRESENTATIVE_L6_VERIFICATION"
"HTTP-CAFCC94A0E1A","SHARED PLATFORM / INFRASTRUCTURE","ExchangeRateController.getRate — GET /api/exchange-rate/currency","IMPLEMENTED","true","true","true","true","1","","false","OPERABLE_UNVERIFIED","NONE","","project/apps/api/src/main.ts:22 | project/apps/api/src/modules/exchange-rate/exchange-rate.controller.ts:20 | project/apps/api/src/modules/exchange-rate/exchange-rate.module.ts:ExchangeRateModule.controllers","ADD_REPRESENTATIVE_L6_VERIFICATION"
"HTTP-CB8D33285500","SHARED PLATFORM / INFRASTRUCTURE","DocumentController.getSeizureNotice — POST /api/documents/case/:caseId/seizure-notice","IMPLEMENTED | MERGED","true","true","true","true","1","","false","OPERABLE_UNVERIFIED","NONE","","project/apps/api/src/main.ts:22 | project/apps/api/src/modules/document/document.controller.ts:57 | project/apps/api/src/modules/document/document.module.ts:DocumentModule.controllers","ADD_REPRESENTATIVE_L6_VERIFICATION"
"HTTP-CB8DA0AB111B","SHARED PLATFORM / INFRASTRUCTURE","CrossTenantAccessController.blockDelete — DELETE /api/api/v1/internal-ops/cross-tenant/:tenantId/*","IMPLEMENTED","true","false","false","false","0","","false","CODE_PRESENT_UNBOUND","P1","CrossTenantAccessController hiçbir production-reachable module controllers listesinde değil.","project/apps/api/src/main.ts:22 | project/apps/api/src/modules/calc-preview/break-glass/controllers/cross-tenant-access.controller.ts:182","OWNER_REVIEW_BIND_OR_DISPOSITION"
"HTTP-CC0A5FEAF95D","RECEIVABLE / ALACAK","ClaimItemController.addFee — POST /api/claim-items/case/:caseId/add-fee","CANONICAL | IMPLEMENTED | MERGED","true","true","true","true","1","","false","OPERABLE_UNVERIFIED","NONE","","project/apps/api/src/main.ts:22 | project/apps/api/src/modules/claim-item/claim-item.controller.ts:153 | project/apps/api/src/modules/claim-item/claim-item.module.ts:ClaimItemModule.controllers","ADD_REPRESENTATIVE_L6_VERIFICATION"
"HTTP-CC2BB8784E97","UYAP CONNECTOR","UyapController.queryCaseStatus — GET /api/uyap/case/:caseId/status","IMPLEMENTED | MERGED","true","true","true","true","1","","false","OPERABLE_UNVERIFIED","NONE","","project/apps/api/src/main.ts:22 | project/apps/api/src/modules/uyap/uyap.controller.ts:171 | project/apps/api/src/modules/uyap/uyap.module.ts:UyapModule.controllers","ADD_REPRESENTATIVE_L6_VERIFICATION"
"HTTP-CC716FB0A777","DEBTOR / BORÇLU","AddressDiscoveryController.getClientInfoRequest — GET /api/address-discovery/client-info-request/:id","IMPLEMENTED | MERGED","true","true","true","true","1","","false","OPERABLE_UNVERIFIED","NONE","","project/apps/api/src/main.ts:22 | project/apps/api/src/modules/address-discovery/address-discovery.controller.ts:63 | project/apps/api/src/modules/address-discovery/address-discovery.module.ts:AddressDiscoveryModule.controllers","ADD_REPRESENTATIVE_L6_VERIFICATION"
"HTTP-CCB36EB87ECF","DEBTOR / BORÇLU","DebtorController.checkDuplicate — POST /api/debtors/check-duplicate","IMPLEMENTED | MERGED","true","true","true","true","1","","false","OPERABLE_UNVERIFIED","NONE","","project/apps/api/src/main.ts:22 | project/apps/api/src/modules/debtor/debtor.controller.ts:259 | project/apps/api/src/modules/debtor/debtor.module.ts:DebtorModule.controllers","ADD_REPRESENTATIVE_L6_VERIFICATION"
"HTTP-CCC24A1B0E3D","SHARED PLATFORM / INFRASTRUCTURE","CaseController.getNotes — GET /api/cases/:id/notes","CANONICAL | IMPLEMENTED | MERGED","true","true","true","true","1","","false","OPERABLE_UNVERIFIED","NONE","","project/apps/api/src/main.ts:22 | project/apps/api/src/modules/case/case.controller.ts:343 | project/apps/api/src/modules/case/case.module.ts:CaseModule.controllers","ADD_REPRESENTATIVE_L6_VERIFICATION"
"HTTP-CCDEE7BA766D","DEBTOR / BORÇLU","AssetQueryController.cancelQuery — DELETE /api/asset-queries/:queryId","IMPLEMENTED","true","true","true","true","1","","false","OPERABLE_UNVERIFIED","NONE","","project/apps/api/src/main.ts:22 | project/apps/api/src/modules/asset-query/asset-query.controller.ts:106 | project/apps/api/src/modules/asset-query/asset-query.module.ts:AssetQueryModule.controllers","ADD_REPRESENTATIVE_L6_VERIFICATION"
"HTTP-CD244257D8BE","SHARED PLATFORM / INFRASTRUCTURE","CaseController.removeCaseLawyer — DELETE /api/cases/:id/lawyers/:caseLawyerId","CANONICAL | IMPLEMENTED | MERGED","true","true","true","true","1","","false","OPERABLE_UNVERIFIED","NONE","","project/apps/api/src/main.ts:22 | project/apps/api/src/modules/case/case.controller.ts:457 | project/apps/api/src/modules/case/case.module.ts:CaseModule.controllers","ADD_REPRESENTATIVE_L6_VERIFICATION"
"HTTP-CDBE0D1257DE","SHARED PLATFORM / INFRASTRUCTURE","PoaController.checkValidPoaForLawyers — POST /api/poa/check/valid-for-lawyers","IMPLEMENTED | MERGED","true","true","true","true","1","","false","OPERABLE_UNVERIFIED","NONE","","project/apps/api/src/main.ts:22 | project/apps/api/src/modules/poa/poa.controller.ts:49 | project/apps/api/src/modules/poa/poa.module.ts:PoaModule.controllers","ADD_REPRESENTATIVE_L6_VERIFICATION"
"HTTP-CDC21D8D6909","SHARED PLATFORM / INFRASTRUCTURE","ReportController.getCasesWithSummary — GET /api/reports/cases-with-summary","IMPLEMENTED | MERGED","true","true","true","true","1","","false","OPERABLE_UNVERIFIED","NONE","","project/apps/api/src/main.ts:22 | project/apps/api/src/modules/report/report.controller.ts:125 | project/apps/api/src/modules/report/report.module.ts:ReportModule.controllers","ADD_REPRESENTATIVE_L6_VERIFICATION"
"HTTP-CDCC6C85542D","SHARED PLATFORM / INFRASTRUCTURE","ReportController.getDurumEtiketiReport — GET /api/reports/durum-etiketi","IMPLEMENTED | MERGED","true","true","true","true","1","","false","OPERABLE_UNVERIFIED","NONE","","project/apps/api/src/main.ts:22 | project/apps/api/src/modules/report/report.controller.ts:115 | project/apps/api/src/modules/report/report.module.ts:ReportModule.controllers","ADD_REPRESENTATIVE_L6_VERIFICATION"
"HTTP-CDD92FEAC9C9","SHARED PLATFORM / INFRASTRUCTURE","BankController.getUnmatchedTransactions — GET /api/bank/transactions/unmatched","CANONICAL | IMPLEMENTED | MERGED","true","true","true","true","1","","false","OPERABLE_UNVERIFIED","NONE","","project/apps/api/src/main.ts:22 | project/apps/api/src/modules/bank/bank.controller.ts:157 | project/apps/api/src/modules/bank/bank.module.ts:BankModule.controllers","ADD_REPRESENTATIVE_L6_VERIFICATION"
"HTTP-CDFEC9C1703E","DEBTOR / BORÇLU","AddressDiscoveryController.getInstitutionLettersForDebtor — GET /api/address-discovery/institution-letter/debtor/:caseDebtorId","IMPLEMENTED | MERGED","true","true","true","true","1","","false","OPERABLE_UNVERIFIED","NONE","","project/apps/api/src/main.ts:22 | project/apps/api/src/modules/address-discovery/address-discovery.controller.ts:442 | project/apps/api/src/modules/address-discovery/address-discovery.module.ts:AddressDiscoveryModule.controllers","ADD_REPRESENTATIVE_L6_VERIFICATION"
"HTTP-CE08ADFB1E6C","UYAP CONNECTOR","IcrabotController.approveTask — POST /api/icrabot/tasks/:taskId/approve","IMPLEMENTED | MERGED","true","true","true","true","1","","false","OPERABLE_UNVERIFIED","NONE","","project/apps/api/src/main.ts:22 | project/apps/api/src/modules/icrabot/icrabot.controller.ts:131 | project/apps/api/src/modules/icrabot/icrabot.module.ts:IcrabotModule.controllers","ADD_REPRESENTATIVE_L6_VERIFICATION"
"HTTP-CE0F3FE8109C","SHARED PLATFORM / INFRASTRUCTURE","CalendarController.getEvents — GET /api/calendar/events","IMPLEMENTED","true","true","true","true","1","","false","OPERABLE_UNVERIFIED","NONE","","project/apps/api/src/main.ts:22 | project/apps/api/src/modules/calendar/calendar.controller.ts:11 | project/apps/api/src/modules/calendar/calendar.module.ts:CalendarModule.controllers","ADD_REPRESENTATIVE_L6_VERIFICATION"
"HTTP-CE136836B61A","COLLECTION / TAHSİLAT","CollectionController.update — PUT /api/collections/:id","CANONICAL | IMPLEMENTED | MERGED","true","true","true","true","1","","false","OPERABLE_UNVERIFIED","NONE","","project/apps/api/src/main.ts:22 | project/apps/api/src/modules/collection/collection.controller.ts:93 | project/apps/api/src/modules/collection/collection.module.ts:CollectionModule.controllers","ADD_REPRESENTATIVE_L6_VERIFICATION"
"HTTP-CEE41BE839E8","SHARED PLATFORM / INFRASTRUCTURE","ESignController.getStats — GET /api/esign/stats","IMPLEMENTED | MERGED","true","true","true","true","1","","false","OPERABLE_UNVERIFIED","NONE","","project/apps/api/src/main.ts:22 | project/apps/api/src/modules/esign/esign.controller.ts:78 | project/apps/api/src/modules/esign/esign.module.ts:ESignModule.controllers","ADD_REPRESENTATIVE_L6_VERIFICATION"
"HTTP-CF0E7788CA16","DEBTOR / BORÇLU","CaseDebtorController.removeCaseDebtor — DELETE /api/case-debtors/:id","IMPLEMENTED | MERGED","true","true","true","true","1","","false","OPERABLE_UNVERIFIED","NONE","","project/apps/api/src/main.ts:22 | project/apps/api/src/modules/debtor/case-debtor.controller.ts:101 | project/apps/api/src/modules/debtor/debtor.module.ts:DebtorModule.controllers","ADD_REPRESENTATIVE_L6_VERIFICATION"
"HTTP-CF85F1424BF4","SHARED PLATFORM / INFRASTRUCTURE","ReportController.getCollectionHistoryReport — GET /api/reports/collection-history","IMPLEMENTED | MERGED","true","true","true","true","1","","false","OPERABLE_UNVERIFIED","NONE","","project/apps/api/src/main.ts:22 | project/apps/api/src/modules/report/report.controller.ts:218 | project/apps/api/src/modules/report/report.module.ts:ReportModule.controllers","ADD_REPRESENTATIVE_L6_VERIFICATION"
"HTTP-CFF39E839051","SHARED PLATFORM / INFRASTRUCTURE","SchedulerController.checkNafaka — POST /api/scheduler/check/nafaka","IMPLEMENTED","true","true","true","true","1","","false","OPERABLE_UNVERIFIED","NONE","","project/apps/api/src/main.ts:22 | project/apps/api/src/modules/scheduler/scheduler.controller.ts:38 | project/apps/api/src/modules/scheduler/scheduler.module.ts:SchedulerModule.controllers","ADD_REPRESENTATIVE_L6_VERIFICATION"
"HTTP-D00347364788","SHARED PLATFORM / INFRASTRUCTURE","RiskController.analyzeCase — POST /api/risk/case/:caseId/analyze","IMPLEMENTED | MERGED","true","true","true","true","1","","false","OPERABLE_UNVERIFIED","NONE","","project/apps/api/src/main.ts:22 | project/apps/api/src/modules/risk/risk.controller.ts:12 | project/apps/api/src/modules/risk/risk.module.ts:RiskModule.controllers","ADD_REPRESENTATIVE_L6_VERIFICATION"
"HTTP-D12982555C80","CLIENT / MÜVEKKİL","ClientIntakeReviewController.claim — POST /api/client-intake-submissions/:id/claim","MERGED","true","true","true","true","1","","false","OPERABLE_UNVERIFIED","NONE","","project/apps/api/src/main.ts:22 | project/apps/api/src/modules/client-intake-review/client-intake-review.controller.ts:38 | project/apps/api/src/modules/client-intake-review/client-intake-review.module.ts:ClientIntakeReviewModule.controllers","ADD_REPRESENTATIVE_L6_VERIFICATION"
"HTTP-D17C40F4DDEF","SHARED PLATFORM / INFRASTRUCTURE","ManifestAdminController.queryJobsWithCursor — GET /api/admin/manifest/retry/jobs","IMPLEMENTED","true","false","false","false","0","","false","CODE_PRESENT_UNBOUND","P1","ManifestAdminController hiçbir production-reachable module controllers listesinde değil.","project/apps/api/src/main.ts:22 | project/apps/api/src/modules/calc-preview/diagnostics/object-store/manifest-retry/manifest-admin.controller.ts:256","OWNER_REVIEW_BIND_OR_DISPOSITION"
"HTTP-D1A44E2015FE","RECEIVABLE / ALACAK","ClaimItemController.calculateCheckPenalty — POST /api/claim-items/calculate-check-penalty","CANONICAL | IMPLEMENTED | MERGED","true","true","true","true","1","","false","OPERABLE_UNVERIFIED","NONE","","project/apps/api/src/main.ts:22 | project/apps/api/src/modules/claim-item/claim-item.controller.ts:253 | project/apps/api/src/modules/claim-item/claim-item.module.ts:ClaimItemModule.controllers","ADD_REPRESENTATIVE_L6_VERIFICATION"
"HTTP-D1AEA8FD0BB3","CLIENT / MÜVEKKİL","PortalController.getNotifications — GET /api/portal/notifications","IMPLEMENTED | MERGED","true","true","","true","1","","false","UNKNOWN_REQUIRES_EVIDENCE","NONE","","project/apps/api/src/main.ts:22 | project/apps/api/src/modules/portal/portal.controller.ts:217 | project/apps/api/src/modules/portal/portal.module.ts:PortalModule.controllers","COLLECT_MISSING_EVIDENCE"
"HTTP-D1C0BD5C1FE3","CLIENT / MÜVEKKİL","ClientIntakePublicController.getForm — GET /api/public/intake/:token","MERGED","true","true","true","true","1","","false","OPERABLE_UNVERIFIED","NONE","","project/apps/api/src/main.ts:22 | project/apps/api/src/modules/client-intake-public/client-intake-public.controller.ts:21 | project/apps/api/src/modules/client-intake-public/client-intake-public.module.ts:ClientIntakePublicModule.controllers","ADD_REPRESENTATIVE_L6_VERIFICATION"
"HTTP-D1FE12B7DA6E","SHARED PLATFORM / INFRASTRUCTURE","SchedulerController.checkMts — POST /api/scheduler/check/mts","IMPLEMENTED","true","true","true","true","1","","false","OPERABLE_UNVERIFIED","NONE","","project/apps/api/src/main.ts:22 | project/apps/api/src/modules/scheduler/scheduler.controller.ts:47 | project/apps/api/src/modules/scheduler/scheduler.module.ts:SchedulerModule.controllers","ADD_REPRESENTATIVE_L6_VERIFICATION"
"HTTP-D21E87ED6BD3","RECEIVABLE / ALACAK","ClaimItemController.remove — DELETE /api/claim-items/:id","CANONICAL | IMPLEMENTED | MERGED","true","true","true","true","1","","false","OPERABLE_UNVERIFIED","NONE","","project/apps/api/src/main.ts:22 | project/apps/api/src/modules/claim-item/claim-item.controller.ts:73 | project/apps/api/src/modules/claim-item/claim-item.module.ts:ClaimItemModule.controllers","ADD_REPRESENTATIVE_L6_VERIFICATION"
"HTTP-D26F0CD95D35","SHARED PLATFORM / INFRASTRUCTURE","CaseController.deleteDue — DELETE /api/cases/:id/dues/:dueId","CANONICAL | IMPLEMENTED | MERGED","true","true","true","true","1","","false","OPERABLE_UNVERIFIED","NONE","","project/apps/api/src/main.ts:22 | project/apps/api/src/modules/case/case.controller.ts:612 | project/apps/api/src/modules/case/case.module.ts:CaseModule.controllers","ADD_REPRESENTATIVE_L6_VERIFICATION"
"HTTP-D30BB1441D2A","SHARED PLATFORM / INFRASTRUCTURE","DocumentController.getUyapXml — GET /api/documents/case/:caseId/uyap-xml","IMPLEMENTED | MERGED","true","true","true","true","1","","false","OPERABLE_UNVERIFIED","NONE","","project/apps/api/src/main.ts:22 | project/apps/api/src/modules/document/document.controller.ts:108 | project/apps/api/src/modules/document/document.module.ts:DocumentModule.controllers","ADD_REPRESENTATIVE_L6_VERIFICATION"
"HTTP-D396EECE5F05","OFFICE / AVUKAT-PERSONEL","LawyerController.patch — PATCH /api/lawyers/:id","IMPLEMENTED | MERGED","true","true","true","true","1","","false","OPERABLE_UNVERIFIED","NONE","","project/apps/api/src/main.ts:22 | project/apps/api/src/modules/lawyer/lawyer.controller.ts:149 | project/apps/api/src/modules/lawyer/lawyer.module.ts:LawyerModule.controllers","ADD_REPRESENTATIVE_L6_VERIFICATION"
"HTTP-D3AC854FF2A5","UYAP CONNECTOR","AdminController.disableRecipe — POST /api/icrabot/admin/recipes/:id/disable","IMPLEMENTED","true","true","true","true","1","","false","OPERABLE_UNVERIFIED","NONE","","project/apps/api/src/main.ts:22 | project/apps/api/src/modules/icrabot/admin/admin.controller.ts:63 | project/apps/api/src/modules/icrabot/icrabot.module.ts:IcrabotModule.controllers","ADD_REPRESENTATIVE_L6_VERIFICATION"
"HTTP-D3CC3B0213E5","DEBTOR / BORÇLU","ThirdPartyController.recordIhbarname — POST /api/third-parties/:id/ihbarname","CANONICAL | IMPLEMENTED | MERGED","true","true","true","true","1","","false","OPERABLE_UNVERIFIED","NONE","","project/apps/api/src/main.ts:22 | project/apps/api/src/modules/debtor/debtor.module.ts:DebtorModule.controllers | project/apps/api/src/modules/debtor/third-party.controller.ts:74","ADD_REPRESENTATIVE_L6_VERIFICATION"
"HTTP-D3E0DE8E68B0","DEBTOR / BORÇLU","AddressTaskController.completeTask — POST /api/address-tasks/:taskId/complete","IMPLEMENTED | MERGED","true","true","true","true","1","","false","OPERABLE_UNVERIFIED","NONE","","project/apps/api/src/main.ts:22 | project/apps/api/src/modules/address-task/address-task.controller.ts:197 | project/apps/api/src/modules/address-task/address-task.module.ts:AddressTaskModule.controllers","ADD_REPRESENTATIVE_L6_VERIFICATION"
"HTTP-D40E44DC907D","SHARED PLATFORM / INFRASTRUCTURE","AiController.batchSuggest — POST /api/ai/batch-suggest","IMPLEMENTED | MERGED","true","true","true","true","1","","false","OPERABLE_UNVERIFIED","NONE","","project/apps/api/src/main.ts:22 | project/apps/api/src/modules/ai/ai.controller.ts:46 | project/apps/api/src/modules/ai/ai.module.ts:AiModule.controllers","ADD_REPRESENTATIVE_L6_VERIFICATION"
"HTTP-D45E7360D0C9","SHARED PLATFORM / INFRASTRUCTURE","ErrorLogController.logError — POST /api/error-logs/log","IMPLEMENTED | MERGED","true","true","true","true","1","","false","OPERABLE_UNVERIFIED","NONE","","project/apps/api/src/main.ts:22 | project/apps/api/src/modules/error-log/error-log.controller.ts:53 | project/apps/api/src/modules/error-log/error-log.module.ts:ErrorLogModule.controllers","ADD_REPRESENTATIVE_L6_VERIFICATION"
"HTTP-D46AD902C0D9","SHARED PLATFORM / INFRASTRUCTURE","ErrorLogController.resolve — POST /api/error-logs/:id/resolve","IMPLEMENTED | MERGED","true","true","true","true","1","","false","OPERABLE_UNVERIFIED","NONE","","project/apps/api/src/main.ts:22 | project/apps/api/src/modules/error-log/error-log.controller.ts:37 | project/apps/api/src/modules/error-log/error-log.module.ts:ErrorLogModule.controllers","ADD_REPRESENTATIVE_L6_VERIFICATION"
"HTTP-D4EAFFBBFF8D","SHARED PLATFORM / INFRASTRUCTURE","ChaosController.inject — POST /api/calc/chaos/inject","IMPLEMENTED","true","false","false","false","0","","false","INTENTIONALLY_DORMANT","NONE","ChaosController hiçbir production-reachable module controllers listesinde değil.","project/apps/api/src/main.ts:22 | project/apps/api/src/modules/calc-preview/chaos/chaos.controller.ts:37","PRESERVE_DORMANT_CONTRACT"
"HTTP-D529A96E98AA","DEBTOR / BORÇLU","ThirdPartyController.updateExternalCase — PUT /api/external-cases/:id","CANONICAL | IMPLEMENTED | MERGED","true","true","true","true","1","","false","OPERABLE_UNVERIFIED","NONE","","project/apps/api/src/main.ts:22 | project/apps/api/src/modules/debtor/debtor.module.ts:DebtorModule.controllers | project/apps/api/src/modules/debtor/third-party.controller.ts:168","ADD_REPRESENTATIVE_L6_VERIFICATION"
"HTTP-D52D5FC25F5E","DEBTOR / BORÇLU","DebtorController.getCaseDebtorDetail — GET /api/debtors/case/:caseId/:caseDebtorId","IMPLEMENTED | MERGED","true","true","true","true","1","","false","OPERABLE_UNVERIFIED","NONE","","project/apps/api/src/main.ts:22 | project/apps/api/src/modules/debtor/debtor.controller.ts:56 | project/apps/api/src/modules/debtor/debtor.module.ts:DebtorModule.controllers","ADD_REPRESENTATIVE_L6_VERIFICATION"
"HTTP-D53BA8044002","DEBTOR / BORÇLU","AddressTaskController.failTask — POST /api/address-tasks/:taskId/fail","IMPLEMENTED | MERGED","true","true","true","true","1","","false","OPERABLE_UNVERIFIED","NONE","","project/apps/api/src/main.ts:22 | project/apps/api/src/modules/address-task/address-task.controller.ts:228 | project/apps/api/src/modules/address-task/address-task.module.ts:AddressTaskModule.controllers","ADD_REPRESENTATIVE_L6_VERIFICATION"
"HTTP-D577E4C17895","SHARED PLATFORM / INFRASTRUCTURE","ReportController.getCollectionSummary — GET /api/reports/collection-summary","IMPLEMENTED | MERGED","true","true","true","true","1","","false","OPERABLE_UNVERIFIED","NONE","","project/apps/api/src/main.ts:22 | project/apps/api/src/modules/report/report.controller.ts:238 | project/apps/api/src/modules/report/report.module.ts:ReportModule.controllers","ADD_REPRESENTATIVE_L6_VERIFICATION"
"HTTP-D5B65190798D","SHARED PLATFORM / INFRASTRUCTURE","CostPackageController.findAll — GET /api/cost-packages","IMPLEMENTED","true","true","true","true","1","","false","OPERABLE_UNVERIFIED","NONE","","project/apps/api/src/main.ts:22 | project/apps/api/src/modules/cost-package/cost-package.controller.ts:18 | project/apps/api/src/modules/cost-package/cost-package.module.ts:CostPackageModule.controllers","ADD_REPRESENTATIVE_L6_VERIFICATION"
"HTTP-D5FFAC1F2888","DEBTOR / BORÇLU","DebtorController.getServiceHistory — GET /api/debtors/case/:caseId/:caseDebtorId/service/history","IMPLEMENTED | MERGED","true","true","true","true","1","","false","OPERABLE_UNVERIFIED","NONE","","project/apps/api/src/main.ts:22 | project/apps/api/src/modules/debtor/debtor.controller.ts:105 | project/apps/api/src/modules/debtor/debtor.module.ts:DebtorModule.controllers","ADD_REPRESENTATIVE_L6_VERIFICATION"
"HTTP-D62CFDF29F8C","DEBTOR / BORÇLU","DebtorController.delete — DELETE /api/debtors/:id","IMPLEMENTED | MERGED","true","true","true","true","1","","false","OPERABLE_UNVERIFIED","NONE","","project/apps/api/src/main.ts:22 | project/apps/api/src/modules/debtor/debtor.controller.ts:248 | project/apps/api/src/modules/debtor/debtor.module.ts:DebtorModule.controllers","ADD_REPRESENTATIVE_L6_VERIFICATION"
"HTTP-D6A05FD9FFA4","SHARED PLATFORM / INFRASTRUCTURE","LookupController.findAll — GET /api/lookups/:type","IMPLEMENTED","true","true","true","true","1","","false","OPERABLE_UNVERIFIED","NONE","","project/apps/api/src/main.ts:22 | project/apps/api/src/modules/lookup/lookup.controller.ts:19 | project/apps/api/src/modules/lookup/lookup.module.ts:LookupModule.controllers","ADD_REPRESENTATIVE_L6_VERIFICATION"
"HTTP-D6BB57A57DF7","SHARED PLATFORM / INFRASTRUCTURE","PdfController.downloadTakipTalebi — GET /api/pdf/takip-talebi/:caseId","IMPLEMENTED | MERGED","true","true","true","true","1","","false","OPERABLE_UNVERIFIED","NONE","","project/apps/api/src/main.ts:22 | project/apps/api/src/modules/pdf/pdf.controller.ts:20 | project/apps/api/src/modules/pdf/pdf.module.ts:PdfModule.controllers","ADD_REPRESENTATIVE_L6_VERIFICATION"
"HTTP-D6C818BA46BB","UYAP CONNECTOR","TebligatController.trackPttBarcode — GET /api/tebligat/ptt-track/:barcodeNo","IMPLEMENTED | MERGED","true","true","true","true","1","","false","OPERABLE_UNVERIFIED","NONE","","project/apps/api/src/main.ts:22 | project/apps/api/src/modules/tebligat/tebligat.controller.ts:202 | project/apps/api/src/modules/tebligat/tebligat.module.ts:TebligatModule.controllers","ADD_REPRESENTATIVE_L6_VERIFICATION"
"HTTP-D6D8522FC84E","SHARED PLATFORM / INFRASTRUCTURE","TariffController.checkGazette — POST /api/tariffs/gazette/check","IMPLEMENTED","true","true","true","true","1","","false","OPERABLE_UNVERIFIED","NONE","","project/apps/api/src/main.ts:22 | project/apps/api/src/modules/tariff/tariff.controller.ts:117 | project/apps/api/src/modules/tariff/tariff.module.ts:TariffModule.controllers","ADD_REPRESENTATIVE_L6_VERIFICATION"
"HTTP-D6ED55D3E391","RECEIVABLE / ALACAK","InterestEngineController.healthCheck — GET /api/interest-engine/health","IMPLEMENTED | MERGED","true","true","","true","1","","false","UNKNOWN_REQUIRES_EVIDENCE","NONE","","project/apps/api/src/main.ts:22 | project/apps/api/src/modules/interest-engine/interest-engine.controller.ts:467 | project/apps/api/src/modules/interest-engine/interest-engine.module.ts:InterestEngineModule.controllers","COLLECT_MISSING_EVIDENCE"
"HTTP-D6F24C1A47AE","SHARED PLATFORM / INFRASTRUCTURE","TemplateEngineController.generateDolandiricilikFromCase — GET /api/template-engine/dolandiricilik/case/:caseId","IMPLEMENTED | MERGED","true","true","true","true","1","","false","OPERABLE_UNVERIFIED","NONE","","project/apps/api/src/main.ts:22 | project/apps/api/src/modules/template-engine/template-engine.controller.ts:762 | project/apps/api/src/modules/template-engine/template-engine.module.ts:TemplateEngineModule.controllers","ADD_REPRESENTATIVE_L6_VERIFICATION"
"HTTP-D6F66D50DB51","SHARED PLATFORM / INFRASTRUCTURE","CaseController.batchUpdate — POST /api/cases/batch-update","CANONICAL | IMPLEMENTED | MERGED","true","true","true","true","1","","false","OPERABLE_UNVERIFIED","NONE","","project/apps/api/src/main.ts:22 | project/apps/api/src/modules/case/case.controller.ts:305 | project/apps/api/src/modules/case/case.module.ts:CaseModule.controllers","ADD_REPRESENTATIVE_L6_VERIFICATION"
"HTTP-D75B97F87DB7","AUTH / TENANT / SECURITY","AuthController.findTenantsForEmail — POST /api/auth/account-recovery/find-tenants","IMPLEMENTED | MERGED","true","true","","true","1","","false","UNKNOWN_REQUIRES_EVIDENCE","NONE","","project/apps/api/src/main.ts:22 | project/apps/api/src/modules/auth/auth.controller.ts:42 | project/apps/api/src/modules/auth/auth.module.ts:AuthModule.controllers","COLLECT_MISSING_EVIDENCE"
"HTTP-D75E969D56D0","SHARED PLATFORM / INFRASTRUCTURE","TariffController.exportTariff — GET /api/tariffs/:year/export","IMPLEMENTED","true","true","true","true","1","","false","OPERABLE_UNVERIFIED","NONE","","project/apps/api/src/main.ts:22 | project/apps/api/src/modules/tariff/tariff.controller.ts:75 | project/apps/api/src/modules/tariff/tariff.module.ts:TariffModule.controllers","ADD_REPRESENTATIVE_L6_VERIFICATION"
"HTTP-D79AE2C5B9D2","SHARED PLATFORM / INFRASTRUCTURE","CaseJudgmentController.findByCase — GET /api/case-judgments/case/:caseId","IMPLEMENTED","true","true","true","true","1","","false","OPERABLE_UNVERIFIED","NONE","","project/apps/api/src/main.ts:22 | project/apps/api/src/modules/case-judgment/case-judgment.controller.ts:23 | project/apps/api/src/modules/case-judgment/case-judgment.module.ts:CaseJudgmentModule.controllers","ADD_REPRESENTATIVE_L6_VERIFICATION"
"HTTP-D7B2971C573E","UYAP CONNECTOR","ActionListController.getActionList — GET /api/icrabot/actions/:caseId/list","IMPLEMENTED","true","true","true","true","1","","false","OPERABLE_UNVERIFIED","NONE","","project/apps/api/src/main.ts:22 | project/apps/api/src/modules/icrabot/icrabot.module.ts:IcrabotModule.controllers | project/apps/api/src/modules/icrabot/mvp/mvp.controller.ts:31","ADD_REPRESENTATIVE_L6_VERIFICATION"
"HTTP-D7EB7FA4E7A4","DEBTOR / BORÇLU","AddressTaskController.cancelTask — POST /api/address-tasks/:taskId/cancel","IMPLEMENTED | MERGED","true","true","true","true","1","","false","OPERABLE_UNVERIFIED","NONE","","project/apps/api/src/main.ts:22 | project/apps/api/src/modules/address-task/address-task.controller.ts:212 | project/apps/api/src/modules/address-task/address-task.module.ts:AddressTaskModule.controllers","ADD_REPRESENTATIVE_L6_VERIFICATION"
"HTTP-D836C6AA82EB","DEBTOR / BORÇLU","AddressDiscoveryController.markAsExhausted — PUT /api/address-discovery/research/:caseDebtorId/exhausted","IMPLEMENTED | MERGED","true","true","true","true","1","","false","OPERABLE_UNVERIFIED","NONE","","project/apps/api/src/main.ts:22 | project/apps/api/src/modules/address-discovery/address-discovery.controller.ts:319 | project/apps/api/src/modules/address-discovery/address-discovery.module.ts:AddressDiscoveryModule.controllers","ADD_REPRESENTATIVE_L6_VERIFICATION"
"HTTP-D8771E13A0E4","DEBTOR / BORÇLU","AddressDiscoveryController.copyAddressToCase — POST /api/address-discovery/cross-file/copy-address","IMPLEMENTED | MERGED","true","true","true","true","1","","false","OPERABLE_UNVERIFIED","NONE","","project/apps/api/src/main.ts:22 | project/apps/api/src/modules/address-discovery/address-discovery.controller.ts:141 | project/apps/api/src/modules/address-discovery/address-discovery.module.ts:AddressDiscoveryModule.controllers","ADD_REPRESENTATIVE_L6_VERIFICATION"
"HTTP-D8924911CB15","SHARED PLATFORM / INFRASTRUCTURE","SchedulerController.checkUyapRetry — POST /api/scheduler/check/uyap-retry","IMPLEMENTED","true","true","true","true","1","","false","OPERABLE_UNVERIFIED","NONE","","project/apps/api/src/main.ts:22 | project/apps/api/src/modules/scheduler/scheduler.controller.ts:56 | project/apps/api/src/modules/scheduler/scheduler.module.ts:SchedulerModule.controllers","ADD_REPRESENTATIVE_L6_VERIFICATION"
"HTTP-D9161E991693","UYAP CONNECTOR","AdminController.exportAudit — POST /api/icrabot/admin/audit/:caseId/export","IMPLEMENTED","true","true","true","true","1","","false","OPERABLE_UNVERIFIED","NONE","","project/apps/api/src/main.ts:22 | project/apps/api/src/modules/icrabot/admin/admin.controller.ts:260 | project/apps/api/src/modules/icrabot/icrabot.module.ts:IcrabotModule.controllers","ADD_REPRESENTATIVE_L6_VERIFICATION"
"HTTP-D9EFC883C4F7","UYAP CONNECTOR","AdminController.getAudit — GET /api/icrabot/admin/audit/:caseId","IMPLEMENTED","true","true","true","true","1","","false","OPERABLE_UNVERIFIED","NONE","","project/apps/api/src/main.ts:22 | project/apps/api/src/modules/icrabot/admin/admin.controller.ts:237 | project/apps/api/src/modules/icrabot/icrabot.module.ts:IcrabotModule.controllers","ADD_REPRESENTATIVE_L6_VERIFICATION"
"HTTP-DA2AB374A408","RECEIVABLE / ALACAK","ClaimItemController.validateCase — POST /api/claim-items/case/:caseId/validate","CANONICAL | IMPLEMENTED | MERGED","true","true","true","true","1","","false","OPERABLE_UNVERIFIED","NONE","","project/apps/api/src/main.ts:22 | project/apps/api/src/modules/claim-item/claim-item.controller.ts:230 | project/apps/api/src/modules/claim-item/claim-item.module.ts:ClaimItemModule.controllers","ADD_REPRESENTATIVE_L6_VERIFICATION"
"HTTP-DA966155AB0C","SHARED PLATFORM / INFRASTRUCTURE","SeedController.getStatus — GET /api/seed/status","IMPLEMENTED","true","true","true","true","1","","false","OPERABLE_UNVERIFIED","NONE","","project/apps/api/src/main.ts:22 | project/apps/api/src/modules/icrabot/v28-engine/v28-engine.module.ts:V28EngineModule.controllers | project/apps/api/src/modules/seed/seed.controller.ts:58 | project/apps/api/src/modules/seed/seed.module.ts:SeedModule.controllers","ADD_REPRESENTATIVE_L6_VERIFICATION"
"HTTP-DA9BFBB91DB4","COLLECTION / TAHSİLAT","PaymentInstructionController.createDebtorPayment — POST /api/payment-instructions/debtor","IMPLEMENTED","true","true","true","true","1","","false","OPERABLE_UNVERIFIED","NONE","","project/apps/api/src/main.ts:22 | project/apps/api/src/modules/payment-instruction/payment-instruction.controller.ts:55 | project/apps/api/src/modules/payment-instruction/payment-instruction.module.ts:PaymentInstructionModule.controllers","ADD_REPRESENTATIVE_L6_VERIFICATION"
"HTTP-DA9D452A6BF6","DEBTOR / BORÇLU","AddressDiscoveryController.markInstitutionLetterAsSent — PUT /api/address-discovery/institution-letter/:id/sent","IMPLEMENTED | MERGED","true","true","true","true","1","","false","OPERABLE_UNVERIFIED","NONE","","project/apps/api/src/main.ts:22 | project/apps/api/src/modules/address-discovery/address-discovery.controller.ts:467 | project/apps/api/src/modules/address-discovery/address-discovery.module.ts:AddressDiscoveryModule.controllers","ADD_REPRESENTATIVE_L6_VERIFICATION"
"HTTP-DB0ED541201C","SHARED PLATFORM / INFRASTRUCTURE","MessageTemplateController.create — POST /api/message-templates","IMPLEMENTED","true","true","true","true","1","","false","OPERABLE_UNVERIFIED","NONE","","project/apps/api/src/main.ts:22 | project/apps/api/src/modules/message-template/message-template.controller.ts:40 | project/apps/api/src/modules/message-template/message-template.module.ts:MessageTemplateModule.controllers","ADD_REPRESENTATIVE_L6_VERIFICATION"
"HTTP-DB1797F97E11","SHARED PLATFORM / INFRASTRUCTURE","ValidationGateController.validateServiceOfProcess — POST /api/validation-gate/:caseId/service-of-process","IMPLEMENTED | MERGED","true","true","true","true","1","","false","OPERABLE_UNVERIFIED","NONE","","project/apps/api/src/main.ts:22 | project/apps/api/src/modules/validation-gate/validation-gate.controller.ts:82 | project/apps/api/src/modules/validation-gate/validation-gate.module.ts:ValidationGateModule.controllers","ADD_REPRESENTATIVE_L6_VERIFICATION"
"HTTP-DB1CBDCAFE74","OFFICE / AVUKAT-PERSONEL","ReportingLineController.reconciliation — GET /api/reporting-lines/reconciliation","MERGED","true","true","true","true","1","","false","OPERABLE_UNVERIFIED","NONE","","project/apps/api/src/main.ts:22 | project/apps/api/src/modules/reporting-line/reporting-line.controller.ts:29 | project/apps/api/src/modules/reporting-line/reporting-line.module.ts:ReportingLineModule.controllers","ADD_REPRESENTATIVE_L6_VERIFICATION"
"HTTP-DBA9F97305AF","SHARED PLATFORM / INFRASTRUCTURE","PromoteController.promote — POST /api/v1/incidents/:id/simulations/:runId/promote","IMPLEMENTED","true","true","true","true","1","","false","OPERABLE_UNVERIFIED","NONE","","project/apps/api/src/main.ts:22 | project/apps/api/src/modules/calc-preview/diagnostics/simulation-api/promote.controller.ts:43 | project/apps/api/src/modules/calc-preview/diagnostics/simulation-api/simulation-api.module.ts:SimulationApiModule.controllers","ADD_REPRESENTATIVE_L6_VERIFICATION"
"HTTP-DBBF750C4CC2","RECEIVABLE / ALACAK","ClaimItemController.generateFromRules — POST /api/claim-items/case/:caseId/generate-from-rules","CANONICAL | IMPLEMENTED | MERGED","true","true","true","true","1","","false","OPERABLE_UNVERIFIED","NONE","","project/apps/api/src/main.ts:22 | project/apps/api/src/modules/claim-item/claim-item.controller.ts:207 | project/apps/api/src/modules/claim-item/claim-item.module.ts:ClaimItemModule.controllers","ADD_REPRESENTATIVE_L6_VERIFICATION"
"HTTP-DBC22CB9AF0C","DEBTOR / BORÇLU","ThirdPartyController.sendNextIhbarname — POST /api/third-parties/:id/send-next","CANONICAL | IMPLEMENTED | MERGED","true","true","true","true","1","","false","OPERABLE_UNVERIFIED","NONE","","project/apps/api/src/main.ts:22 | project/apps/api/src/modules/debtor/debtor.module.ts:DebtorModule.controllers | project/apps/api/src/modules/debtor/third-party.controller.ts:117","ADD_REPRESENTATIVE_L6_VERIFICATION"
"HTTP-DBD3C7BFF863","SHARED PLATFORM / INFRASTRUCTURE","ReportController.getRiskSummary — GET /api/reports/risk-summary","IMPLEMENTED | MERGED","true","true","true","true","1","","false","OPERABLE_UNVERIFIED","NONE","","project/apps/api/src/main.ts:22 | project/apps/api/src/modules/report/report.controller.ts:153 | project/apps/api/src/modules/report/report.module.ts:ReportModule.controllers","ADD_REPRESENTATIVE_L6_VERIFICATION"
"HTTP-DC45B6A78E47","SHARED PLATFORM / INFRASTRUCTURE","PolicyEngineController.onActionExecuted — POST /api/policy-engine/cases/:caseId/action-executed","IMPLEMENTED | MERGED","true","true","true","true","1","","false","OPERABLE_UNVERIFIED","NONE","","project/apps/api/src/main.ts:22 | project/apps/api/src/modules/policy-engine/policy-engine.controller.ts:186 | project/apps/api/src/modules/policy-engine/policy-engine.module.ts:PolicyEngineModule.controllers","ADD_REPRESENTATIVE_L6_VERIFICATION"
"HTTP-DC99913A6A4C","SHARED PLATFORM / INFRASTRUCTURE","PlaybookController.evaluatePlaybook — POST /api/calc/diagnostics/playbooks/:id/evaluate","IMPLEMENTED","true","false","false","false","0","","false","CODE_PRESENT_UNBOUND","P1","PlaybookController hiçbir production-reachable module controllers listesinde değil.","project/apps/api/src/main.ts:22 | project/apps/api/src/modules/calc-preview/diagnostics/playbook/playbook.controller.ts:266","OWNER_REVIEW_BIND_OR_DISPOSITION"
"HTTP-DCA4EDD1138E","SHARED PLATFORM / INFRASTRUCTURE","DocumentController.getPaymentOrder — GET /api/documents/case/:caseId/payment-order","IMPLEMENTED | MERGED","true","true","true","true","1","","false","OPERABLE_UNVERIFIED","NONE","","project/apps/api/src/main.ts:22 | project/apps/api/src/modules/document/document.controller.ts:37 | project/apps/api/src/modules/document/document.module.ts:DocumentModule.controllers","ADD_REPRESENTATIVE_L6_VERIFICATION"
"HTTP-DCB251C4D46F","UYAP CONNECTOR","UyapController.submitXmlToUyap — POST /api/uyap/xml/submit/:caseId","IMPLEMENTED | MERGED","true","true","true","true","1","","false","OPERABLE_UNVERIFIED","NONE","","project/apps/api/src/main.ts:22 | project/apps/api/src/modules/uyap/uyap.controller.ts:361 | project/apps/api/src/modules/uyap/uyap.module.ts:UyapModule.controllers","ADD_REPRESENTATIVE_L6_VERIFICATION"
"HTTP-DCB5DC485B86","SHARED PLATFORM / INFRASTRUCTURE","ExpenseRequestController.create — POST /api/expense-requests","IMPLEMENTED | MERGED","true","true","true","true","1","","false","OPERABLE_UNVERIFIED","NONE","","project/apps/api/src/main.ts:22 | project/apps/api/src/modules/expense-request/expense-request.controller.ts:54 | project/apps/api/src/modules/expense-request/expense-request.module.ts:ExpenseRequestModule.controllers","ADD_REPRESENTATIVE_L6_VERIFICATION"
"HTTP-DCBA01851DB1","SHARED PLATFORM / INFRASTRUCTURE","ExecutionOfficeController.update — PUT /api/execution-offices/:id","IMPLEMENTED","true","true","true","true","1","","false","OPERABLE_UNVERIFIED","NONE","","project/apps/api/src/main.ts:22 | project/apps/api/src/modules/execution-office/execution-office.controller.ts:50 | project/apps/api/src/modules/execution-office/execution-office.module.ts:ExecutionOfficeModule.controllers","ADD_REPRESENTATIVE_L6_VERIFICATION"
"HTTP-DCFAA08AD706","SHARED PLATFORM / INFRASTRUCTURE","ExpenseRequestController.approveForDistribution — POST /api/expense-requests/:id/approve","IMPLEMENTED | MERGED","true","true","true","true","1","","false","OPERABLE_UNVERIFIED","NONE","","project/apps/api/src/main.ts:22 | project/apps/api/src/modules/expense-request/expense-request.controller.ts:167 | project/apps/api/src/modules/expense-request/expense-request.module.ts:ExpenseRequestModule.controllers","ADD_REPRESENTATIVE_L6_VERIFICATION"
"HTTP-DD14DD646420","SHARED PLATFORM / INFRASTRUCTURE","CaseController.getStats — GET /api/cases/stats","CANONICAL | IMPLEMENTED | MERGED","true","true","true","true","1","","false","OPERABLE_UNVERIFIED","NONE","","project/apps/api/src/main.ts:22 | project/apps/api/src/modules/case/case.controller.ts:86 | project/apps/api/src/modules/case/case.module.ts:CaseModule.controllers","ADD_REPRESENTATIVE_L6_VERIFICATION"
"HTTP-DD2CA64B7CE5","CLIENT / MÜVEKKİL","ClientController.findOne — GET /api/clients/:id","IMPLEMENTED | MERGED","true","true","true","true","1","","false","OPERABLE_UNVERIFIED","NONE","","project/apps/api/src/main.ts:22 | project/apps/api/src/modules/client/client.controller.ts:234 | project/apps/api/src/modules/client/client.module.ts:ClientModule.controllers","ADD_REPRESENTATIVE_L6_VERIFICATION"
"HTTP-DD66703A8712","CLIENT / MÜVEKKİL","PortalController.login — POST /api/portal/login","IMPLEMENTED | MERGED","true","true","","true","1","","false","UNKNOWN_REQUIRES_EVIDENCE","NONE","","project/apps/api/src/main.ts:22 | project/apps/api/src/modules/portal/portal.controller.ts:58 | project/apps/api/src/modules/portal/portal.module.ts:PortalModule.controllers","COLLECT_MISSING_EVIDENCE"
"HTTP-DDB91F5F2450","SHARED PLATFORM / INFRASTRUCTURE","DocumentController.getDocumentTypes — GET /api/documents/types","IMPLEMENTED | MERGED","true","true","true","true","1","","false","OPERABLE_UNVERIFIED","NONE","","project/apps/api/src/main.ts:22 | project/apps/api/src/modules/document/document.controller.ts:27 | project/apps/api/src/modules/document/document.module.ts:DocumentModule.controllers","ADD_REPRESENTATIVE_L6_VERIFICATION"
"HTTP-DE29E9DB86E2","SHARED PLATFORM / INFRASTRUCTURE","CalcPreviewController.getLatencyPercentiles — GET /api/calc/metrics/latency","IMPLEMENTED","true","true","true","true","1","","false","OPERABLE_UNVERIFIED","NONE","","project/apps/api/src/main.ts:22 | project/apps/api/src/modules/calc-preview/calc-preview.controller.ts:186 | project/apps/api/src/modules/calc-preview/calc-preview.module.ts:CalcPreviewModule.controllers","ADD_REPRESENTATIVE_L6_VERIFICATION"
"HTTP-DE34EB572CEB","SHARED PLATFORM / INFRASTRUCTURE","ExpenseRequestController.getClientRequests — GET /api/expense-requests/client/:clientId/requests","IMPLEMENTED | MERGED","true","true","true","true","1","","false","OPERABLE_UNVERIFIED","NONE","","project/apps/api/src/main.ts:22 | project/apps/api/src/modules/expense-request/expense-request.controller.ts:344 | project/apps/api/src/modules/expense-request/expense-request.module.ts:ExpenseRequestModule.controllers","ADD_REPRESENTATIVE_L6_VERIFICATION"
"HTTP-DE5D6811AF36","SHARED PLATFORM / INFRASTRUCTURE","CaseController.removeCaseStaff — DELETE /api/cases/:id/staff/:caseStaffId","CANONICAL | IMPLEMENTED | MERGED","true","true","true","true","1","","false","OPERABLE_UNVERIFIED","NONE","","project/apps/api/src/main.ts:22 | project/apps/api/src/modules/case/case.controller.ts:529 | project/apps/api/src/modules/case/case.module.ts:CaseModule.controllers","ADD_REPRESENTATIVE_L6_VERIFICATION"
"HTTP-DEBD39CE16CD","UYAP CONNECTOR","UyapController.submitDocument — POST /api/uyap/document/submit","IMPLEMENTED | MERGED","true","true","true","true","1","","false","OPERABLE_UNVERIFIED","NONE","","project/apps/api/src/main.ts:22 | project/apps/api/src/modules/uyap/uyap.controller.ts:155 | project/apps/api/src/modules/uyap/uyap.module.ts:UyapModule.controllers","ADD_REPRESENTATIVE_L6_VERIFICATION"
"HTTP-DF063CCC2279","SHARED PLATFORM / INFRASTRUCTURE","ESignController.requestSignature — POST /api/esign/sign","IMPLEMENTED | MERGED","true","true","true","true","1","","false","OPERABLE_UNVERIFIED","NONE","","project/apps/api/src/main.ts:22 | project/apps/api/src/modules/esign/esign.controller.ts:32 | project/apps/api/src/modules/esign/esign.module.ts:ESignModule.controllers","ADD_REPRESENTATIVE_L6_VERIFICATION"
"HTTP-DF6174C1677A","SHARED PLATFORM / INFRASTRUCTURE","CaseController.getResponsibleCandidates — GET /api/cases/responsible-candidates","CANONICAL | IMPLEMENTED | MERGED","true","true","true","true","1","","false","OPERABLE_UNVERIFIED","NONE","","project/apps/api/src/main.ts:22 | project/apps/api/src/modules/case/case.controller.ts:92 | project/apps/api/src/modules/case/case.module.ts:CaseModule.controllers","ADD_REPRESENTATIVE_L6_VERIFICATION"
"HTTP-DF79A0E2A99C","SHARED PLATFORM / INFRASTRUCTURE","SeedController.seedExecutionOffices — POST /api/seed/execution-offices","IMPLEMENTED","true","true","true","true","1","","false","OPERABLE_UNVERIFIED","NONE","","project/apps/api/src/main.ts:22 | project/apps/api/src/modules/icrabot/v28-engine/v28-engine.module.ts:V28EngineModule.controllers | project/apps/api/src/modules/seed/seed.controller.ts:46 | project/apps/api/src/modules/seed/seed.module.ts:SeedModule.controllers","ADD_REPRESENTATIVE_L6_VERIFICATION"
"HTTP-DF8AD2429224","UYAP CONNECTOR","AdminController.getChangeLog — GET /api/icrabot/admin/changelog","IMPLEMENTED","true","true","true","true","1","","false","OPERABLE_UNVERIFIED","NONE","","project/apps/api/src/main.ts:22 | project/apps/api/src/modules/icrabot/admin/admin.controller.ts:296 | project/apps/api/src/modules/icrabot/icrabot.module.ts:IcrabotModule.controllers","ADD_REPRESENTATIVE_L6_VERIFICATION"
"HTTP-DFD8E19DA5A5","SHARED PLATFORM / INFRASTRUCTURE","CaseController.findOne — GET /api/cases/:id","CANONICAL | IMPLEMENTED | MERGED","true","true","true","true","1","","false","OPERABLE_UNVERIFIED","NONE","","project/apps/api/src/main.ts:22 | project/apps/api/src/modules/case/case.controller.ts:224 | project/apps/api/src/modules/case/case.module.ts:CaseModule.controllers","ADD_REPRESENTATIVE_L6_VERIFICATION"
"HTTP-DFEAC8FC2F89","CLIENT / MÜVEKKİL","PortalController.disablePortalUser — POST /api/portal/admin/disable-user","IMPLEMENTED | MERGED","true","true","","true","1","","false","UNKNOWN_REQUIRES_EVIDENCE","NONE","","project/apps/api/src/main.ts:22 | project/apps/api/src/modules/portal/portal.controller.ts:202 | project/apps/api/src/modules/portal/portal.module.ts:PortalModule.controllers","COLLECT_MISSING_EVIDENCE"
"HTTP-E0070E639DAA","UYAP CONNECTOR","UyapController.submitCriminalComplaint — POST /api/uyap/lawsuit/criminal","IMPLEMENTED | MERGED","true","true","true","true","1","","false","OPERABLE_UNVERIFIED","NONE","","project/apps/api/src/main.ts:22 | project/apps/api/src/modules/uyap/uyap.controller.ts:237 | project/apps/api/src/modules/uyap/uyap.module.ts:UyapModule.controllers","ADD_REPRESENTATIVE_L6_VERIFICATION"
"HTTP-E031CD893FEC","UYAP CONNECTOR","AdminController.approveParamsBundle — POST /api/icrabot/admin/params/:bundle/approve","IMPLEMENTED","true","true","true","true","1","","false","OPERABLE_UNVERIFIED","NONE","","project/apps/api/src/main.ts:22 | project/apps/api/src/modules/icrabot/admin/admin.controller.ts:107 | project/apps/api/src/modules/icrabot/icrabot.module.ts:IcrabotModule.controllers","ADD_REPRESENTATIVE_L6_VERIFICATION"
"HTTP-E06DDD138E5D","SHARED PLATFORM / INFRASTRUCTURE","PublicInstitutionController.getStats — GET /api/public-institutions/stats","IMPLEMENTED","true","true","true","true","1","","false","OPERABLE_UNVERIFIED","NONE","","project/apps/api/src/main.ts:22 | project/apps/api/src/modules/public-institution/public-institution.controller.ts:22 | project/apps/api/src/modules/public-institution/public-institution.module.ts:PublicInstitutionModule.controllers","ADD_REPRESENTATIVE_L6_VERIFICATION"
"HTTP-E160035ED446","SHARED PLATFORM / INFRASTRUCTURE","ExportImportController.exportClientsExcel — GET /api/export-import/clients/excel","IMPLEMENTED | MERGED","true","true","true","true","1","","false","OPERABLE_UNVERIFIED","NONE","","project/apps/api/src/main.ts:22 | project/apps/api/src/modules/export-import/export-import.controller.ts:39 | project/apps/api/src/modules/export-import/export-import.module.ts:ExportImportModule.controllers","ADD_REPRESENTATIVE_L6_VERIFICATION"
"HTTP-E1CDD3598031","CLIENT / MÜVEKKİL","PortalController.changePassword — POST /api/portal/change-password","IMPLEMENTED | MERGED","true","true","","true","1","","false","UNKNOWN_REQUIRES_EVIDENCE","NONE","","project/apps/api/src/main.ts:22 | project/apps/api/src/modules/portal/portal.controller.ts:168 | project/apps/api/src/modules/portal/portal.module.ts:PortalModule.controllers","COLLECT_MISSING_EVIDENCE"
"HTTP-E35555106A41","SHARED PLATFORM / INFRASTRUCTURE","SeedController.seedLookups — POST /api/seed/lookups","IMPLEMENTED","true","true","true","true","1","","false","OPERABLE_UNVERIFIED","NONE","","project/apps/api/src/main.ts:22 | project/apps/api/src/modules/icrabot/v28-engine/v28-engine.module.ts:V28EngineModule.controllers | project/apps/api/src/modules/seed/seed.controller.ts:16 | project/apps/api/src/modules/seed/seed.module.ts:SeedModule.controllers","ADD_REPRESENTATIVE_L6_VERIFICATION"
"HTTP-E39FD02759AC","UYAP CONNECTOR","OpsController.applySlaBoost — POST /api/icrabot/ops/apply-sla-boost","IMPLEMENTED","true","true","true","true","1","","false","OPERABLE_UNVERIFIED","NONE","","project/apps/api/src/main.ts:22 | project/apps/api/src/modules/icrabot/icrabot.module.ts:IcrabotModule.controllers | project/apps/api/src/modules/icrabot/ops/ops.controller.ts:218","ADD_REPRESENTATIVE_L6_VERIFICATION"
"HTTP-E3B2AF0B0312","SHARED PLATFORM / INFRASTRUCTURE","BankController.matchTransaction — POST /api/bank/transactions/:id/match","CANONICAL | IMPLEMENTED | MERGED","true","true","true","true","1","","false","OPERABLE_UNVERIFIED","NONE","","project/apps/api/src/main.ts:22 | project/apps/api/src/modules/bank/bank.controller.ts:125 | project/apps/api/src/modules/bank/bank.module.ts:BankModule.controllers","ADD_REPRESENTATIVE_L6_VERIFICATION"
"HTTP-E3F1B1BEFCE0","CLIENT / MÜVEKKİL","ClientOffsetController.detail — GET /api/client-offsets/:offsetId/detail","IMPLEMENTED | MERGED","true","true","true","true","1","","false","BOUND_DORMANT","P2","","project/apps/api/src/main.ts:22 | project/apps/api/src/modules/client-settlement/client-offset.controller.ts:54 | project/apps/api/src/modules/client-settlement/client-settlement.module.ts:ClientSettlementModule.controllers","VERIFY_ACTIVATION_AUTHORITY_AND_DEPLOYED_VALUE"
"HTTP-E4400999A516","UYAP CONNECTOR","BundleController.getBundle — GET /api/icrabot/bundles/:id","IMPLEMENTED","true","true","true","true","1","","false","OPERABLE_UNVERIFIED","NONE","","project/apps/api/src/main.ts:22 | project/apps/api/src/modules/icrabot/bundle/bundle.controller.ts:48 | project/apps/api/src/modules/icrabot/icrabot.module.ts:IcrabotModule.controllers","ADD_REPRESENTATIVE_L6_VERIFICATION"
"HTTP-E493E2F00EAF","SHARED PLATFORM / INFRASTRUCTURE","TemplateEngineController.previewTasarrufunIptali — GET /api/template-engine/tasarrufun-iptali/case/:caseId/preview","IMPLEMENTED | MERGED","true","true","true","true","1","","false","OPERABLE_UNVERIFIED","NONE","","project/apps/api/src/main.ts:22 | project/apps/api/src/modules/template-engine/template-engine.controller.ts:717 | project/apps/api/src/modules/template-engine/template-engine.module.ts:TemplateEngineModule.controllers","ADD_REPRESENTATIVE_L6_VERIFICATION"
"HTTP-E494BA62B82B","CLIENT / MÜVEKKİL","ClientPayoutManualReversalController.detail — GET /api/client-payout-manual-reversals/:id","IMPLEMENTED | MERGED","true","true","true","true","1","","false","OPERABLE_UNVERIFIED","NONE","","project/apps/api/src/main.ts:22 | project/apps/api/src/modules/client-settlement/client-payout-manual-reversal.controller.ts:40 | project/apps/api/src/modules/client-settlement/client-settlement.module.ts:ClientSettlementModule.controllers","ADD_REPRESENTATIVE_L6_VERIFICATION"
"HTTP-E4A8224BE4EE","SHARED PLATFORM / INFRASTRUCTURE","ReportController.exportCases — GET /api/reports/export/cases","IMPLEMENTED | MERGED","true","true","true","true","1","","false","OPERABLE_UNVERIFIED","NONE","","project/apps/api/src/main.ts:22 | project/apps/api/src/modules/report/report.controller.ts:160 | project/apps/api/src/modules/report/report.module.ts:ReportModule.controllers","ADD_REPRESENTATIVE_L6_VERIFICATION"
"HTTP-E5251DB565D4","COLLECTION / TAHSİLAT","CollectionController.create — POST /api/collections","CANONICAL | IMPLEMENTED | MERGED","true","true","true","true","1","","false","OPERABLE_UNVERIFIED","NONE","","project/apps/api/src/main.ts:22 | project/apps/api/src/modules/collection/collection.controller.ts:40 | project/apps/api/src/modules/collection/collection.module.ts:CollectionModule.controllers","ADD_REPRESENTATIVE_L6_VERIFICATION"
"HTTP-E57627A63E39","SHARED PLATFORM / INFRASTRUCTURE","ValidationGateController.preHacizIntelligence — GET /api/validation-gate/:caseId/pre-haciz-intelligence","IMPLEMENTED | MERGED","true","true","true","true","1","","false","OPERABLE_UNVERIFIED","NONE","","project/apps/api/src/main.ts:22 | project/apps/api/src/modules/validation-gate/validation-gate.controller.ts:111 | project/apps/api/src/modules/validation-gate/validation-gate.module.ts:ValidationGateModule.controllers","ADD_REPRESENTATIVE_L6_VERIFICATION"
"HTTP-E5B23F1C774A","SHARED PLATFORM / INFRASTRUCTURE","DiagnosticsController.getMetrics — GET /api/calc/diagnostics/metrics","IMPLEMENTED","true","true","true","true","1","","false","OPERABLE_UNVERIFIED","NONE","","project/apps/api/src/main.ts:22 | project/apps/api/src/modules/calc-preview/diagnostics/diagnostics.controller.ts:101 | project/apps/api/src/modules/calc-preview/diagnostics/diagnostics.module.ts:DiagnosticsModule.controllers","ADD_REPRESENTATIVE_L6_VERIFICATION"
"HTTP-E5C5389EA45A","SHARED PLATFORM / INFRASTRUCTURE","ESignController.getStatus — GET /api/esign/status","IMPLEMENTED | MERGED","true","true","true","true","1","","false","OPERABLE_UNVERIFIED","NONE","","project/apps/api/src/main.ts:22 | project/apps/api/src/modules/esign/esign.controller.ts:22 | project/apps/api/src/modules/esign/esign.module.ts:ESignModule.controllers","ADD_REPRESENTATIVE_L6_VERIFICATION"
"HTTP-E5E608EC5492","SHARED PLATFORM / INFRASTRUCTURE","RiskController.getRiskStats — GET /api/risk/stats","IMPLEMENTED | MERGED","true","true","true","true","1","","false","OPERABLE_UNVERIFIED","NONE","","project/apps/api/src/main.ts:22 | project/apps/api/src/modules/risk/risk.controller.ts:42 | project/apps/api/src/modules/risk/risk.module.ts:RiskModule.controllers","ADD_REPRESENTATIVE_L6_VERIFICATION"
"HTTP-E62FA1ED42BB","SHARED PLATFORM / INFRASTRUCTURE","NotificationController.updateStatus — PUT /api/notifications/:id/status","IMPLEMENTED | MERGED","true","true","true","true","1","","false","OPERABLE_UNVERIFIED","NONE","","project/apps/api/src/main.ts:22 | project/apps/api/src/modules/notification/notification.controller.ts:43 | project/apps/api/src/modules/notification/notification.module.ts:NotificationModule.controllers","ADD_REPRESENTATIVE_L6_VERIFICATION"
"HTTP-E64CE497189C","AUTH / TENANT / SECURITY","AuthController.me — GET /api/auth/me","IMPLEMENTED | MERGED","true","true","","true","1","","false","UNKNOWN_REQUIRES_EVIDENCE","NONE","","project/apps/api/src/main.ts:22 | project/apps/api/src/modules/auth/auth.controller.ts:48 | project/apps/api/src/modules/auth/auth.module.ts:AuthModule.controllers","COLLECT_MISSING_EVIDENCE"
"HTTP-E6585B735DBE","COLLECTION / TAHSİLAT","PaymentInstructionController.getPaymentPurposesByPayer — GET /api/payment-instructions/purposes-by-payer","IMPLEMENTED","true","true","true","true","1","","false","OPERABLE_UNVERIFIED","NONE","","project/apps/api/src/main.ts:22 | project/apps/api/src/modules/payment-instruction/payment-instruction.controller.ts:123 | project/apps/api/src/modules/payment-instruction/payment-instruction.module.ts:PaymentInstructionModule.controllers","ADD_REPRESENTATIVE_L6_VERIFICATION"
"HTTP-E65C494B778F","SHARED PLATFORM / INFRASTRUCTURE","CaseLeaseController.calculateTotalDebt — GET /api/case-leases/case/:caseId/debt","IMPLEMENTED","true","true","true","true","1","","false","OPERABLE_UNVERIFIED","NONE","","project/apps/api/src/main.ts:22 | project/apps/api/src/modules/case-lease/case-lease.controller.ts:59 | project/apps/api/src/modules/case-lease/case-lease.module.ts:CaseLeaseModule.controllers","ADD_REPRESENTATIVE_L6_VERIFICATION"
"HTTP-E727C7DAC8EB","UYAP CONNECTOR","IcrabotController.startAutomation — POST /api/icrabot/cases/:caseId/start","IMPLEMENTED | MERGED","true","true","true","true","1","","false","OPERABLE_UNVERIFIED","NONE","","project/apps/api/src/main.ts:22 | project/apps/api/src/modules/icrabot/icrabot.controller.ts:91 | project/apps/api/src/modules/icrabot/icrabot.module.ts:IcrabotModule.controllers","ADD_REPRESENTATIVE_L6_VERIFICATION"
"HTTP-E733A2DAF8CA","CLIENT / MÜVEKKİL","ClientPayoutController.request — POST /api/client-payouts/request","MERGED","true","true","true","true","1","","false","OPERABLE_UNVERIFIED","NONE","","project/apps/api/src/main.ts:22 | project/apps/api/src/modules/client-settlement/client-payout.controller.ts:64 | project/apps/api/src/modules/client-settlement/client-settlement.module.ts:ClientSettlementModule.controllers","ADD_REPRESENTATIVE_L6_VERIFICATION"
"HTTP-E79F55380DC7","OFFICE / AVUKAT-PERSONEL","StaffController.remove — DELETE /api/staff/:id","IMPLEMENTED | MERGED","true","true","true","true","1","","false","OPERABLE_UNVERIFIED","NONE","","project/apps/api/src/main.ts:22 | project/apps/api/src/modules/staff/staff.controller.ts:63 | project/apps/api/src/modules/staff/staff.module.ts:StaffModule.controllers","ADD_REPRESENTATIVE_L6_VERIFICATION"
"HTTP-E800A9A23CBB","SHARED PLATFORM / INFRASTRUCTURE","CaseCollateralController.getTotalValue — GET /api/case-collaterals/case/:caseId/total","IMPLEMENTED","true","true","true","true","1","","false","OPERABLE_UNVERIFIED","NONE","","project/apps/api/src/main.ts:22 | project/apps/api/src/modules/case-collateral/case-collateral.controller.ts:59 | project/apps/api/src/modules/case-collateral/case-collateral.module.ts:CaseCollateralModule.controllers","ADD_REPRESENTATIVE_L6_VERIFICATION"
"HTTP-E80BD9332F17","SHARED PLATFORM / INFRASTRUCTURE","ExpenseRequestController.findOne — GET /api/expense-requests/:id","IMPLEMENTED | MERGED","true","true","true","true","1","","false","OPERABLE_UNVERIFIED","NONE","","project/apps/api/src/main.ts:22 | project/apps/api/src/modules/expense-request/expense-request.controller.ts:49 | project/apps/api/src/modules/expense-request/expense-request.module.ts:ExpenseRequestModule.controllers","ADD_REPRESENTATIVE_L6_VERIFICATION"
"HTTP-E8136663EBA6","SHARED PLATFORM / INFRASTRUCTURE","CaseController.getCaseStaff — GET /api/cases/:id/staff","CANONICAL | IMPLEMENTED | MERGED","true","true","true","true","1","","false","OPERABLE_UNVERIFIED","NONE","","project/apps/api/src/main.ts:22 | project/apps/api/src/modules/case/case.controller.ts:501 | project/apps/api/src/modules/case/case.module.ts:CaseModule.controllers","ADD_REPRESENTATIVE_L6_VERIFICATION"
"HTTP-E8164769662B","CLIENT / MÜVEKKİL","ClientNotificationController.testSend — POST /api/client-notifications/test-send","IMPLEMENTED","true","true","true","true","1","","false","OPERABLE_UNVERIFIED","NONE","","project/apps/api/src/main.ts:22 | project/apps/api/src/modules/client-notification/client-notification.controller.ts:154 | project/apps/api/src/modules/client-notification/client-notification.module.ts:ClientNotificationModule.controllers","ADD_REPRESENTATIVE_L6_VERIFICATION"
"HTTP-E85205EC1E44","SHARED PLATFORM / INFRASTRUCTURE","CaseController.changeLegalResponsibleLawyer — PATCH /api/cases/:id/legal-responsible-lawyer","CANONICAL | IMPLEMENTED | MERGED","true","true","true","true","1","","false","OPERABLE_UNVERIFIED","NONE","","project/apps/api/src/main.ts:22 | project/apps/api/src/modules/case/case.controller.ts:193 | project/apps/api/src/modules/case/case.module.ts:CaseModule.controllers","ADD_REPRESENTATIVE_L6_VERIFICATION"
"HTTP-E85D150836CF","SHARED PLATFORM / INFRASTRUCTURE","TemplateEngineController.listDocumentArtifacts — GET /api/template-engine/cases/:caseId/documents","IMPLEMENTED | MERGED","true","true","true","true","1","","false","OPERABLE_UNVERIFIED","NONE","","project/apps/api/src/main.ts:22 | project/apps/api/src/modules/template-engine/template-engine.controller.ts:867 | project/apps/api/src/modules/template-engine/template-engine.module.ts:TemplateEngineModule.controllers","ADD_REPRESENTATIVE_L6_VERIFICATION"
"HTTP-E8BB4C1C95D3","SHARED PLATFORM / INFRASTRUCTURE","TemplateEngineController.generateOdemeEmri — POST /api/template-engine/odeme-emri","IMPLEMENTED | MERGED","true","true","true","true","1","","false","OPERABLE_UNVERIFIED","NONE","","project/apps/api/src/main.ts:22 | project/apps/api/src/modules/template-engine/template-engine.controller.ts:321 | project/apps/api/src/modules/template-engine/template-engine.module.ts:TemplateEngineModule.controllers","ADD_REPRESENTATIVE_L6_VERIFICATION"
"HTTP-E8DDE1EC0E7B","SHARED PLATFORM / INFRASTRUCTURE","BreakGlassController.approveRequest — POST /api/api/v1/internal-ops/break-glass/approve","IMPLEMENTED","true","false","false","false","0","","false","CODE_PRESENT_UNBOUND","P1","BreakGlassController hiçbir production-reachable module controllers listesinde değil.","project/apps/api/src/main.ts:22 | project/apps/api/src/modules/calc-preview/break-glass/controllers/break-glass.controller.ts:158","OWNER_REVIEW_BIND_OR_DISPOSITION"
"HTTP-E90E222D187F","DEBTOR / BORÇLU","ThirdPartyController.getIhbarnameSummary — GET /api/cases/:caseId/ihbarname-summary","CANONICAL | IMPLEMENTED | MERGED","true","true","true","true","1","","false","OPERABLE_UNVERIFIED","NONE","","project/apps/api/src/main.ts:22 | project/apps/api/src/modules/debtor/debtor.module.ts:DebtorModule.controllers | project/apps/api/src/modules/debtor/third-party.controller.ts:129","ADD_REPRESENTATIVE_L6_VERIFICATION"
"HTTP-E910F938698A","SHARED PLATFORM / INFRASTRUCTURE","PrecautionaryOrderController.calculateTotalCosts — GET /api/precautionary-orders/:id/costs/total","IMPLEMENTED | MERGED","true","true","true","true","1","","false","OPERABLE_UNVERIFIED","NONE","","project/apps/api/src/main.ts:22 | project/apps/api/src/modules/precautionary-order/precautionary-order.controller.ts:95 | project/apps/api/src/modules/precautionary-order/precautionary-order.module.ts:PrecautionaryOrderModule.controllers","ADD_REPRESENTATIVE_L6_VERIFICATION"
"HTTP-EAAA5925B515","CLIENT / MÜVEKKİL","ClientIntakeLinkController.create — POST /api/client-intake-links/case/:caseId","MERGED","true","true","true","true","1","","false","OPERABLE_UNVERIFIED","NONE","","project/apps/api/src/main.ts:22 | project/apps/api/src/modules/client-intake-link/client-intake-link.controller.ts:22 | project/apps/api/src/modules/client-intake-link/client-intake-link.module.ts:ClientIntakeLinkModule.controllers","ADD_REPRESENTATIVE_L6_VERIFICATION"
"HTTP-EBAC39547BD6","CLIENT / MÜVEKKİL","DispositionController.listByCase — GET /api/collection-dispositions/case/:caseId","MERGED","true","true","true","true","1","","false","BOUND_DORMANT","P2","","project/apps/api/src/main.ts:22 | project/apps/api/src/modules/client-settlement/client-settlement.module.ts:ClientSettlementModule.controllers | project/apps/api/src/modules/client-settlement/disposition.controller.ts:46","VERIFY_ACTIVATION_AUTHORITY_AND_DEPLOYED_VALUE"
"HTTP-EBDF127896C9","SHARED PLATFORM / INFRASTRUCTURE","BankController.syncTransactions — POST /api/bank/accounts/:id/sync","CANONICAL | IMPLEMENTED | MERGED","true","true","true","true","1","","false","OPERABLE_UNVERIFIED","NONE","","project/apps/api/src/main.ts:22 | project/apps/api/src/modules/bank/bank.controller.ts:76 | project/apps/api/src/modules/bank/bank.module.ts:BankModule.controllers","ADD_REPRESENTATIVE_L6_VERIFICATION"
"HTTP-EBEB072F3FF9","SHARED PLATFORM / INFRASTRUCTURE","ValidationGateController.validateCaseCreation — POST /api/validation-gate/:caseId/case-creation","IMPLEMENTED | MERGED","true","true","true","true","1","","false","OPERABLE_UNVERIFIED","NONE","","project/apps/api/src/main.ts:22 | project/apps/api/src/modules/validation-gate/validation-gate.controller.ts:54 | project/apps/api/src/modules/validation-gate/validation-gate.module.ts:ValidationGateModule.controllers","ADD_REPRESENTATIVE_L6_VERIFICATION"
"HTTP-EC2DE565A483","SHARED PLATFORM / INFRASTRUCTURE","ExpenseRequestController.createOpeningExpenses — POST /api/expense-requests/case/:caseId/opening","IMPLEMENTED | MERGED","true","true","true","true","1","","false","OPERABLE_UNVERIFIED","NONE","","project/apps/api/src/main.ts:22 | project/apps/api/src/modules/expense-request/expense-request.controller.ts:128 | project/apps/api/src/modules/expense-request/expense-request.module.ts:ExpenseRequestModule.controllers","ADD_REPRESENTATIVE_L6_VERIFICATION"
"HTTP-EC671FE6318F","CLIENT / MÜVEKKİL","ClientOffsetController.reverse — POST /api/client-offsets/:offsetId/reverse","IMPLEMENTED | MERGED","true","true","true","true","1","","false","BOUND_DORMANT","P2","","project/apps/api/src/main.ts:22 | project/apps/api/src/modules/client-settlement/client-offset.controller.ts:66 | project/apps/api/src/modules/client-settlement/client-settlement.module.ts:ClientSettlementModule.controllers","VERIFY_ACTIVATION_AUTHORITY_AND_DEPLOYED_VALUE"
"HTTP-ECDF07A63789","OFFICE / AVUKAT-PERSONEL","OfficeController.getGreetingSettings — GET /api/office/greeting-settings","IMPLEMENTED | MERGED","true","true","true","true","1","","false","OPERABLE_UNVERIFIED","NONE","","project/apps/api/src/main.ts:22 | project/apps/api/src/modules/office/office.controller.ts:174 | project/apps/api/src/modules/office/office.module.ts:OfficeModule.controllers","ADD_REPRESENTATIVE_L6_VERIFICATION"
"HTTP-ED0AD754731D","CLIENT / MÜVEKKİL","ClientStatementController.findOne — GET /api/client-statements/:id","MERGED","true","true","true","true","1","","false","OPERABLE_UNVERIFIED","NONE","","project/apps/api/src/main.ts:22 | project/apps/api/src/modules/client-statement/client-statement.controller.ts:94 | project/apps/api/src/modules/client-statement/client-statement.module.ts:ClientStatementModule.controllers","ADD_REPRESENTATIVE_L6_VERIFICATION"
"HTTP-ED1D2861A2D5","CLIENT / MÜVEKKİL","ClientApprovalController.send — POST /api/client-approvals/:id/send","MERGED","true","true","true","true","1","","false","OPERABLE_UNVERIFIED","NONE","","project/apps/api/src/main.ts:22 | project/apps/api/src/modules/client-approval/client-approval.controller.ts:37 | project/apps/api/src/modules/client-approval/client-approval.module.ts:ClientApprovalModule.controllers","ADD_REPRESENTATIVE_L6_VERIFICATION"
"HTTP-ED754460A409","SHARED PLATFORM / INFRASTRUCTURE","FormTypeController.getFrequentForms — GET /api/form-types/frequent","IMPLEMENTED","true","true","true","true","1","","false","OPERABLE_UNVERIFIED","NONE","","project/apps/api/src/main.ts:22 | project/apps/api/src/modules/form-type/form-type.controller.ts:22 | project/apps/api/src/modules/form-type/form-type.module.ts:FormTypeModule.controllers","ADD_REPRESENTATIVE_L6_VERIFICATION"
"HTTP-ED8ED808101E","SHARED PLATFORM / INFRASTRUCTURE","DocumentController.getIhbarname89_2 — POST /api/documents/case/:caseId/ihbarname-89-2","IMPLEMENTED | MERGED","true","true","true","true","1","","false","OPERABLE_UNVERIFIED","NONE","","project/apps/api/src/main.ts:22 | project/apps/api/src/modules/document/document.controller.ts:260 | project/apps/api/src/modules/document/document.module.ts:DocumentModule.controllers","ADD_REPRESENTATIVE_L6_VERIFICATION"
"HTTP-ED9EAFFD7424","DEBTOR / BORÇLU","AddressDiscoveryController.createClientInfoRequest — POST /api/address-discovery/client-info-request","IMPLEMENTED | MERGED","true","true","true","true","1","","false","OPERABLE_UNVERIFIED","NONE","","project/apps/api/src/main.ts:22 | project/apps/api/src/modules/address-discovery/address-discovery.controller.ts:41 | project/apps/api/src/modules/address-discovery/address-discovery.module.ts:AddressDiscoveryModule.controllers","ADD_REPRESENTATIVE_L6_VERIFICATION"
"HTTP-EDF73DCF66ED","DEBTOR / BORÇLU","AddressDiscoveryController.getConfidenceScoreBreakdown — GET /api/address-discovery/confidence/:addressId/breakdown","IMPLEMENTED | MERGED","true","true","true","true","1","","false","OPERABLE_UNVERIFIED","NONE","","project/apps/api/src/main.ts:22 | project/apps/api/src/modules/address-discovery/address-discovery.controller.ts:196 | project/apps/api/src/modules/address-discovery/address-discovery.module.ts:AddressDiscoveryModule.controllers","ADD_REPRESENTATIVE_L6_VERIFICATION"
"HTTP-EE0CEAC0EB3F","SHARED PLATFORM / INFRASTRUCTURE","AutomationController.toggleAutoMode — POST /api/automation/cases/:id/toggle-auto","IMPLEMENTED | MERGED","true","true","true","true","1","","false","OPERABLE_UNVERIFIED","NONE","","project/apps/api/src/main.ts:22 | project/apps/api/src/modules/automation/automation.controller.ts:26 | project/apps/api/src/modules/automation/automation.module.ts:AutomationModule.controllers","ADD_REPRESENTATIVE_L6_VERIFICATION"
"HTTP-EE8272747206","SHARED PLATFORM / INFRASTRUCTURE","ExpenseRequestController.getFinanceItems — GET /api/expense-requests/case/:caseId/finance-items","IMPLEMENTED | MERGED","true","true","true","true","1","","false","OPERABLE_UNVERIFIED","NONE","","project/apps/api/src/main.ts:22 | project/apps/api/src/modules/expense-request/expense-request.controller.ts:335 | project/apps/api/src/modules/expense-request/expense-request.module.ts:ExpenseRequestModule.controllers","ADD_REPRESENTATIVE_L6_VERIFICATION"
"HTTP-EE923D695410","SHARED PLATFORM / INFRASTRUCTURE","CaseController.updateCollection — PATCH /api/cases/:id/collections/:collectionId","CANONICAL | IMPLEMENTED | MERGED","true","true","true","true","1","","false","OPERABLE_UNVERIFIED","NONE","","project/apps/api/src/main.ts:22 | project/apps/api/src/modules/case/case.controller.ts:695 | project/apps/api/src/modules/case/case.module.ts:CaseModule.controllers","ADD_REPRESENTATIVE_L6_VERIFICATION"
"HTTP-EEBE3F97C722","DEBTOR / BORÇLU","AddressDiscoveryController.completeResearch — PUT /api/address-discovery/research/:caseDebtorId/complete","IMPLEMENTED | MERGED","true","true","true","true","1","","false","OPERABLE_UNVERIFIED","NONE","","project/apps/api/src/main.ts:22 | project/apps/api/src/modules/address-discovery/address-discovery.controller.ts:305 | project/apps/api/src/modules/address-discovery/address-discovery.module.ts:AddressDiscoveryModule.controllers","ADD_REPRESENTATIVE_L6_VERIFICATION"
"HTTP-EECAC9CDC387","OFFICE / AVUKAT-PERSONEL","LawyerController.create — POST /api/lawyers","IMPLEMENTED | MERGED","true","true","true","true","1","","false","OPERABLE_UNVERIFIED","NONE","","project/apps/api/src/main.ts:22 | project/apps/api/src/modules/lawyer/lawyer.controller.ts:53 | project/apps/api/src/modules/lawyer/lawyer.module.ts:LawyerModule.controllers","ADD_REPRESENTATIVE_L6_VERIFICATION"
"HTTP-EF2933FFCBCE","SHARED PLATFORM / INFRASTRUCTURE","RelatedLawsuitsController.getLawsuitTypesForCaseType — GET /api/related-lawsuits/types/by-case-type","IMPLEMENTED | MERGED","true","true","true","true","1","","false","OPERABLE_UNVERIFIED","NONE","","project/apps/api/src/main.ts:22 | project/apps/api/src/modules/related-lawsuits/related-lawsuits.controller.ts:104 | project/apps/api/src/modules/related-lawsuits/related-lawsuits.module.ts:RelatedLawsuitsModule.controllers","ADD_REPRESENTATIVE_L6_VERIFICATION"
"HTTP-EFA7AAC60128","DEBTOR / BORÇLU","AddressTaskController.hasUsefulAddresses — GET /api/address-tasks/debtor/:debtorId/has-useful-addresses","IMPLEMENTED | MERGED","true","true","true","true","1","","false","OPERABLE_UNVERIFIED","NONE","","project/apps/api/src/main.ts:22 | project/apps/api/src/modules/address-task/address-task.controller.ts:263 | project/apps/api/src/modules/address-task/address-task.module.ts:AddressTaskModule.controllers","ADD_REPRESENTATIVE_L6_VERIFICATION"
"HTTP-F006166091A7","SHARED PLATFORM / INFRASTRUCTURE","SeedController.seedCases — POST /api/seed/cases","IMPLEMENTED","true","true","true","true","1","","false","OPERABLE_UNVERIFIED","NONE","","project/apps/api/src/main.ts:22 | project/apps/api/src/modules/icrabot/v28-engine/v28-engine.module.ts:V28EngineModule.controllers | project/apps/api/src/modules/seed/seed.controller.ts:40 | project/apps/api/src/modules/seed/seed.module.ts:SeedModule.controllers","ADD_REPRESENTATIVE_L6_VERIFICATION"
"HTTP-F013109FAA4F","DEBTOR / BORÇLU","AddressDiscoveryController.startResearch — POST /api/address-discovery/research/:caseDebtorId/start","IMPLEMENTED | MERGED","true","true","true","true","1","","false","OPERABLE_UNVERIFIED","NONE","","project/apps/api/src/main.ts:22 | project/apps/api/src/modules/address-discovery/address-discovery.controller.ts:263 | project/apps/api/src/modules/address-discovery/address-discovery.module.ts:AddressDiscoveryModule.controllers","ADD_REPRESENTATIVE_L6_VERIFICATION"
"HTTP-F029B2F0708A","SHARED PLATFORM / INFRASTRUCTURE","ReportController.getInterestReport — GET /api/reports/interest/:caseId","IMPLEMENTED | MERGED","true","true","true","true","1","","false","OPERABLE_UNVERIFIED","NONE","","project/apps/api/src/main.ts:22 | project/apps/api/src/modules/report/report.controller.ts:206 | project/apps/api/src/modules/report/report.module.ts:ReportModule.controllers","ADD_REPRESENTATIVE_L6_VERIFICATION"
"HTTP-F0453D12F5A9","SHARED PLATFORM / INFRASTRUCTURE","ExpenseRequestController.cancel — POST /api/expense-requests/:id/cancel","IMPLEMENTED | MERGED","true","true","true","true","1","","false","OPERABLE_UNVERIFIED","NONE","","project/apps/api/src/main.ts:22 | project/apps/api/src/modules/expense-request/expense-request.controller.ts:112 | project/apps/api/src/modules/expense-request/expense-request.module.ts:ExpenseRequestModule.controllers","ADD_REPRESENTATIVE_L6_VERIFICATION"
"HTTP-F075E150B3E6","SHARED PLATFORM / INFRASTRUCTURE","ValidationGateController.getCheckCompensationInfo — GET /api/validation-gate/check-compensation-info","IMPLEMENTED | MERGED","true","true","true","true","1","","false","OPERABLE_UNVERIFIED","NONE","","project/apps/api/src/main.ts:22 | project/apps/api/src/modules/validation-gate/validation-gate.controller.ts:153 | project/apps/api/src/modules/validation-gate/validation-gate.module.ts:ValidationGateModule.controllers","ADD_REPRESENTATIVE_L6_VERIFICATION"
"HTTP-F0C7EB7BDAFD","SHARED PLATFORM / INFRASTRUCTURE","FormTypeController.findByCode — GET /api/form-types/:code","IMPLEMENTED","true","true","true","true","1","","false","OPERABLE_UNVERIFIED","NONE","","project/apps/api/src/main.ts:22 | project/apps/api/src/modules/form-type/form-type.controller.ts:27 | project/apps/api/src/modules/form-type/form-type.module.ts:FormTypeModule.controllers","ADD_REPRESENTATIVE_L6_VERIFICATION"
"HTTP-F0CD069FF472","SHARED PLATFORM / INFRASTRUCTURE","TemplateEngineController.downloadTakipTalebiWord — POST /api/template-engine/takip-talebi/word","IMPLEMENTED | MERGED","true","true","true","true","1","","false","OPERABLE_UNVERIFIED","NONE","","project/apps/api/src/main.ts:22 | project/apps/api/src/modules/template-engine/template-engine.controller.ts:422 | project/apps/api/src/modules/template-engine/template-engine.module.ts:TemplateEngineModule.controllers","ADD_REPRESENTATIVE_L6_VERIFICATION"
"HTTP-F0E20A3C9A77","SHARED PLATFORM / INFRASTRUCTURE","CalcPreviewController.getTraceStats — GET /api/calc/trace/stats","IMPLEMENTED","true","true","true","true","1","","false","OPERABLE_UNVERIFIED","NONE","","project/apps/api/src/main.ts:22 | project/apps/api/src/modules/calc-preview/calc-preview.controller.ts:492 | project/apps/api/src/modules/calc-preview/calc-preview.module.ts:CalcPreviewModule.controllers","ADD_REPRESENTATIVE_L6_VERIFICATION"
"HTTP-F0EF4918564C","DEBTOR / BORÇLU","CommunicationController.sendEmail — POST /api/debtors/:debtorId/communications/email","IMPLEMENTED","true","true","true","true","1","","false","OPERABLE_UNVERIFIED","NONE","","project/apps/api/src/main.ts:22 | project/apps/api/src/modules/debtor/communication.controller.ts:31 | project/apps/api/src/modules/debtor/debtor.module.ts:DebtorModule.controllers","ADD_REPRESENTATIVE_L6_VERIFICATION"
"HTTP-F154B63988AF","UYAP CONNECTOR","AdminController.activateParamsBundle — POST /api/icrabot/admin/params/:bundle/activate","IMPLEMENTED","true","true","true","true","1","","false","OPERABLE_UNVERIFIED","NONE","","project/apps/api/src/main.ts:22 | project/apps/api/src/modules/icrabot/admin/admin.controller.ts:116 | project/apps/api/src/modules/icrabot/icrabot.module.ts:IcrabotModule.controllers","ADD_REPRESENTATIVE_L6_VERIFICATION"
"HTTP-F1DA1807677B","DEBTOR / BORÇLU","ThirdPartyController.updateThirdParty — PUT /api/third-parties/:id","CANONICAL | IMPLEMENTED | MERGED","true","true","true","true","1","","false","OPERABLE_UNVERIFIED","NONE","","project/apps/api/src/main.ts:22 | project/apps/api/src/modules/debtor/debtor.module.ts:DebtorModule.controllers | project/apps/api/src/modules/debtor/third-party.controller.ts:55","ADD_REPRESENTATIVE_L6_VERIFICATION"
"HTTP-F227E8807F98","SHARED PLATFORM / INFRASTRUCTURE","PrecautionaryOrderController.lift — POST /api/precautionary-orders/:id/lift","IMPLEMENTED | MERGED","true","true","true","true","1","","false","OPERABLE_UNVERIFIED","NONE","","project/apps/api/src/main.ts:22 | project/apps/api/src/modules/precautionary-order/precautionary-order.controller.ts:53 | project/apps/api/src/modules/precautionary-order/precautionary-order.module.ts:PrecautionaryOrderModule.controllers","ADD_REPRESENTATIVE_L6_VERIFICATION"
"HTTP-F2BBC527DC92","CLIENT / MÜVEKKİL","PortalController.getFinancialDisclosure — GET /api/portal/financial-disclosures/:id","IMPLEMENTED | MERGED","true","true","","true","1","","false","UNKNOWN_REQUIRES_EVIDENCE","NONE","","project/apps/api/src/main.ts:22 | project/apps/api/src/modules/portal/portal.controller.ts:148 | project/apps/api/src/modules/portal/portal.module.ts:PortalModule.controllers","COLLECT_MISSING_EVIDENCE"
"HTTP-F302045D4FF6","AUTH / TENANT / SECURITY","PasswordResetController.forgotPassword — POST /api/auth/forgot-password","MERGED","true","true","","true","1","","false","UNKNOWN_REQUIRES_EVIDENCE","NONE","","project/apps/api/src/main.ts:22 | project/apps/api/src/modules/auth/auth.module.ts:AuthModule.controllers | project/apps/api/src/modules/auth/password-reset/password-reset.controller.ts:14","COLLECT_MISSING_EVIDENCE"
"HTTP-F30E6353A83A","SHARED PLATFORM / INFRASTRUCTURE","CaseController.deleteNote — DELETE /api/cases/:id/notes/:noteId","CANONICAL | IMPLEMENTED | MERGED","true","true","true","true","1","","false","OPERABLE_UNVERIFIED","NONE","","project/apps/api/src/main.ts:22 | project/apps/api/src/modules/case/case.controller.ts:367 | project/apps/api/src/modules/case/case.module.ts:CaseModule.controllers","ADD_REPRESENTATIVE_L6_VERIFICATION"
"HTTP-F3694E0AFAB1","DEBTOR / BORÇLU","AddressDiscoveryController.processUyapQueryAddresses — POST /api/address-discovery/uyap-query/:id/process-addresses","IMPLEMENTED | MERGED","true","true","true","true","1","","false","OPERABLE_UNVERIFIED","NONE","","project/apps/api/src/main.ts:22 | project/apps/api/src/modules/address-discovery/address-discovery.controller.ts:391 | project/apps/api/src/modules/address-discovery/address-discovery.module.ts:AddressDiscoveryModule.controllers","ADD_REPRESENTATIVE_L6_VERIFICATION"
"HTTP-F38178BAEFE2","DEBTOR / BORÇLU","AddressDiscoveryController.sendClientInfoRequestReminder — POST /api/address-discovery/client-info-request/:id/reminder","IMPLEMENTED | MERGED","true","true","true","true","1","","false","OPERABLE_UNVERIFIED","NONE","","project/apps/api/src/main.ts:22 | project/apps/api/src/modules/address-discovery/address-discovery.controller.ts:90 | project/apps/api/src/modules/address-discovery/address-discovery.module.ts:AddressDiscoveryModule.controllers","ADD_REPRESENTATIVE_L6_VERIFICATION"
"HTTP-F3A882531098","SHARED PLATFORM / INFRASTRUCTURE","PoaController.findByClient — GET /api/poa/client/:clientId","IMPLEMENTED | MERGED","true","true","true","true","1","","false","OPERABLE_UNVERIFIED","NONE","","project/apps/api/src/main.ts:22 | project/apps/api/src/modules/poa/poa.controller.ts:73 | project/apps/api/src/modules/poa/poa.module.ts:PoaModule.controllers","ADD_REPRESENTATIVE_L6_VERIFICATION"
"HTTP-F3D411EE09AA","SHARED PLATFORM / INFRASTRUCTURE","SimulationV1AliasController.getRun — GET /api/v1/incidents/:id/simulations/:runId","IMPLEMENTED","true","true","true","true","1","","false","OPERABLE_UNVERIFIED","NONE","","project/apps/api/src/main.ts:22 | project/apps/api/src/modules/calc-preview/diagnostics/simulation-api/simulation-api.module.ts:SimulationApiModule.controllers | project/apps/api/src/modules/calc-preview/diagnostics/simulation-api/simulation-v1-alias.controller.ts:176","ADD_REPRESENTATIVE_L6_VERIFICATION"
"HTTP-F43D29FB1A3B","UYAP CONNECTOR","BundleController.runJob — POST /api/icrabot/bundles/runner/run-job/:jobId","IMPLEMENTED","true","true","true","true","1","","false","OPERABLE_UNVERIFIED","NONE","","project/apps/api/src/main.ts:22 | project/apps/api/src/modules/icrabot/bundle/bundle.controller.ts:172 | project/apps/api/src/modules/icrabot/icrabot.module.ts:IcrabotModule.controllers","ADD_REPRESENTATIVE_L6_VERIFICATION"
"HTTP-F44DDB1D1A05","SHARED PLATFORM / INFRASTRUCTURE","PoaController.update — PUT /api/poa/:id","IMPLEMENTED | MERGED","true","true","true","true","1","","false","OPERABLE_UNVERIFIED","NONE","","project/apps/api/src/main.ts:22 | project/apps/api/src/modules/poa/poa.controller.ts:102 | project/apps/api/src/modules/poa/poa.module.ts:PoaModule.controllers","ADD_REPRESENTATIVE_L6_VERIFICATION"
"HTTP-F49C22E53B8C","DEBTOR / BORÇLU","DebtorController.listCrossCaseNotifications — GET /api/debtors/cross-case-notifications","IMPLEMENTED | MERGED","true","true","true","true","1","","false","OPERABLE_UNVERIFIED","NONE","","project/apps/api/src/main.ts:22 | project/apps/api/src/modules/debtor/debtor.controller.ts:169 | project/apps/api/src/modules/debtor/debtor.module.ts:DebtorModule.controllers","ADD_REPRESENTATIVE_L6_VERIFICATION"
"HTTP-F49EC87C6C31","SHARED PLATFORM / INFRASTRUCTURE","CaseJudgmentController.findOne — GET /api/case-judgments/:id","IMPLEMENTED","true","true","true","true","1","","false","OPERABLE_UNVERIFIED","NONE","","project/apps/api/src/main.ts:22 | project/apps/api/src/modules/case-judgment/case-judgment.controller.ts:32 | project/apps/api/src/modules/case-judgment/case-judgment.module.ts:CaseJudgmentModule.controllers","ADD_REPRESENTATIVE_L6_VERIFICATION"
"HTTP-F4A23B0C8754","SHARED PLATFORM / INFRASTRUCTURE","CrossTenantAccessController.listLegalHolds — GET /api/api/v1/internal-ops/cross-tenant/:tenantId/legal-holds","IMPLEMENTED","true","false","false","false","0","","false","CODE_PRESENT_UNBOUND","P1","CrossTenantAccessController hiçbir production-reachable module controllers listesinde değil.","project/apps/api/src/main.ts:22 | project/apps/api/src/modules/calc-preview/break-glass/controllers/cross-tenant-access.controller.ts:264","OWNER_REVIEW_BIND_OR_DISPOSITION"
"HTTP-F4C653C60D32","DEBTOR / BORÇLU","AddressController.verifyViaMernis — POST /api/addresses/:addressId/verify/mernis","IMPLEMENTED | MERGED","true","true","true","true","1","","false","OPERABLE_UNVERIFIED","NONE","","project/apps/api/src/main.ts:22 | project/apps/api/src/modules/debtor/address.controller.ts:119 | project/apps/api/src/modules/debtor/debtor.module.ts:DebtorModule.controllers","ADD_REPRESENTATIVE_L6_VERIFICATION"
"HTTP-F4C7F3ED50A4","RECEIVABLE / ALACAK","ClaimEngineController.routeCase — POST /api/claim-engine/route","IMPLEMENTED","true","true","true","true","1","","false","OPERABLE_UNVERIFIED","NONE","","project/apps/api/src/main.ts:22 | project/apps/api/src/modules/claim-engine/claim-engine.controller.ts:66 | project/apps/api/src/modules/claim-engine/claim-engine.module.ts:ClaimEngineModule.controllers","ADD_REPRESENTATIVE_L6_VERIFICATION"
"HTTP-F505E9B06EEB","OFFICE / AVUKAT-PERSONEL","ReportingLineController.list — GET /api/reporting-lines","MERGED","true","true","true","true","1","","false","OPERABLE_UNVERIFIED","NONE","","project/apps/api/src/main.ts:22 | project/apps/api/src/modules/reporting-line/reporting-line.controller.ts:19 | project/apps/api/src/modules/reporting-line/reporting-line.module.ts:ReportingLineModule.controllers","ADD_REPRESENTATIVE_L6_VERIFICATION"
"HTTP-F59E89CBAD22","UYAP CONNECTOR","IcrabotController.runRecipe — POST /api/icrabot/cases/:caseId/run/:recipeId","IMPLEMENTED | MERGED","true","true","true","true","1","","false","OPERABLE_UNVERIFIED","NONE","","project/apps/api/src/main.ts:22 | project/apps/api/src/modules/icrabot/icrabot.controller.ts:113 | project/apps/api/src/modules/icrabot/icrabot.module.ts:IcrabotModule.controllers","ADD_REPRESENTATIVE_L6_VERIFICATION"
"HTTP-F5A5DF718585","UYAP CONNECTOR","IcrabotController.checkEtebligat — POST /api/icrabot/cases/:caseId/check-etebligat","IMPLEMENTED | MERGED","true","true","true","true","1","","false","OPERABLE_UNVERIFIED","NONE","","project/apps/api/src/main.ts:22 | project/apps/api/src/modules/icrabot/icrabot.controller.ts:160 | project/apps/api/src/modules/icrabot/icrabot.module.ts:IcrabotModule.controllers","ADD_REPRESENTATIVE_L6_VERIFICATION"
"HTTP-F5C4AF494F50","AUTH / TENANT / SECURITY","AuditController.getUserActivity — GET /api/audit/user-activity","IMPLEMENTED","true","true","true","true","1","","false","OPERABLE_UNVERIFIED","NONE","","project/apps/api/src/main.ts:22 | project/apps/api/src/modules/audit/audit.controller.ts:46 | project/apps/api/src/modules/audit/audit.module.ts:AuditModule.controllers","ADD_REPRESENTATIVE_L6_VERIFICATION"
"HTTP-F68F83D0B861","CLIENT / MÜVEKKİL","ClientIntakePromotionController.promoteAddress — POST /api/client-intake-fields/:fieldId/promote-address","MERGED","true","true","true","true","1","","false","OPERABLE_UNVERIFIED","NONE","","project/apps/api/src/main.ts:22 | project/apps/api/src/modules/client-intake-promotion/client-intake-promotion.controller.ts:36 | project/apps/api/src/modules/client-intake-promotion/client-intake-promotion.module.ts:ClientIntakePromotionModule.controllers","ADD_REPRESENTATIVE_L6_VERIFICATION"
"HTTP-F7081A038856","SHARED PLATFORM / INFRASTRUCTURE","CaseInstrumentController.create — POST /api/case-instruments","IMPLEMENTED | MERGED","true","true","true","true","1","","false","OPERABLE_UNVERIFIED","NONE","","project/apps/api/src/main.ts:22 | project/apps/api/src/modules/case-instrument/case-instrument.controller.ts:15 | project/apps/api/src/modules/case-instrument/case-instrument.module.ts:CaseInstrumentModule.controllers","ADD_REPRESENTATIVE_L6_VERIFICATION"
"HTTP-F72640C58E4B","CLIENT / MÜVEKKİL","ClientController.operatingSnapshot — GET /api/clients/:clientId/operating-snapshot","IMPLEMENTED | MERGED","true","true","true","true","1","","false","OPERABLE_UNVERIFIED","NONE","","project/apps/api/src/main.ts:22 | project/apps/api/src/modules/client/client.controller.ts:107 | project/apps/api/src/modules/client/client.module.ts:ClientModule.controllers","ADD_REPRESENTATIVE_L6_VERIFICATION"
"HTTP-F731C2794009","CLIENT / MÜVEKKİL","ClientStatementController.create — POST /api/client-statements/case/:caseId","MERGED","true","true","true","true","1","","false","OPERABLE_UNVERIFIED","NONE","","project/apps/api/src/main.ts:22 | project/apps/api/src/modules/client-statement/client-statement.controller.ts:28 | project/apps/api/src/modules/client-statement/client-statement.module.ts:ClientStatementModule.controllers","ADD_REPRESENTATIVE_L6_VERIFICATION"
"HTTP-F7364D90AAEB","DEBTOR / BORÇLU","AddressDiscoveryController.deleteInstitutionLetter — DELETE /api/address-discovery/institution-letter/:id","IMPLEMENTED | MERGED","true","true","true","true","1","","false","OPERABLE_UNVERIFIED","NONE","","project/apps/api/src/main.ts:22 | project/apps/api/src/modules/address-discovery/address-discovery.controller.ts:510 | project/apps/api/src/modules/address-discovery/address-discovery.module.ts:AddressDiscoveryModule.controllers","ADD_REPRESENTATIVE_L6_VERIFICATION"
"HTTP-F736A936396E","SHARED PLATFORM / INFRASTRUCTURE","ExpenseBlockReasonController.create — POST /api/expense-block-reasons/case/:caseId","MERGED","true","true","true","true","1","","false","OPERABLE_UNVERIFIED","NONE","","project/apps/api/src/main.ts:22 | project/apps/api/src/modules/expense-block-reason/expense-block-reason.controller.ts:29 | project/apps/api/src/modules/expense-block-reason/expense-block-reason.module.ts:ExpenseBlockReasonModule.controllers","ADD_REPRESENTATIVE_L6_VERIFICATION"
"HTTP-F7FEB812FF35","OFFICE / AVUKAT-PERSONEL","UserController.changeMyPassword — PATCH /api/users/me/password","IMPLEMENTED | MERGED","true","true","true","true","1","","false","OPERABLE_UNVERIFIED","NONE","","project/apps/api/src/main.ts:22 | project/apps/api/src/modules/user/user.controller.ts:25 | project/apps/api/src/modules/user/user.module.ts:UserModule.controllers","ADD_REPRESENTATIVE_L6_VERIFICATION"
"HTTP-F82598D1C2AF","CLIENT / MÜVEKKİL","ClientPayoutController.list — GET /api/client-payouts","MERGED","true","true","true","true","1","","false","OPERABLE_UNVERIFIED","NONE","","project/apps/api/src/main.ts:22 | project/apps/api/src/modules/client-settlement/client-payout.controller.ts:21 | project/apps/api/src/modules/client-settlement/client-settlement.module.ts:ClientSettlementModule.controllers","ADD_REPRESENTATIVE_L6_VERIFICATION"
"HTTP-F84683426272","CLIENT / MÜVEKKİL","CaseFeeAgreementController.update — POST /api/case-fee-agreements/:agreementId","MERGED","true","true","true","true","1","","false","BOUND_DORMANT","P2","","project/apps/api/src/main.ts:22 | project/apps/api/src/modules/client-settlement/case-fee-agreement.controller.ts:92 | project/apps/api/src/modules/client-settlement/client-settlement.module.ts:ClientSettlementModule.controllers","VERIFY_ACTIVATION_AUTHORITY_AND_DEPLOYED_VALUE"
"HTTP-F852E97688C2","SHARED PLATFORM / INFRASTRUCTURE","CostPackageController.computeExpenseRequest — POST /api/cost-packages/compute","IMPLEMENTED","true","true","true","true","1","","false","OPERABLE_UNVERIFIED","NONE","","project/apps/api/src/main.ts:22 | project/apps/api/src/modules/cost-package/cost-package.controller.ts:28 | project/apps/api/src/modules/cost-package/cost-package.module.ts:CostPackageModule.controllers","ADD_REPRESENTATIVE_L6_VERIFICATION"
"HTTP-F85B0EFD16FF","UYAP CONNECTOR","BundleController.promoteBundle — POST /api/icrabot/bundles/:id/promote","IMPLEMENTED","true","true","true","true","1","","false","OPERABLE_UNVERIFIED","NONE","","project/apps/api/src/main.ts:22 | project/apps/api/src/modules/icrabot/bundle/bundle.controller.ts:94 | project/apps/api/src/modules/icrabot/icrabot.module.ts:IcrabotModule.controllers","ADD_REPRESENTATIVE_L6_VERIFICATION"
"HTTP-F998467E48AA","UYAP CONNECTOR","IcrabotController.runAssetQueries — POST /api/icrabot/cases/:caseId/run-asset-queries","IMPLEMENTED | MERGED","true","true","true","true","1","","false","OPERABLE_UNVERIFIED","NONE","","project/apps/api/src/main.ts:22 | project/apps/api/src/modules/icrabot/icrabot.controller.ts:184 | project/apps/api/src/modules/icrabot/icrabot.module.ts:IcrabotModule.controllers","ADD_REPRESENTATIVE_L6_VERIFICATION"
"HTTP-F99CCAE6E500","RECEIVABLE / ALACAK","BalanceShadowCompareController.getShadowCompare — GET /api/balance-compare/case/:caseId","IMPLEMENTED","true","true","true","true","1","","false","OPERABLE_UNVERIFIED","NONE","","project/apps/api/src/main.ts:22 | project/apps/api/src/modules/balance-shadow-compare/balance-shadow-compare.controller.ts:23 | project/apps/api/src/modules/balance-shadow-compare/balance-shadow-compare.module.ts:BalanceShadowCompareModule.controllers","ADD_REPRESENTATIVE_L6_VERIFICATION"
"HTTP-F9E100819C03","DEBTOR / BORÇLU","AddressTaskController.createTask — POST /api/address-tasks/create","IMPLEMENTED | MERGED","true","true","true","true","1","","false","OPERABLE_UNVERIFIED","NONE","","project/apps/api/src/main.ts:22 | project/apps/api/src/modules/address-task/address-task.controller.ts:133 | project/apps/api/src/modules/address-task/address-task.module.ts:AddressTaskModule.controllers","ADD_REPRESENTATIVE_L6_VERIFICATION"
"HTTP-F9F4C80D438F","SHARED PLATFORM / INFRASTRUCTURE","ExpenseRequestController.markAsSent — POST /api/expense-requests/:id/send","IMPLEMENTED | MERGED","true","true","true","true","1","","false","OPERABLE_UNVERIFIED","NONE","","project/apps/api/src/main.ts:22 | project/apps/api/src/modules/expense-request/expense-request.controller.ts:89 | project/apps/api/src/modules/expense-request/expense-request.module.ts:ExpenseRequestModule.controllers","ADD_REPRESENTATIVE_L6_VERIFICATION"
"HTTP-F9FB1B782BB2","SHARED PLATFORM / INFRASTRUCTURE","ExpenseRequestController.finalizeAndSend — POST /api/expense-requests/:id/finalize","IMPLEMENTED | MERGED","true","true","true","true","1","","false","OPERABLE_UNVERIFIED","NONE","","project/apps/api/src/main.ts:22 | project/apps/api/src/modules/expense-request/expense-request.controller.ts:152 | project/apps/api/src/modules/expense-request/expense-request.module.ts:ExpenseRequestModule.controllers","ADD_REPRESENTATIVE_L6_VERIFICATION"
"HTTP-FA225BD767B8","UYAP CONNECTOR","OpsController.getPausedRecipes — GET /api/icrabot/ops/paused-recipes","IMPLEMENTED","true","true","true","true","1","","false","OPERABLE_UNVERIFIED","NONE","","project/apps/api/src/main.ts:22 | project/apps/api/src/modules/icrabot/icrabot.module.ts:IcrabotModule.controllers | project/apps/api/src/modules/icrabot/ops/ops.controller.ts:234","ADD_REPRESENTATIVE_L6_VERIFICATION"
"HTTP-FAC8BB34912E","SHARED PLATFORM / INFRASTRUCTURE","CaseController.updateDue — PATCH /api/cases/:id/dues/:dueId","CANONICAL | IMPLEMENTED | MERGED","true","true","true","true","1","","false","OPERABLE_UNVERIFIED","NONE","","project/apps/api/src/main.ts:22 | project/apps/api/src/modules/case/case.controller.ts:597 | project/apps/api/src/modules/case/case.module.ts:CaseModule.controllers","ADD_REPRESENTATIVE_L6_VERIFICATION"
"HTTP-FAF5174AFEE5","SHARED PLATFORM / INFRASTRUCTURE","CaseController.getCaseResponsiblePerson — GET /api/cases/:id/responsible-person","CANONICAL | IMPLEMENTED | MERGED","true","true","true","true","1","","false","OPERABLE_UNVERIFIED","NONE","","project/apps/api/src/main.ts:22 | project/apps/api/src/modules/case/case.controller.ts:100 | project/apps/api/src/modules/case/case.module.ts:CaseModule.controllers","ADD_REPRESENTATIVE_L6_VERIFICATION"
"HTTP-FAF62CFC6385","CLIENT / MÜVEKKİL","DispositionController.outstanding — GET /api/collection-dispositions/case/:caseId/outstanding","MERGED","true","true","true","true","1","","false","BOUND_DORMANT","P2","","project/apps/api/src/main.ts:22 | project/apps/api/src/modules/client-settlement/client-settlement.module.ts:ClientSettlementModule.controllers | project/apps/api/src/modules/client-settlement/disposition.controller.ts:62","VERIFY_ACTIVATION_AUTHORITY_AND_DEPLOYED_VALUE"
"HTTP-FB0C9558F34F","SHARED PLATFORM / INFRASTRUCTURE","DiagnosticsController.getTraces — GET /api/calc/diagnostics/traces","IMPLEMENTED","true","true","true","true","1","","false","OPERABLE_UNVERIFIED","NONE","","project/apps/api/src/main.ts:22 | project/apps/api/src/modules/calc-preview/diagnostics/diagnostics.controller.ts:174 | project/apps/api/src/modules/calc-preview/diagnostics/diagnostics.module.ts:DiagnosticsModule.controllers","ADD_REPRESENTATIVE_L6_VERIFICATION"
"HTTP-FB138495E5F3","SHARED PLATFORM / INFRASTRUCTURE","TemplateEngineController.generateUdfFromCase — GET /api/template-engine/case/:caseId/udf","IMPLEMENTED | MERGED","true","true","true","true","1","","false","OPERABLE_UNVERIFIED","NONE","","project/apps/api/src/main.ts:22 | project/apps/api/src/modules/template-engine/template-engine.controller.ts:478 | project/apps/api/src/modules/template-engine/template-engine.module.ts:TemplateEngineModule.controllers","ADD_REPRESENTATIVE_L6_VERIFICATION"
"HTTP-FB16CA934604","SHARED PLATFORM / INFRASTRUCTURE","SeedController.seedClients — POST /api/seed/clients","IMPLEMENTED","true","true","true","true","1","","false","OPERABLE_UNVERIFIED","NONE","","project/apps/api/src/main.ts:22 | project/apps/api/src/modules/icrabot/v28-engine/v28-engine.module.ts:V28EngineModule.controllers | project/apps/api/src/modules/seed/seed.controller.ts:28 | project/apps/api/src/modules/seed/seed.module.ts:SeedModule.controllers","ADD_REPRESENTATIVE_L6_VERIFICATION"
"HTTP-FBBA02679390","SHARED PLATFORM / INFRASTRUCTURE","ErrorLogController.getLogs — GET /api/error-logs","IMPLEMENTED | MERGED","true","true","true","true","1","","false","OPERABLE_UNVERIFIED","NONE","","project/apps/api/src/main.ts:22 | project/apps/api/src/modules/error-log/error-log.controller.ts:14 | project/apps/api/src/modules/error-log/error-log.module.ts:ErrorLogModule.controllers","ADD_REPRESENTATIVE_L6_VERIFICATION"
"HTTP-FBDF38F99EE5","SHARED PLATFORM / INFRASTRUCTURE","PrecautionaryOrderController.delete — DELETE /api/precautionary-orders/:id","IMPLEMENTED | MERGED","true","true","true","true","1","","false","OPERABLE_UNVERIFIED","NONE","","project/apps/api/src/main.ts:22 | project/apps/api/src/modules/precautionary-order/precautionary-order.controller.ts:61 | project/apps/api/src/modules/precautionary-order/precautionary-order.module.ts:PrecautionaryOrderModule.controllers","ADD_REPRESENTATIVE_L6_VERIFICATION"
"HTTP-FCAC640EE038","DEBTOR / BORÇLU","ThirdPartyController.getThirdParties — GET /api/case-debtors/:caseDebtorId/third-parties","CANONICAL | IMPLEMENTED | MERGED","true","true","true","true","1","","false","OPERABLE_UNVERIFIED","NONE","","project/apps/api/src/main.ts:22 | project/apps/api/src/modules/debtor/debtor.module.ts:DebtorModule.controllers | project/apps/api/src/modules/debtor/third-party.controller.ts:38","ADD_REPRESENTATIVE_L6_VERIFICATION"
"HTTP-FCE040B1F3EF","SHARED PLATFORM / INFRASTRUCTURE","PublicInstitutionController.getCategories — GET /api/public-institutions/categories","IMPLEMENTED","true","true","true","true","1","","false","OPERABLE_UNVERIFIED","NONE","","project/apps/api/src/main.ts:22 | project/apps/api/src/modules/public-institution/public-institution.controller.ts:16 | project/apps/api/src/modules/public-institution/public-institution.module.ts:PublicInstitutionModule.controllers","ADD_REPRESENTATIVE_L6_VERIFICATION"
"HTTP-FDD4DD309FD4","SHARED PLATFORM / INFRASTRUCTURE","RelatedLawsuitsController.prepareKarsiliksizCek — POST /api/related-lawsuits/prepare/karsiliksiz-cek","IMPLEMENTED | MERGED","true","true","true","true","1","","false","OPERABLE_UNVERIFIED","NONE","","project/apps/api/src/main.ts:22 | project/apps/api/src/modules/related-lawsuits/related-lawsuits.controller.ts:168 | project/apps/api/src/modules/related-lawsuits/related-lawsuits.module.ts:RelatedLawsuitsModule.controllers","ADD_REPRESENTATIVE_L6_VERIFICATION"
"HTTP-FDE75D1852CD","RECEIVABLE / ALACAK","ClaimItemController.findOne — GET /api/claim-items/:id","CANONICAL | IMPLEMENTED | MERGED","true","true","true","true","1","","false","OPERABLE_UNVERIFIED","NONE","","project/apps/api/src/main.ts:22 | project/apps/api/src/modules/claim-item/claim-item.controller.ts:50 | project/apps/api/src/modules/claim-item/claim-item.module.ts:ClaimItemModule.controllers","ADD_REPRESENTATIVE_L6_VERIFICATION"
"HTTP-FDEAF52781D7","DEBTOR / BORÇLU","AddressController.updateAddress — PUT /api/addresses/:addressId","IMPLEMENTED | MERGED","true","true","true","true","1","","false","OPERABLE_UNVERIFIED","NONE","","project/apps/api/src/main.ts:22 | project/apps/api/src/modules/debtor/address.controller.ts:47 | project/apps/api/src/modules/debtor/debtor.module.ts:DebtorModule.controllers","ADD_REPRESENTATIVE_L6_VERIFICATION"
"HTTP-FDF4E80B5E41","SHARED PLATFORM / INFRASTRUCTURE","PolicyEngineController.canPerformAction — POST /api/policy-engine/cases/:caseId/can-perform-action","IMPLEMENTED | MERGED","true","true","true","true","1","","false","OPERABLE_UNVERIFIED","NONE","","project/apps/api/src/main.ts:22 | project/apps/api/src/modules/policy-engine/policy-engine.controller.ts:106 | project/apps/api/src/modules/policy-engine/policy-engine.module.ts:PolicyEngineModule.controllers","ADD_REPRESENTATIVE_L6_VERIFICATION"
"HTTP-FDFE439008C2","SHARED PLATFORM / INFRASTRUCTURE","OcrController.classifyText — POST /api/ocr/classify-text","IMPLEMENTED | MERGED","true","true","true","true","1","","false","OPERABLE_UNVERIFIED","NONE","","project/apps/api/src/main.ts:22 | project/apps/api/src/modules/ocr/ocr.controller.ts:65 | project/apps/api/src/modules/ocr/ocr.module.ts:OcrModule.controllers","ADD_REPRESENTATIVE_L6_VERIFICATION"
"HTTP-FE057358B983","UYAP CONNECTOR","UyapExportController.downloadSingle — GET /api/uyap-export/download/:caseId","IMPLEMENTED | MERGED","true","true","true","true","1","","false","OPERABLE_UNVERIFIED","NONE","","project/apps/api/src/main.ts:22 | project/apps/api/src/modules/uyap-export/uyap-export.controller.ts:49 | project/apps/api/src/modules/uyap-export/uyap-export.module.ts:UyapExportModule.controllers","ADD_REPRESENTATIVE_L6_VERIFICATION"
"HTTP-FE0BC0CF23B7","SHARED PLATFORM / INFRASTRUCTURE","NotificationController.checkStatus — POST /api/notifications/:id/check-status","IMPLEMENTED | MERGED","true","true","true","true","1","","false","OPERABLE_UNVERIFIED","NONE","","project/apps/api/src/main.ts:22 | project/apps/api/src/modules/notification/notification.controller.ts:56 | project/apps/api/src/modules/notification/notification.module.ts:NotificationModule.controllers","ADD_REPRESENTATIVE_L6_VERIFICATION"
"HTTP-FE64F36D7504","SHARED PLATFORM / INFRASTRUCTURE","TariffController.getUnreadNotifications — GET /api/tariffs/gazette/notifications/unread","IMPLEMENTED","true","true","true","true","1","","false","OPERABLE_UNVERIFIED","NONE","","project/apps/api/src/main.ts:22 | project/apps/api/src/modules/tariff/tariff.controller.ts:95 | project/apps/api/src/modules/tariff/tariff.module.ts:TariffModule.controllers","ADD_REPRESENTATIVE_L6_VERIFICATION"
"HTTP-FE986AAFCE42","UYAP CONNECTOR","UyapController.generateXmlFromCase — GET /api/uyap/xml/case/:caseId","IMPLEMENTED | MERGED","true","true","true","true","1","","false","OPERABLE_UNVERIFIED","NONE","","project/apps/api/src/main.ts:22 | project/apps/api/src/modules/uyap/uyap.controller.ts:297 | project/apps/api/src/modules/uyap/uyap.module.ts:UyapModule.controllers","ADD_REPRESENTATIVE_L6_VERIFICATION"
"HTTP-FEA1D60F8D5A","UYAP CONNECTOR","IcrabotController.determineChannel — POST /api/icrabot/determine-channel","IMPLEMENTED | MERGED","true","true","true","true","1","","false","OPERABLE_UNVERIFIED","NONE","","project/apps/api/src/main.ts:22 | project/apps/api/src/modules/icrabot/icrabot.controller.ts:285 | project/apps/api/src/modules/icrabot/icrabot.module.ts:IcrabotModule.controllers","ADD_REPRESENTATIVE_L6_VERIFICATION"
"HTTP-FEB481815B69","SHARED PLATFORM / INFRASTRUCTURE","BreakGlassController.createRequest — POST /api/api/v1/internal-ops/break-glass/request","IMPLEMENTED","true","false","false","false","0","","false","CODE_PRESENT_UNBOUND","P1","BreakGlassController hiçbir production-reachable module controllers listesinde değil.","project/apps/api/src/main.ts:22 | project/apps/api/src/modules/calc-preview/break-glass/controllers/break-glass.controller.ts:115","OWNER_REVIEW_BIND_OR_DISPOSITION"
"HTTP-FF0D03575B70","DEBTOR / BORÇLU","AddressController.suggestNextAddress — POST /api/addresses/:addressId/suggest-next","IMPLEMENTED | MERGED","true","true","true","true","1","","false","OPERABLE_UNVERIFIED","NONE","","project/apps/api/src/main.ts:22 | project/apps/api/src/modules/debtor/address.controller.ts:164 | project/apps/api/src/modules/debtor/debtor.module.ts:DebtorModule.controllers","ADD_REPRESENTATIVE_L6_VERIFICATION"
"HTTP-FF286BAF25DC","SHARED PLATFORM / INFRASTRUCTURE","ReportController.getGroupReport — GET /api/reports/group/:groupId","IMPLEMENTED | MERGED","true","true","true","true","1","","false","OPERABLE_UNVERIFIED","NONE","","project/apps/api/src/main.ts:22 | project/apps/api/src/modules/report/report.controller.ts:105 | project/apps/api/src/modules/report/report.module.ts:ReportModule.controllers","ADD_REPRESENTATIVE_L6_VERIFICATION"
"INT-0030F76D8516","SHARED PLATFORM / INFRASTRUCTURE","SeedService","CANONICAL | IMPLEMENTED | MERGED","true","true","true","true","6","","false","OPERABLE_UNVERIFIED","NONE","","project/apps/api/src/modules/icrabot/v28-engine/outbox.service.ts:consumer-reference | project/apps/api/src/modules/icrabot/v28-engine/seed.service.ts:consumer-reference | project/apps/api/src/modules/icrabot/v28-engine/tenant-resolver.ts:consumer-reference | project/apps/api/src/modules/icrabot/v28-engine/v28-engine.controller.ts:consumer-reference | project/apps/api/src/modules/icrabot/v28-engine/v28-engine.module.ts:V28EngineModule.providers | project/apps/api/src/modules/lookup/lookup-seed.ts:consumer-reference | project/apps/api/src/modules/seed/seed.controller.ts:consumer-reference | project/apps/api/src/modules/seed/seed.module.ts:SeedModule.providers | project/apps/api/src/modules/seed/seed.service.ts:16","ADD_REPRESENTATIVE_L6_VERIFICATION"
"INT-009203CEF8B5","UYAP CONNECTOR","PriorityDispatcherService","IMPLEMENTED","true","true","true","false","0","","false","ACTIVE_UNREACHABLE","P2","PriorityDispatcherService production DI/constructor yüzeyinde mevcut fakat gerçek root consumer bulunamadı.","project/apps/api/src/modules/icrabot/icrabot.module.ts:IcrabotModule.providers | project/apps/api/src/modules/icrabot/scheduler/priority-dispatcher.service.ts:23","WIRE_REAL_ENTRYPOINT_OR_DISPOSITION"
"INT-00961C7ABED7","CLIENT / MÜVEKKİL","ClientOffsetService","CANONICAL | IMPLEMENTED | MERGED","true","true","true","true","10","","false","BOUND_DORMANT","P2","","project/apps/api/src/modules/client-settlement/client-offset.controller.ts:consumer-reference | project/apps/api/src/modules/client-settlement/client-offset.service.ts:134 | project/apps/api/src/modules/client-settlement/client-payout.service.ts:consumer-reference | project/apps/api/src/modules/client-settlement/client-settlement-read.service.ts:consumer-reference | project/apps/api/src/modules/client-settlement/client-settlement.module.ts:ClientSettlementModule.providers | project/apps/api/src/modules/client-settlement/collection-reversal.service.ts:consumer-reference | project/apps/api/src/modules/client-settlement/disposition-posting.service.ts:consumer-reference | project/apps/api/src/modules/client-settlement/distribution-recommendation.service.ts:consumer-reference | project/apps/api/src/modules/client-settlement/expense-remaining-lock.ts:consumer-reference | project/apps/api/src/modules/client-settlement/payout-lock.ts:consumer-reference | project/apps/api/src/modules/policy-engine/effective-permission-mapping.ts:consumer-reference | project/apps/api/src/modules/policy-engine/types/action-code.enum.ts:consumer-reference","VERIFY_ACTIVATION_AUTHORITY_AND_DEPLOYED_VALUE"
"INT-00FE7655123B","SHARED PLATFORM / INFRASTRUCTURE","HysteresisEscalationService","IMPLEMENTED","true","false","false","false","0","","false","CODE_PRESENT_UNBOUND","P2","HysteresisEscalationService production-reachable provider kaydında veya doğrudan construction path'inde bulunamadı.","project/apps/api/src/modules/calc-preview/diagnostics/playbook/hysteresis-escalation.service.ts:61","OWNER_REVIEW_BIND_OR_DISPOSITION"
"INT-01AC06C6227C","RECEIVABLE / ALACAK","CekTazminatService","IMPLEMENTED","true","true","","false","0","","false","UNKNOWN_REQUIRES_EVIDENCE","NONE","CekTazminatService production DI/constructor yüzeyinde mevcut fakat gerçek root consumer bulunamadı.","project/apps/api/src/modules/interest-engine/cek-tazminat.service.ts:13 | project/apps/api/src/modules/interest-engine/interest-engine.module.ts:InterestEngineModule.providers","COLLECT_MISSING_EVIDENCE"
"INT-01CD4E38C5A5","DEBTOR / BORÇLU","AddressDiscoveryService","IMPLEMENTED | MERGED","true","true","true","true","2","","false","OPERABLE_UNVERIFIED","NONE","","project/apps/api/src/modules/address-discovery/address-discovery.controller.ts:consumer-reference | project/apps/api/src/modules/address-discovery/address-discovery.module.ts:AddressDiscoveryModule.providers | project/apps/api/src/modules/address-discovery/address-discovery.service.ts:49 | project/apps/api/src/modules/case-debtor-lifecycle-guard/case-debtor-lifecycle-guard.service.ts:consumer-reference","ADD_REPRESENTATIVE_L6_VERIFICATION"
"INT-01FF8524521B","SHARED PLATFORM / INFRASTRUCTURE","RuleEngineService","IMPLEMENTED","true","true","true","true","5","","false","OPERABLE_UNVERIFIED","NONE","","project/apps/api/src/modules/automation/rule-engine.service.ts:consumer-reference | project/apps/api/src/modules/policy-engine/case-policy-engine.service.ts:consumer-reference | project/apps/api/src/modules/policy-engine/deprecated-usage-tracker.service.ts:consumer-reference | project/apps/api/src/modules/policy-engine/index.ts:consumer-reference | project/apps/api/src/modules/policy-engine/policy-engine.module.ts:PolicyEngineModule.providers | project/apps/api/src/modules/policy-engine/rule-engine/index.ts:consumer-reference | project/apps/api/src/modules/policy-engine/rule-engine/rule-engine.service.ts:28","ADD_REPRESENTATIVE_L6_VERIFICATION"
"INT-02083AC9A26C","SHARED PLATFORM / INFRASTRUCTURE","DeprecatedUsageTrackerService","IMPLEMENTED","true","true","true","true","3","","false","OPERABLE_UNVERIFIED","NONE","","project/apps/api/src/modules/automation/rule-engine.service.ts:consumer-reference | project/apps/api/src/modules/policy-engine/deprecated-usage-tracker.service.ts:41 | project/apps/api/src/modules/policy-engine/index.ts:consumer-reference | project/apps/api/src/modules/policy-engine/policy-engine.module.ts:PolicyEngineModule.providers","ADD_REPRESENTATIVE_L6_VERIFICATION"
"INT-025941BF6BAD","DEBTOR / BORÇLU","CaseDebtorLifecycleGuardService","IMPLEMENTED | MERGED","true","true","true","true","13","","false","OPERABLE_UNVERIFIED","NONE","","project/apps/api/src/modules/address-discovery/address-discovery.service.ts:consumer-reference | project/apps/api/src/modules/address-discovery/institution-letter.service.ts:consumer-reference | project/apps/api/src/modules/address-discovery/uyap-query.service.ts:consumer-reference | project/apps/api/src/modules/address-task/address-task-scheduler.service.ts:consumer-reference | project/apps/api/src/modules/address-task/address-task.service.ts:consumer-reference | project/apps/api/src/modules/asset-query/asset-query.service.ts:consumer-reference | project/apps/api/src/modules/automation/workflow-engine.service.ts:consumer-reference | project/apps/api/src/modules/case-debtor-lifecycle-guard/case-debtor-lifecycle-guard.module.ts:CaseDebtorLifecycleGuardModule.providers | project/apps/api/src/modules/case-debtor-lifecycle-guard/case-debtor-lifecycle-guard.service.ts:31 | project/apps/api/src/modules/collection/collection.service.ts:consumer-reference | project/apps/api/src/modules/debtor/address.service.ts:consumer-reference | project/apps/api/src/modules/debtor/case-debtor.service.ts:consumer-reference | project/apps/api/src/modules/debtor/debtor.service.ts:consumer-reference | project/apps/api/src/modules/debtor/third-party.service.ts:consumer-reference | project/apps/api/src/modules/tebligat/tebligat.service.ts:consumer-reference","ADD_REPRESENTATIVE_L6_VERIFICATION"
"INT-04F88591D22B","SHARED PLATFORM / INFRASTRUCTURE","ExchangeRateService","IMPLEMENTED","true","true","true","true","2","","false","OPERABLE_UNVERIFIED","NONE","","project/apps/api/src/modules/exchange-rate/exchange-rate.controller.ts:consumer-reference | project/apps/api/src/modules/exchange-rate/exchange-rate.module.ts:ExchangeRateModule.providers | project/apps/api/src/modules/exchange-rate/exchange-rate.service.ts:21","ADD_REPRESENTATIVE_L6_VERIFICATION"
"INT-05763F53F1D3","SHARED PLATFORM / INFRASTRUCTURE","DistributedLockService","IMPLEMENTED","true","false","false","false","2","","false","CODE_PRESENT_UNBOUND","P2","DistributedLockService production-reachable provider kaydında veya doğrudan construction path'inde bulunamadı.","project/apps/api/src/modules/calc-preview/diagnostics/cleanup/distributed-lock.service.ts:45 | project/apps/api/src/modules/calc-preview/diagnostics/cleanup/index.ts:consumer-reference | project/apps/api/src/modules/policy-engine/case-policy-engine.service.ts:consumer-reference","OWNER_REVIEW_BIND_OR_DISPOSITION"
"INT-05A07BA0D275","UYAP CONNECTOR","UyapService","IMPLEMENTED | MERGED","true","true","true","true","4","","false","BOUND_DORMANT","P2","","project/apps/api/src/modules/scheduler/scheduler.service.ts:consumer-reference | project/apps/api/src/modules/uyap/authority/uyap-authority-stale.error.ts:consumer-reference | project/apps/api/src/modules/uyap/operation-writer/uyap-operation-writer.service.ts:consumer-reference | project/apps/api/src/modules/uyap/uyap.controller.ts:consumer-reference | project/apps/api/src/modules/uyap/uyap.module.ts:UyapModule.providers | project/apps/api/src/modules/uyap/uyap.service.ts:112","VERIFY_ACTIVATION_AUTHORITY_AND_DEPLOYED_VALUE"
"INT-0977AB2F022E","CLIENT / MÜVEKKİL","ClientIntakeReviewService","MERGED","true","true","true","true","1","","false","OPERABLE_UNVERIFIED","NONE","","project/apps/api/src/modules/client-intake-review/client-intake-review.controller.ts:consumer-reference | project/apps/api/src/modules/client-intake-review/client-intake-review.module.ts:ClientIntakeReviewModule.providers | project/apps/api/src/modules/client-intake-review/client-intake-review.service.ts:20","ADD_REPRESENTATIVE_L6_VERIFICATION"
"INT-09A4F2AE3774","SHARED PLATFORM / INFRASTRUCTURE","StateMachineService","IMPLEMENTED","true","true","true","true","3","","false","OPERABLE_UNVERIFIED","NONE","","project/apps/api/src/modules/policy-engine/case-policy-engine.service.ts:consumer-reference | project/apps/api/src/modules/policy-engine/index.ts:consumer-reference | project/apps/api/src/modules/policy-engine/policy-engine.module.ts:PolicyEngineModule.providers | project/apps/api/src/modules/policy-engine/state-machine/index.ts:consumer-reference | project/apps/api/src/modules/policy-engine/state-machine/state-machine.service.ts:32","ADD_REPRESENTATIVE_L6_VERIFICATION"
"INT-0B00F08E0002","UYAP CONNECTOR","CaseLockService","IMPLEMENTED","true","true","true","false","0","","false","ACTIVE_UNREACHABLE","P2","CaseLockService production DI/constructor yüzeyinde mevcut fakat gerçek root consumer bulunamadı.","project/apps/api/src/modules/icrabot/case-lock/case-lock.service.ts:19 | project/apps/api/src/modules/icrabot/icrabot.module.ts:IcrabotModule.providers","WIRE_REAL_ENTRYPOINT_OR_DISPOSITION"
"INT-0B39BF938BD3","SHARED PLATFORM / INFRASTRUCTURE","CalendarService","IMPLEMENTED","true","true","true","true","1","","false","OPERABLE_UNVERIFIED","NONE","","project/apps/api/src/modules/calendar/calendar.controller.ts:consumer-reference | project/apps/api/src/modules/calendar/calendar.module.ts:CalendarModule.providers | project/apps/api/src/modules/calendar/calendar.service.ts:5","ADD_REPRESENTATIVE_L6_VERIFICATION"
"INT-0C157B900F99","SHARED PLATFORM / INFRASTRUCTURE","CaseTaskEscalationService","MERGED","true","true","false","false","5","","false","BOUND_DORMANT","P2","","project/apps/api/src/modules/debtor/debtor-cross-case-notification-task-link.service.ts:consumer-reference | project/apps/api/src/modules/escalation/case-task-escalation-content.ts:consumer-reference | project/apps/api/src/modules/escalation/case-task-escalation-logic.ts:consumer-reference | project/apps/api/src/modules/escalation/case-task-escalation.service.ts:31 | project/apps/api/src/modules/escalation/escalation.module.ts:EscalationModule.providers | project/apps/api/src/modules/escalation/tenant-notifier.service.ts:consumer-reference","VERIFY_ACTIVATION_AUTHORITY_AND_DEPLOYED_VALUE"
"INT-0CC5F7ED810F","DEBTOR / BORÇLU","AddressTaskService","IMPLEMENTED | MERGED","true","true","true","true","3","","false","SUPERSEDED","P3","","project/apps/api/src/modules/address-task/address-task-scheduler.service.ts:consumer-reference | project/apps/api/src/modules/address-task/address-task.controller.ts:consumer-reference | project/apps/api/src/modules/address-task/address-task.module.ts:AddressTaskModule.providers | project/apps/api/src/modules/address-task/address-task.service.ts:53 | project/apps/api/src/modules/case-debtor-lifecycle-guard/case-debtor-lifecycle-guard.service.ts:consumer-reference","PRESERVE_HISTORY_AND_PLAN_SAFE_RETIREMENT"
"INT-0CCA50D3A6C7","CLIENT / MÜVEKKİL","ClientAccountingMovementsReadService","IMPLEMENTED","true","true","true","true","1","","false","OPERABLE_UNVERIFIED","NONE","","project/apps/api/src/modules/client-settlement/client-accounting-movements-read.service.ts:37 | project/apps/api/src/modules/client-settlement/client-accounting.controller.ts:consumer-reference | project/apps/api/src/modules/client-settlement/client-settlement.module.ts:ClientSettlementModule.providers","ADD_REPRESENTATIVE_L6_VERIFICATION"
"INT-0CFDFC002761","SHARED PLATFORM / INFRASTRUCTURE","CasePaymentPreviewService","MERGED","true","true","true","true","1","","false","OPERABLE_UNVERIFIED","NONE","","project/apps/api/src/modules/case/case-payment-preview.controller.ts:consumer-reference | project/apps/api/src/modules/case/case-payment-preview.service.ts:78 | project/apps/api/src/modules/case/case.module.ts:CaseModule.providers","ADD_REPRESENTATIVE_L6_VERIFICATION"
"INT-0D2351B0B699","CLIENT / MÜVEKKİL","ClientAccountingSummaryShadowReportService","IMPLEMENTED | MERGED","true","true","true","true","1","","false","OPERABLE_UNVERIFIED","NONE","","project/apps/api/src/modules/client-settlement/client-accounting-journal-summary-reader.service.ts:consumer-reference | project/apps/api/src/modules/client-settlement/client-accounting-summary-shadow-report.service.ts:989 | project/apps/api/src/modules/client-settlement/client-settlement.module.ts:ClientSettlementModule.providers","ADD_REPRESENTATIVE_L6_VERIFICATION"
"INT-0ED1833E99FD","UYAP CONNECTOR","JobLeasingService","IMPLEMENTED","true","true","true","true","2","","false","OPERABLE_UNVERIFIED","NONE","","project/apps/api/src/modules/icrabot/enterprise/enterprise.controller.ts:consumer-reference | project/apps/api/src/modules/icrabot/enterprise/index.ts:consumer-reference | project/apps/api/src/modules/icrabot/enterprise/job-leasing.service.ts:22 | project/apps/api/src/modules/icrabot/icrabot.module.ts:IcrabotModule.providers","ADD_REPRESENTATIVE_L6_VERIFICATION"
"INT-0F11DD6EF893","SHARED PLATFORM / INFRASTRUCTURE","CaseStatusService","CANONICAL | IMPLEMENTED | MERGED","true","true","true","true","3","","false","OPERABLE_UNVERIFIED","NONE","","project/apps/api/src/modules/case-status/case-status.controller.ts:consumer-reference | project/apps/api/src/modules/case-status/case-status.module.ts:CaseStatusModule.providers | project/apps/api/src/modules/case-status/case-status.service.ts:140 | project/apps/api/src/modules/office-approval/office-approval-executor.service.ts:consumer-reference | project/apps/web/src/components/office-approval/summary/action-behavior-catalog.ts:consumer-reference","ADD_REPRESENTATIVE_L6_VERIFICATION"
"INT-0F2F55F3E90E","SHARED PLATFORM / INFRASTRUCTURE","StageTriggerService","IMPLEMENTED | MERGED","true","true","true","true","1","","false","SUPERSEDED","P3","","project/apps/api/src/modules/stage-trigger/stage-trigger.controller.ts:consumer-reference | project/apps/api/src/modules/stage-trigger/stage-trigger.module.ts:StageTriggerModule.providers | project/apps/api/src/modules/stage-trigger/stage-trigger.service.ts:66","PRESERVE_HISTORY_AND_PLAN_SAFE_RETIREMENT"
"INT-0FB0F7B0F72F","RECEIVABLE / ALACAK","TransactionalClaimItemFormationFinalizerService","MERGED","true","false","false","false","0","","false","INTENTIONALLY_DORMANT","NONE","TransactionalClaimItemFormationFinalizerService production-reachable provider kaydında veya doğrudan construction path'inde bulunamadı.","project/apps/api/src/modules/claim-item/formation-finalizer/transactional-claim-item-formation-finalizer.service.ts:78","PRESERVE_DORMANT_CONTRACT"
"INT-101890A31EE1","DEBTOR / BORÇLU","ServiceOccurrenceDeadlineCalculationService","MERGED","true","true","true","true","3","","false","SUPERSEDED","P3","","project/apps/api/src/modules/legal-deadline/legal-deadline.module.ts:LegalDeadlineModule.providers | project/apps/api/src/modules/legal-deadline/service-occurrence-deadline-calculation.errors.ts:consumer-reference | project/apps/api/src/modules/legal-deadline/service-occurrence-deadline-calculation.service.ts:54 | project/apps/api/src/modules/legal-deadline/service-occurrence-deadline-rule.ts:consumer-reference | project/apps/api/src/modules/tebligat/service-occurrence/service-occurrence-recorded.consumer.ts:consumer-reference","PRESERVE_HISTORY_AND_PLAN_SAFE_RETIREMENT"
"INT-103E1E410946","SHARED PLATFORM / INFRASTRUCTURE","ExpenseRequestService","IMPLEMENTED | MERGED","true","true","true","true","5","","false","OPERABLE_UNVERIFIED","NONE","","project/apps/api/src/modules/automation/workflow-engine.service.ts:consumer-reference | project/apps/api/src/modules/case-balance/case-balance.service.ts:consumer-reference | project/apps/api/src/modules/case/case.service.ts:consumer-reference | project/apps/api/src/modules/expense-request/expense-request.controller.ts:consumer-reference | project/apps/api/src/modules/expense-request/expense-request.module.ts:ExpenseRequestModule.providers | project/apps/api/src/modules/expense-request/expense-request.service.ts:100 | project/apps/api/src/scripts/apply-expense-approval-backfill.ts:consumer-reference","ADD_REPRESENTATIVE_L6_VERIFICATION"
"INT-112E233CF828","RECEIVABLE / ALACAK","PolicyGateV2Service","IMPLEMENTED","true","true","","true","4","","false","UNKNOWN_REQUIRES_EVIDENCE","NONE","","project/apps/api/src/modules/interest-engine/interest-engine.module.ts:InterestEngineModule.providers | project/apps/api/src/modules/interest-engine/interest-engine.service.ts:consumer-reference | project/apps/api/src/modules/interest-engine/policy-gate/policy-gate-v2.service.ts:52 | project/apps/api/src/modules/interest-engine/scenario-diagnostic/golden-fixture-unit-runner.ts:consumer-reference | project/apps/api/src/modules/interest-engine/scenario-diagnostic/scenario-diagnostic-runner.ts:consumer-reference | project/apps/api/src/scripts/adr014-rep-02-local-execution.ts:consumer-reference","COLLECT_MISSING_EVIDENCE"
"INT-11ED82E40CCB","SHARED PLATFORM / INFRASTRUCTURE","ErrorFloodGuard","MERGED","true","true","true","true","1","","false","BOUND_DORMANT","P2","","project/apps/api/src/modules/error-log/error-log.module.ts:ErrorLogModule.providers | project/apps/api/src/modules/error-log/filters/all-exceptions.filter.ts:consumer-reference | project/apps/api/src/modules/error-log/internal/error-flood-guard.ts:7","VERIFY_ACTIVATION_AUTHORITY_AND_DEPLOYED_VALUE"
"INT-11FC4551CB72","UYAP CONNECTOR","PlanLoaderService","IMPLEMENTED","true","true","true","true","1","","false","OPERABLE_UNVERIFIED","NONE","","project/apps/api/src/modules/icrabot/icrabot.module.ts:IcrabotModule.providers | project/apps/api/src/modules/icrabot/plan/plan-loader.service.ts:105 | project/apps/api/src/modules/icrabot/scheduler/orchestrator-v30.service.ts:consumer-reference","ADD_REPRESENTATIVE_L6_VERIFICATION"
"INT-121A56E86C8A","SHARED PLATFORM / INFRASTRUCTURE","OcrService","CANONICAL | IMPLEMENTED | MERGED","true","true","false","false","2","","false","BOUND_DORMANT","P2","","project/apps/api/src/modules/case/case.controller.ts:consumer-reference | project/apps/api/src/modules/ocr/ocr.controller.ts:consumer-reference | project/apps/api/src/modules/ocr/ocr.module.ts:OcrModule.providers | project/apps/api/src/modules/ocr/ocr.service.ts:691","VERIFY_ACTIVATION_AUTHORITY_AND_DEPLOYED_VALUE"
"INT-12951678C756","CLIENT / MÜVEKKİL","PortalAuthGuard","IMPLEMENTED | MERGED","true","true","","true","1","","false","UNKNOWN_REQUIRES_EVIDENCE","NONE","","project/apps/api/src/modules/portal/portal-auth.guard.ts:14 | project/apps/api/src/modules/portal/portal.controller.ts:consumer-reference | project/apps/api/src/modules/portal/portal.module.ts:PortalModule.providers","COLLECT_MISSING_EVIDENCE"
"INT-13396789FCC2","SHARED PLATFORM / INFRASTRUCTURE","TenantContextGuard","IMPLEMENTED","true","false","false","false","4","","false","CODE_PRESENT_UNBOUND","P2","TenantContextGuard production-reachable provider kaydında veya doğrudan construction path'inde bulunamadı.","project/apps/api/src/modules/calc-preview/break-glass/controllers/cross-tenant-access.controller.ts:consumer-reference | project/apps/api/src/modules/calc-preview/break-glass/guards/break-glass-grant.guard.ts:consumer-reference | project/apps/api/src/modules/calc-preview/break-glass/interceptors/cross-tenant-access.interceptor.ts:consumer-reference | project/apps/api/src/modules/calc-preview/tenant-context/index.ts:consumer-reference | project/apps/api/src/modules/calc-preview/tenant-context/tenant-context.guard.ts:48","OWNER_REVIEW_BIND_OR_DISPOSITION"
"INT-15C274B97303","UYAP CONNECTOR","TaskOrchestratorService","IMPLEMENTED | MERGED","true","true","true","true","3","","false","OPERABLE_UNVERIFIED","NONE","","project/apps/api/src/modules/icrabot/icrabot.module.ts:IcrabotModule.providers | project/apps/api/src/modules/icrabot/icrabot.service.ts:consumer-reference | project/apps/api/src/modules/icrabot/index.ts:consumer-reference | project/apps/api/src/modules/icrabot/task-orchestrator.service.ts:23","ADD_REPRESENTATIVE_L6_VERIFICATION"
"INT-15E90F1D8CB5","SHARED PLATFORM / INFRASTRUCTURE","CalcPreviewService","IMPLEMENTED","true","true","true","true","1","","false","OPERABLE_UNVERIFIED","NONE","","project/apps/api/src/modules/calc-preview/calc-preview.controller.ts:consumer-reference | project/apps/api/src/modules/calc-preview/calc-preview.module.ts:CalcPreviewModule.providers | project/apps/api/src/modules/calc-preview/calc-preview.service.ts:74","ADD_REPRESENTATIVE_L6_VERIFICATION"
"INT-160F2BDB7C44","UYAP CONNECTOR","IcrabotV28DevSurfaceGuard","MERGED","true","true","true","true","1","","false","OPERABLE_UNVERIFIED","NONE","","project/apps/api/src/modules/icrabot/v28-engine/guards/v28-surface.guard.ts:28 | project/apps/api/src/modules/icrabot/v28-engine/v28-engine.controller.ts:consumer-reference","ADD_REPRESENTATIVE_L6_VERIFICATION"
"INT-190D060363A0","UYAP CONNECTOR","ComputeModulesService","IMPLEMENTED","true","true","true","true","1","","false","OPERABLE_UNVERIFIED","NONE","","project/apps/api/src/modules/icrabot/compute/compute-modules.service.ts:52 | project/apps/api/src/modules/icrabot/decision/decision-engine-v2.service.ts:consumer-reference | project/apps/api/src/modules/icrabot/icrabot.module.ts:IcrabotModule.providers","ADD_REPRESENTATIVE_L6_VERIFICATION"
"INT-19673A2C3302","SHARED PLATFORM / INFRASTRUCTURE","BankSettlementEvidenceWriterService","IMPLEMENTED","true","true","true","false","0","","false","ACTIVE_UNREACHABLE","P2","BankSettlementEvidenceWriterService production DI/constructor yüzeyinde mevcut fakat gerçek root consumer bulunamadı.","project/apps/api/src/modules/bank/bank-settlement-evidence-writer.service.ts:54 | project/apps/api/src/modules/bank/bank.module.ts:BankModule.providers","WIRE_REAL_ENTRYPOINT_OR_DISPOSITION"
"INT-198D4A73BE9A","SHARED PLATFORM / INFRASTRUCTURE","BreakGlassApprovalService","IMPLEMENTED","true","false","false","false","2","","false","CODE_PRESENT_UNBOUND","P2","BreakGlassApprovalService production-reachable provider kaydında veya doğrudan construction path'inde bulunamadı.","project/apps/api/src/modules/calc-preview/break-glass/controllers/break-glass.controller.ts:consumer-reference | project/apps/api/src/modules/calc-preview/break-glass/services/approval/approval.service.ts:53 | project/apps/api/src/modules/calc-preview/break-glass/services/approval/index.ts:consumer-reference","OWNER_REVIEW_BIND_OR_DISPOSITION"
"INT-19EAA5E28686","DEBTOR / BORÇLU","LegalTimeShadowService","MERGED","true","true","false","false","1","","false","BOUND_DORMANT","P2","","project/apps/api/src/modules/legal-time-shadow/legal-time-shadow.controller.ts:consumer-reference | project/apps/api/src/modules/legal-time-shadow/legal-time-shadow.module.ts:LegalTimeShadowModule.providers | project/apps/api/src/modules/legal-time-shadow/legal-time-shadow.service.ts:41","VERIFY_ACTIVATION_AUTHORITY_AND_DEPLOYED_VALUE"
"INT-1A3AE409E0BE","UYAP CONNECTOR","UyapAuthoritySnapshotService","MERGED","true","true","true","true","2","","false","OPERABLE_UNVERIFIED","NONE","","project/apps/api/src/modules/uyap/authority/uyap-authority-snapshot.service.ts:77 | project/apps/api/src/modules/uyap/operation-writer/uyap-operation-evidence.orchestrator.ts:consumer-reference | project/apps/api/src/modules/uyap/uyap.module.ts:UyapModule.providers | project/apps/api/src/modules/uyap/uyap.service.ts:consumer-reference","ADD_REPRESENTATIVE_L6_VERIFICATION"
"INT-1A75EA92AF86","SHARED PLATFORM / INFRASTRUCTURE","EmailProviderService","IMPLEMENTED","true","true","","true","7","","false","UNKNOWN_REQUIRES_EVIDENCE","NONE","","project/apps/api/src/modules/address-discovery/client-info-request.service.ts:consumer-reference | project/apps/api/src/modules/auth/invite/user-invite.service.ts:consumer-reference | project/apps/api/src/modules/auth/password-reset/password-reset.service.ts:consumer-reference | project/apps/api/src/modules/client-financial-disclosure/client-financial-disclosure-publication.contract.ts:consumer-reference | project/apps/api/src/modules/client-financial-disclosure/client-financial-disclosure-publication.service.ts:consumer-reference | project/apps/api/src/modules/expense-request/expense-notification.service.ts:consumer-reference | project/apps/api/src/modules/notification/email-provider.service.ts:57 | project/apps/api/src/modules/notification/notification.module.ts:NotificationModule.providers | project/apps/api/src/modules/portal/portal.service.ts:consumer-reference","COLLECT_MISSING_EVIDENCE"
"INT-1A889F52C4A9","SHARED PLATFORM / INFRASTRUCTURE","ErrorLogRetentionService","MERGED","true","true","true","true","1","","false","OPERABLE_UNVERIFIED","NONE","","project/apps/api/src/modules/error-log/error-log.module.ts:ErrorLogModule.providers | project/apps/api/src/modules/error-log/retention/error-log-retention.service.ts:17","ADD_REPRESENTATIVE_L6_VERIFICATION"
"INT-1A8E983DC2D1","CLIENT / MÜVEKKİL","ClientIntakePromotionService","MERGED","true","true","true","true","1","","false","OPERABLE_UNVERIFIED","NONE","","project/apps/api/src/modules/client-intake-promotion/client-intake-promotion.controller.ts:consumer-reference | project/apps/api/src/modules/client-intake-promotion/client-intake-promotion.module.ts:ClientIntakePromotionModule.providers | project/apps/api/src/modules/client-intake-promotion/client-intake-promotion.service.ts:69","ADD_REPRESENTATIVE_L6_VERIFICATION"
"INT-1B0B29C49286","RECEIVABLE / ALACAK","TBK100AllocatorService","IMPLEMENTED","true","true","","true","6","","false","UNKNOWN_REQUIRES_EVIDENCE","NONE","","project/apps/api/src/modules/interest-engine/allocation/allocation-engine.service.ts:consumer-reference | project/apps/api/src/modules/interest-engine/allocation/index.ts:consumer-reference | project/apps/api/src/modules/interest-engine/allocation/tbk100-allocator.service.ts:92 | project/apps/api/src/modules/interest-engine/interest-engine.module.ts:InterestEngineModule.providers | project/apps/api/src/modules/interest-engine/scenario-diagnostic/golden-fixture-unit-runner.ts:consumer-reference | project/apps/api/src/modules/interest-engine/scenario-diagnostic/scenario-diagnostic-runner.ts:consumer-reference | project/apps/api/src/modules/summary-engine/summary-engine.service.ts:consumer-reference | project/apps/api/src/scripts/adr014-rep-02-local-execution.ts:consumer-reference","COLLECT_MISSING_EVIDENCE"
"INT-1BAE5FE38D92","DEBTOR / BORÇLU","DebtorCommunicationService","IMPLEMENTED","true","true","true","true","1","","false","OPERABLE_UNVERIFIED","NONE","","project/apps/api/src/modules/debtor/communication.controller.ts:consumer-reference | project/apps/api/src/modules/debtor/communication.service.ts:15 | project/apps/api/src/modules/debtor/debtor.module.ts:DebtorModule.providers","ADD_REPRESENTATIVE_L6_VERIFICATION"
"INT-1BB2D44E8A51","SHARED PLATFORM / INFRASTRUCTURE","PublicInstitutionService","IMPLEMENTED","true","true","true","true","1","","false","OPERABLE_UNVERIFIED","NONE","","project/apps/api/src/modules/public-institution/public-institution.controller.ts:consumer-reference | project/apps/api/src/modules/public-institution/public-institution.module.ts:PublicInstitutionModule.providers | project/apps/api/src/modules/public-institution/public-institution.service.ts:6","ADD_REPRESENTATIVE_L6_VERIFICATION"
"INT-1C4C43F4605E","RECEIVABLE / ALACAK","PrismaAuditService","IMPLEMENTED","true","true","","false","0","","false","UNKNOWN_REQUIRES_EVIDENCE","NONE","PrismaAuditService production DI/constructor yüzeyinde mevcut fakat gerçek root consumer bulunamadı.","project/apps/api/src/modules/interest-engine/audit/prisma-audit.service.ts:64 | project/apps/api/src/modules/interest-engine/interest-engine.module.ts:InterestEngineModule.providers","COLLECT_MISSING_EVIDENCE"
"INT-1EBA68D47E11","UYAP CONNECTOR","DegradedModeService","IMPLEMENTED","true","true","true","false","0","","false","ACTIVE_UNREACHABLE","P2","DegradedModeService production DI/constructor yüzeyinde mevcut fakat gerçek root consumer bulunamadı.","project/apps/api/src/modules/icrabot/degraded-mode/degraded-mode.service.ts:27 | project/apps/api/src/modules/icrabot/icrabot.module.ts:IcrabotModule.providers","WIRE_REAL_ENTRYPOINT_OR_DISPOSITION"
"INT-1EBE1D6EC7BC","SHARED PLATFORM / INFRASTRUCTURE","EvidenceAggregatorService","IMPLEMENTED","true","false","false","false","0","","false","CODE_PRESENT_UNBOUND","P2","EvidenceAggregatorService production-reachable provider kaydında veya doğrudan construction path'inde bulunamadı.","project/apps/api/src/modules/calc-preview/diagnostics/evidence/evidence-aggregator.service.ts:39","OWNER_REVIEW_BIND_OR_DISPOSITION"
"INT-1F8DF64CBF69","SHARED PLATFORM / INFRASTRUCTURE","ManifestRetryWorkerService","IMPLEMENTED","true","false","false","false","2","","false","CODE_PRESENT_UNBOUND","P2","ManifestRetryWorkerService production-reachable provider kaydında veya doğrudan construction path'inde bulunamadı.","project/apps/api/src/modules/calc-preview/diagnostics/object-store/manifest-retry/index.ts:consumer-reference | project/apps/api/src/modules/calc-preview/diagnostics/object-store/manifest-retry/manifest-retry-worker.service.ts:165","OWNER_REVIEW_BIND_OR_DISPOSITION"
"INT-2028C35F48A9","CLIENT / MÜVEKKİL","ClientApprovalService","MERGED","true","true","true","true","1","","false","OPERABLE_UNVERIFIED","NONE","","project/apps/api/src/modules/client-approval/client-approval.controller.ts:consumer-reference | project/apps/api/src/modules/client-approval/client-approval.module.ts:ClientApprovalModule.providers | project/apps/api/src/modules/client-approval/client-approval.service.ts:38","ADD_REPRESENTATIVE_L6_VERIFICATION"
"INT-202E7ADC4290","SHARED PLATFORM / INFRASTRUCTURE","TariffService","CLOSED | IMPLEMENTED","true","true","true","true","3","","false","OPERABLE_UNVERIFIED","NONE","","project/apps/api/src/modules/expense-request/expense-calculator.service.ts:consumer-reference | project/apps/api/src/modules/fee-engine/fee-engine.module.ts:FeeEngineModule.providers | project/apps/api/src/modules/tariff/tariff.controller.ts:consumer-reference | project/apps/api/src/modules/tariff/tariff.module.ts:TariffModule.providers | project/apps/api/src/modules/tariff/tariff.service.ts:69","ADD_REPRESENTATIVE_L6_VERIFICATION"
"INT-20A703AE0594","SHARED PLATFORM / INFRASTRUCTURE","DocumentTemplateService","IMPLEMENTED | MERGED","true","true","true","true","1","","false","OPERABLE_UNVERIFIED","NONE","","project/apps/api/src/modules/document/document-template.service.ts:64 | project/apps/api/src/modules/document/document.controller.ts:consumer-reference | project/apps/api/src/modules/document/document.module.ts:DocumentModule.providers","ADD_REPRESENTATIVE_L6_VERIFICATION"
"INT-239928C40A3C","UYAP CONNECTOR","BundleService","IMPLEMENTED","true","true","true","true","3","","false","OPERABLE_UNVERIFIED","NONE","","project/apps/api/src/modules/icrabot/bundle/bundle.controller.ts:consumer-reference | project/apps/api/src/modules/icrabot/bundle/bundle.service.ts:39 | project/apps/api/src/modules/icrabot/icrabot.module.ts:IcrabotModule.providers | project/apps/api/src/modules/icrabot/runner/recipe-runner.service.ts:consumer-reference | project/apps/api/src/modules/icrabot/scheduler/scheduler.service.ts:consumer-reference","ADD_REPRESENTATIVE_L6_VERIFICATION"
"INT-241DB773E0E1","SHARED PLATFORM / INFRASTRUCTURE","IdempotencyGateInterceptor","IMPLEMENTED","true","false","false","false","2","","false","CODE_PRESENT_UNBOUND","P2","IdempotencyGateInterceptor production-reachable provider kaydında veya doğrudan construction path'inde bulunamadı.","project/apps/api/src/modules/calc-preview/diagnostics/object-store/manifest-retry/idempotency/idempotency-gate.interceptor.ts:108 | project/apps/api/src/modules/calc-preview/diagnostics/object-store/manifest-retry/idempotency/idempotency.decorators.ts:consumer-reference | project/apps/api/src/modules/calc-preview/diagnostics/object-store/manifest-retry/manifest-admin.controller.ts:consumer-reference","OWNER_REVIEW_BIND_OR_DISPOSITION"
"INT-243A55983BA6","UYAP CONNECTOR","IcrabotService","IMPLEMENTED | MERGED","true","true","true","true","2","","false","OPERABLE_UNVERIFIED","NONE","","project/apps/api/src/modules/icrabot/icrabot.controller.ts:consumer-reference | project/apps/api/src/modules/icrabot/icrabot.module.ts:IcrabotModule.providers | project/apps/api/src/modules/icrabot/icrabot.service.ts:22 | project/apps/api/src/modules/icrabot/task-orchestrator.service.ts:consumer-reference","ADD_REPRESENTATIVE_L6_VERIFICATION"
"INT-2458E64ED157","SHARED PLATFORM / INFRASTRUCTURE","FailoverHandler","IMPLEMENTED","true","false","false","false","2","","false","CODE_PRESENT_UNBOUND","P2","FailoverHandler production-reachable provider kaydında veya doğrudan construction path'inde bulunamadı.","project/apps/api/src/modules/calc-preview/diagnostics/simulation-api/redis/failover-handler.ts:60 | project/apps/api/src/modules/calc-preview/diagnostics/simulation-api/redis/index.ts:consumer-reference","OWNER_REVIEW_BIND_OR_DISPOSITION"
"INT-24927C06937C","UYAP CONNECTOR","UyapEventIngestService","IMPLEMENTED | MERGED","true","true","true","true","4","","false","OPERABLE_UNVERIFIED","NONE","","project/apps/api/src/modules/icrabot/v28-engine/index.ts:consumer-reference | project/apps/api/src/modules/icrabot/v28-engine/scenario-harness.service.ts:consumer-reference | project/apps/api/src/modules/icrabot/v28-engine/tenant-resolver.ts:consumer-reference | project/apps/api/src/modules/icrabot/v28-engine/uyap-event-ingest.service.ts:39 | project/apps/api/src/modules/icrabot/v28-engine/v28-engine.controller.ts:consumer-reference | project/apps/api/src/modules/icrabot/v28-engine/v28-engine.module.ts:V28EngineModule.providers","ADD_REPRESENTATIVE_L6_VERIFICATION"
"INT-256341B22B47","UYAP CONNECTOR","RecipeService","IMPLEMENTED","true","true","true","true","3","","false","OPERABLE_UNVERIFIED","NONE","","project/apps/api/src/modules/icrabot/icrabot.module.ts:IcrabotModule.providers | project/apps/api/src/modules/icrabot/icrabot.service.ts:consumer-reference | project/apps/api/src/modules/icrabot/index.ts:consumer-reference | project/apps/api/src/modules/icrabot/recipe.service.ts:20 | project/apps/api/src/modules/icrabot/task-orchestrator.service.ts:consumer-reference","ADD_REPRESENTATIVE_L6_VERIFICATION"
"INT-269662C78360","SHARED PLATFORM / INFRASTRUCTURE","PoaExpiryDeliveryService","MERGED","true","true","true","true","2","","false","OPERABLE_UNVERIFIED","NONE","","project/apps/api/src/modules/automation/automation.module.ts:AutomationModule.providers | project/apps/api/src/modules/automation/automation.service.ts:consumer-reference | project/apps/api/src/modules/automation/poa-expiry-delivery.service.ts:73 | project/apps/api/src/modules/client/client.module.ts:ClientModule.providers | project/apps/api/src/modules/client/client.service.ts:consumer-reference","ADD_REPRESENTATIVE_L6_VERIFICATION"
"INT-26E0EEE47F55","SHARED PLATFORM / INFRASTRUCTURE","PlaybookAuditService","IMPLEMENTED","true","false","false","false","2","","false","CODE_PRESENT_UNBOUND","P2","PlaybookAuditService production-reachable provider kaydında veya doğrudan construction path'inde bulunamadı.","project/apps/api/src/modules/calc-preview/diagnostics/playbook/index.ts:consumer-reference | project/apps/api/src/modules/calc-preview/diagnostics/playbook/playbook-audit.service.ts:33 | project/apps/api/src/modules/calc-preview/diagnostics/playbook/playbook.service.ts:consumer-reference","OWNER_REVIEW_BIND_OR_DISPOSITION"
"INT-27581E7B599B","SHARED PLATFORM / INFRASTRUCTURE","TraceRetentionService","IMPLEMENTED","true","false","false","false","0","","false","CODE_PRESENT_UNBOUND","P2","TraceRetentionService production-reachable provider kaydında veya doğrudan construction path'inde bulunamadı.","project/apps/api/src/modules/calc-preview/trace/trace-retention.service.ts:75","OWNER_REVIEW_BIND_OR_DISPOSITION"
"INT-275895468AFB","UYAP CONNECTOR","OrchestratorV30Service","IMPLEMENTED","true","true","true","false","0","","false","ACTIVE_UNREACHABLE","P2","OrchestratorV30Service production DI/constructor yüzeyinde mevcut fakat gerçek root consumer bulunamadı.","project/apps/api/src/modules/icrabot/icrabot.module.ts:IcrabotModule.providers | project/apps/api/src/modules/icrabot/scheduler/orchestrator-v30.service.ts:27","WIRE_REAL_ENTRYPOINT_OR_DISPOSITION"
"INT-279A48EED38C","SHARED PLATFORM / INFRASTRUCTURE","DiagnosticsService","IMPLEMENTED","true","true","true","true","2","","false","OPERABLE_UNVERIFIED","NONE","","project/apps/api/src/modules/calc-preview/diagnostics/diagnostics.controller.ts:consumer-reference | project/apps/api/src/modules/calc-preview/diagnostics/diagnostics.module.ts:DiagnosticsModule.providers | project/apps/api/src/modules/calc-preview/diagnostics/diagnostics.service.ts:58 | project/apps/api/src/modules/calc-preview/diagnostics/index.ts:consumer-reference","ADD_REPRESENTATIVE_L6_VERIFICATION"
"INT-27F9C8F7BBDC","UYAP CONNECTOR","UyapCpeDecisionLinkWriterService","MERGED","true","true","true","true","1","","false","BOUND_DORMANT","P2","","project/apps/api/src/modules/uyap/operation-writer/uyap-cpe-decision-link-writer.service.ts:41 | project/apps/api/src/modules/uyap/operation-writer/uyap-operation-evidence.orchestrator.ts:consumer-reference | project/apps/api/src/modules/uyap/uyap.module.ts:UyapModule.providers","VERIFY_ACTIVATION_AUTHORITY_AND_DEPLOYED_VALUE"
"INT-287399E189C5","OFFICE / AVUKAT-PERSONEL","OfficeService","IMPLEMENTED | MERGED","true","true","true","true","7","","false","OPERABLE_UNVERIFIED","NONE","","project/apps/api/src/modules/client-approval/client-approval.service.ts:consumer-reference | project/apps/api/src/modules/client-intake-link/client-intake-link.service.ts:consumer-reference | project/apps/api/src/modules/client-notification/client-notification.service.ts:consumer-reference | project/apps/api/src/modules/client-statement/client-statement.service.ts:consumer-reference | project/apps/api/src/modules/escalation/tenant-notifier.service.ts:consumer-reference | project/apps/api/src/modules/expense-request/expense-request.service.ts:consumer-reference | project/apps/api/src/modules/office/office.controller.ts:consumer-reference | project/apps/api/src/modules/office/office.module.ts:OfficeModule.providers | project/apps/api/src/modules/office/office.service.ts:12","ADD_REPRESENTATIVE_L6_VERIFICATION"
"INT-29C9D40F349D","SHARED PLATFORM / INFRASTRUCTURE","BreakGlassKillSwitchGuard","IMPLEMENTED","true","false","false","false","4","","false","CODE_PRESENT_UNBOUND","P2","BreakGlassKillSwitchGuard production-reachable provider kaydında veya doğrudan construction path'inde bulunamadı.","project/apps/api/src/modules/calc-preview/break-glass/controllers/break-glass.controller.ts:consumer-reference | project/apps/api/src/modules/calc-preview/break-glass/controllers/cross-tenant-access.controller.ts:consumer-reference | project/apps/api/src/modules/calc-preview/break-glass/guards/index.ts:consumer-reference | project/apps/api/src/modules/calc-preview/break-glass/guards/kill-switch.guard.ts:20 | project/apps/api/src/modules/calc-preview/break-glass/index.ts:consumer-reference","OWNER_REVIEW_BIND_OR_DISPOSITION"
"INT-2AC26D1ACB3F","UYAP CONNECTOR","AuditReportService","IMPLEMENTED","true","true","true","true","1","","false","OPERABLE_UNVERIFIED","NONE","","project/apps/api/src/modules/icrabot/admin/admin.controller.ts:consumer-reference | project/apps/api/src/modules/icrabot/admin/audit-report.service.ts:27 | project/apps/api/src/modules/icrabot/icrabot.module.ts:IcrabotModule.providers","ADD_REPRESENTATIVE_L6_VERIFICATION"
"INT-2C570E829954","SHARED PLATFORM / INFRASTRUCTURE","IdempotencyTakeoverLimiterService","IMPLEMENTED","true","false","false","false","2","","false","CODE_PRESENT_UNBOUND","P2","IdempotencyTakeoverLimiterService production-reachable provider kaydında veya doğrudan construction path'inde bulunamadı.","project/apps/api/src/modules/calc-preview/diagnostics/object-store/manifest-retry/idempotency/idempotency-gate.interceptor.ts:consumer-reference | project/apps/api/src/modules/calc-preview/diagnostics/object-store/manifest-retry/idempotency/idempotency-takeover-limiter.service.ts:62","OWNER_REVIEW_BIND_OR_DISPOSITION"
"INT-2D535BFBE8A9","SHARED PLATFORM / INFRASTRUCTURE","ManifestRetryMetricsService","IMPLEMENTED","true","false","false","false","0","","false","CODE_PRESENT_UNBOUND","P2","ManifestRetryMetricsService production-reachable provider kaydında veya doğrudan construction path'inde bulunamadı.","project/apps/api/src/modules/calc-preview/diagnostics/object-store/manifest-retry/manifest-retry-metrics.service.ts:114","OWNER_REVIEW_BIND_OR_DISPOSITION"
"INT-2DBDC0B99AAD","RECEIVABLE / ALACAK","ClaimItemWriterRouterService","CANONICAL | MERGED","true","true","true","true","3","","false","OPERABLE_UNVERIFIED","NONE","","project/apps/api/src/modules/case/case.service.ts:consumer-reference | project/apps/api/src/modules/claim-item/claim-item-writer-router.service.ts:79 | project/apps/api/src/modules/claim-item/claim-item.module.ts:ClaimItemModule.providers | project/apps/api/src/modules/claim-item/claim-item.service.ts:consumer-reference | project/apps/api/src/modules/precautionary-order/precautionary-order.service.ts:consumer-reference","ADD_REPRESENTATIVE_L6_VERIFICATION"
"INT-2DFCD2B5CF31","UYAP CONNECTOR","WeeklyExportService","IMPLEMENTED","true","true","true","true","1","","false","OPERABLE_UNVERIFIED","NONE","","project/apps/api/src/modules/icrabot/icrabot.module.ts:IcrabotModule.providers | project/apps/api/src/modules/icrabot/mvp/mvp.controller.ts:consumer-reference | project/apps/api/src/modules/icrabot/mvp/weekly-export.service.ts:32","ADD_REPRESENTATIVE_L6_VERIFICATION"
"INT-2E04E6AB92BD","OFFICE / AVUKAT-PERSONEL","ActingLawyerResolverService","CANONICAL | MERGED","true","true","true","true","4","","false","OPERABLE_UNVERIFIED","NONE","","project/apps/api/src/modules/lawyer/acting-lawyer-resolver.service.ts:48 | project/apps/api/src/modules/lawyer/lawyer.module.ts:LawyerModule.providers | project/apps/api/src/modules/policy-engine/types/policy-decision.interface.ts:consumer-reference | project/apps/api/src/modules/uyap/authority/uyap-authority-fact.provider.ts:consumer-reference | project/apps/api/src/modules/uyap/authority/uyap-authority-snapshot.service.ts:consumer-reference | project/apps/api/src/modules/uyap/authority/uyap-send-authority.types.ts:consumer-reference","ADD_REPRESENTATIVE_L6_VERIFICATION"
"INT-2E4A318C5F3D","SHARED PLATFORM / INFRASTRUCTURE","ResponsibilityHistoryService","MERGED","true","true","true","true","1","","false","OPERABLE_UNVERIFIED","NONE","","project/apps/api/src/modules/case/case.controller.ts:consumer-reference | project/apps/api/src/modules/case/case.module.ts:CaseModule.providers | project/apps/api/src/modules/case/responsibility-history.service.ts:56","ADD_REPRESENTATIVE_L6_VERIFICATION"
"INT-2FA39823C5FA","OFFICE / AVUKAT-PERSONEL","LawyerService","IMPLEMENTED | MERGED","true","true","true","true","5","","false","OPERABLE_UNVERIFIED","NONE","","project/apps/api/src/modules/case/case.service.ts:consumer-reference | project/apps/api/src/modules/client-intel-statement/client-intel-statement.service.ts:consumer-reference | project/apps/api/src/modules/debtor/case-debtor.service.ts:consumer-reference | project/apps/api/src/modules/lawyer/lawyer.controller.ts:consumer-reference | project/apps/api/src/modules/lawyer/lawyer.module.ts:LawyerModule.providers | project/apps/api/src/modules/lawyer/lawyer.service.ts:71 | project/apps/api/src/modules/poa/poa.service.ts:consumer-reference","ADD_REPRESENTATIVE_L6_VERIFICATION"
"INT-2FFF74672109","SHARED PLATFORM / INFRASTRUCTURE","IdempotencyGateService","IMPLEMENTED","true","false","false","false","1","","false","CODE_PRESENT_UNBOUND","P2","IdempotencyGateService production-reachable provider kaydında veya doğrudan construction path'inde bulunamadı.","project/apps/api/src/modules/calc-preview/diagnostics/object-store/manifest-retry/idempotency/idempotency-gate.interceptor.ts:consumer-reference | project/apps/api/src/modules/calc-preview/diagnostics/object-store/manifest-retry/idempotency/idempotency-gate.service.ts:49","OWNER_REVIEW_BIND_OR_DISPOSITION"
"INT-304B03B8FB86","UYAP CONNECTOR","PttTrackingService","IMPLEMENTED","true","true","true","true","1","","false","OPERABLE_UNVERIFIED","NONE","","project/apps/api/src/modules/tebligat/ptt-tracking.service.ts:50 | project/apps/api/src/modules/tebligat/tebligat.controller.ts:consumer-reference | project/apps/api/src/modules/tebligat/tebligat.module.ts:TebligatModule.providers","ADD_REPRESENTATIVE_L6_VERIFICATION"
"INT-3088A4E19930","AUTH / TENANT / SECURITY","UserInviteService","MERGED","true","true","false","false","1","","false","BOUND_DORMANT","P2","","project/apps/api/src/modules/auth/auth.module.ts:AuthModule.providers | project/apps/api/src/modules/auth/invite/user-invite.controller.ts:consumer-reference | project/apps/api/src/modules/auth/invite/user-invite.service.ts:24","VERIFY_ACTIVATION_AUTHORITY_AND_DEPLOYED_VALUE"
"INT-3092E58F8590","SHARED PLATFORM / INFRASTRUCTURE","GreetingService","IMPLEMENTED | MERGED","true","true","true","true","2","","false","OPERABLE_UNVERIFIED","NONE","","project/apps/api/src/modules/greeting/greeting.controller.ts:consumer-reference | project/apps/api/src/modules/greeting/greeting.module.ts:GreetingModule.providers | project/apps/api/src/modules/greeting/greeting.service.ts:56","ADD_REPRESENTATIVE_L6_VERIFICATION"
"INT-31D483E4AB9F","SHARED PLATFORM / INFRASTRUCTURE","BreakGlassApproverGuard","IMPLEMENTED","true","false","false","false","3","","false","CODE_PRESENT_UNBOUND","P2","BreakGlassApproverGuard production-reachable provider kaydında veya doğrudan construction path'inde bulunamadı.","project/apps/api/src/modules/calc-preview/break-glass/controllers/break-glass.controller.ts:consumer-reference | project/apps/api/src/modules/calc-preview/break-glass/guards/index.ts:consumer-reference | project/apps/api/src/modules/calc-preview/break-glass/guards/internal-ops.guard.ts:85 | project/apps/api/src/modules/calc-preview/break-glass/index.ts:consumer-reference","OWNER_REVIEW_BIND_OR_DISPOSITION"
"INT-3245BD5442F7","RECEIVABLE / ALACAK","InterestEngineService","IMPLEMENTED | MERGED","true","true","","true","8","","false","UNKNOWN_REQUIRES_EVIDENCE","NONE","","project/apps/api/src/modules/calc-preview/calc-preview.service.ts:consumer-reference | project/apps/api/src/modules/case/case.service.ts:consumer-reference | project/apps/api/src/modules/claim-item/claim-item.service.ts:consumer-reference | project/apps/api/src/modules/interest-engine/interest-engine.controller.ts:consumer-reference | project/apps/api/src/modules/interest-engine/interest-engine.module.ts:InterestEngineModule.providers | project/apps/api/src/modules/interest-engine/interest-engine.service.ts:64 | project/apps/api/src/modules/interest-engine/orchestration/case-balance.service.ts:consumer-reference | project/apps/api/src/modules/interest-engine/scenario-diagnostic/golden-fixture-unit-runner.ts:consumer-reference | project/apps/api/src/modules/interest-engine/scenario-diagnostic/scenario-diagnostic-runner.ts:consumer-reference | project/apps/api/src/scripts/adr014-rep-02-local-execution.ts:consumer-reference","COLLECT_MISSING_EVIDENCE"
"INT-327628D51475","OFFICE / AVUKAT-PERSONEL","ReportingLineService","MERGED","true","true","true","true","3","","false","OPERABLE_UNVERIFIED","NONE","","project/apps/api/src/modules/reporting-line/reporting-line.controller.ts:consumer-reference | project/apps/api/src/modules/reporting-line/reporting-line.module.ts:ReportingLineModule.providers | project/apps/api/src/modules/reporting-line/reporting-line.service.ts:30 | project/apps/api/src/scripts/office-cap02-reportingline-initial-population.plan.ts:consumer-reference | project/apps/api/src/scripts/office-cap02-reportingline-initial-population.ts:consumer-reference","ADD_REPRESENTATIVE_L6_VERIFICATION"
"INT-3375BF4783C5","SHARED PLATFORM / INFRASTRUCTURE","EvidenceBundleService","IMPLEMENTED","true","true","true","true","1","","false","OPERABLE_UNVERIFIED","NONE","","project/apps/api/src/modules/calc-preview/diagnostics/simulation-api/evidence-bundle.controller.ts:consumer-reference | project/apps/api/src/modules/calc-preview/diagnostics/simulation-api/simulation-api.module.ts:SimulationApiModule.providers | project/apps/api/src/modules/calc-preview/diagnostics/simulation/evidence-bundle.service.ts:49","ADD_REPRESENTATIVE_L6_VERIFICATION"
"INT-35037419618D","AUTH / TENANT / SECURITY","AuditService","IMPLEMENTED | MERGED","true","true","true","true","46","","false","OPERABLE_UNVERIFIED","NONE","","project/apps/api/src/modules/accounting-journal/accounting-journal-manual-adjustment.service.ts:consumer-reference | project/apps/api/src/modules/accounting-journal/accounting-journal-reversal.service.ts:consumer-reference | project/apps/api/src/modules/audit/audit-metadata-builder.ts:consumer-reference | project/apps/api/src/modules/audit/audit.controller.ts:consumer-reference | project/apps/api/src/modules/audit/audit.module.ts:AuditModule.providers | project/apps/api/src/modules/audit/audit.service.ts:31 | project/apps/api/src/modules/auth/invite/user-invite.service.ts:consumer-reference | project/apps/api/src/modules/auth/password-reset/password-reset.service.ts:consumer-reference | project/apps/api/src/modules/bank/bank-candidate-settlement-transition.service.ts:consumer-reference | project/apps/api/src/modules/bank/bank-settlement-evidence-writer.service.ts:consumer-reference | project/apps/api/src/modules/calc-preview/diagnostics/object-store/manifest-retry/audit/manifest-admin-audit.service.ts:consumer-reference | project/apps/api/src/modules/case/case.service.ts:consumer-reference | project/apps/api/src/modules/case/responsible-candidates.service.ts:consumer-reference | project/apps/api/src/modules/claim-item/claim-item.service.ts:consumer-reference | project/apps/api/src/modules/claim-item/formation-finalizer/transactional-claim-item-formation-finalizer.service.ts:consumer-reference | project/apps/api/src/modules/claim-item/formation-intent/claim-item-formation-office-approval.adapter.ts:consumer-reference | project/apps/api/src/modules/client-intake-link/client-intake-link.service.ts:consumer-reference | project/apps/api/src/modules/client-intake-promotion/client-intake-promotion.service.ts:consumer-reference | project/apps/api/src/modules/client-intel-statement/client-intel-statement.service.ts:consumer-reference | project/apps/api/src/modules/client-settlement/case-fee-agreement.service.ts:consumer-reference | project/apps/api/src/modules/client-settlement/client-offset.service.ts:consumer-reference | project/apps/api/src/modules/client-settlement/client-payout-manual-reversal-read.service.ts:consumer-reference | project/apps/api/src/modules/client-settlement/client-payout-manual-reversal.service.ts:consumer-reference | project/apps/api/src/modules/client-settlement/client-payout.service.ts:consumer-reference | project/apps/api/src/modules/client-statement/client-statement.service.ts:consumer-reference | project/apps/api/src/modules/client/client.service.ts:consumer-reference | project/apps/api/src/modules/collection/collection-audit.ts:consumer-reference | project/apps/api/src/modules/collection/collection-cancel-executor.ts:consumer-reference | project/apps/api/src/modules/collection/collection.service.ts:consumer-reference | project/apps/api/src/modules/debtor/address.service.ts:consumer-reference | project/apps/api/src/modules/debtor/case-debtor.service.ts:consumer-reference | project/apps/api/src/modules/debtor/debtor-cross-case-notification.service.ts:consumer-reference | project/apps/api/src/modules/debtor/debtor.service.ts:consumer-reference | project/apps/api/src/modules/lawyer/lawyer.service.ts:consumer-reference | project/apps/api/src/modules/ocr/ocr-feedback.service.ts:consumer-reference | project/apps/api/src/modules/office-approval/office-approval-domain-sync.service.ts:consumer-reference | project/apps/api/src/modules/office-approval/office-approval-shadow.service.ts:consumer-reference | project/apps/api/src/modules/office-approval/office-approval.service.ts:consumer-reference | project/apps/api/src/modules/office/office.service.ts:consumer-reference | project/apps/api/src/modules/permission-diagnostics/guided-edge/confirmation-token.service.ts:consumer-reference | project/apps/api/src/modules/permission-diagnostics/guided-open-observe.service.ts:consumer-reference | project/apps/api/src/modules/permission-diagnostics/permission-hard-guard.service.ts:consumer-reference | project/apps/api/src/modules/permission-diagnostics/warn-only-audit.service.ts:consumer-reference | project/apps/api/src/modules/poa/poa.service.ts:consumer-reference | project/apps/api/src/modules/portal/portal.service.ts:consumer-reference | project/apps/api/src/modules/reporting-line/reporting-line.service.ts:consumer-reference | project/apps/api/src/modules/user/user.service.ts:consumer-reference | project/apps/api/src/scripts/office-cap02-reportingline-initial-population.ts:consumer-reference","ADD_REPRESENTATIVE_L6_VERIFICATION"
"INT-356B63143625","CLIENT / MÜVEKKİL","ClientIntelStatementService","MERGED","true","true","true","true","3","","false","SUPERSEDED","P3","","project/apps/api/src/modules/client-intake-link/client-intake-link.service.ts:consumer-reference | project/apps/api/src/modules/client-intake-promotion/client-intake-promotion.service.ts:consumer-reference | project/apps/api/src/modules/client-intel-statement/client-intel-statement.controller.ts:consumer-reference | project/apps/api/src/modules/client-intel-statement/client-intel-statement.module.ts:ClientIntelStatementModule.providers | project/apps/api/src/modules/client-intel-statement/client-intel-statement.service.ts:26","PRESERVE_HISTORY_AND_PLAN_SAFE_RETIREMENT"
"INT-357F30B37FAC","CLIENT / MÜVEKKİL","ClientPayoutManualReversalService","CANONICAL | IMPLEMENTED","true","true","true","true","3","","false","OPERABLE_UNVERIFIED","NONE","","project/apps/api/src/modules/client-settlement/client-payout-manual-reversal.controller.ts:consumer-reference | project/apps/api/src/modules/client-settlement/client-payout-manual-reversal.service.ts:47 | project/apps/api/src/modules/client-settlement/client-payout.service.ts:consumer-reference | project/apps/api/src/modules/client-settlement/client-settlement.module.ts:ClientSettlementModule.providers | project/apps/api/src/modules/policy-engine/effective-permission-mapping.ts:consumer-reference","ADD_REPRESENTATIVE_L6_VERIFICATION"
"INT-35978A278AC0","SHARED PLATFORM / INFRASTRUCTURE","PlaybookMetricsService","IMPLEMENTED","true","false","false","false","4","","false","CODE_PRESENT_UNBOUND","P2","PlaybookMetricsService production-reachable provider kaydında veya doğrudan construction path'inde bulunamadı.","project/apps/api/src/modules/calc-preview/diagnostics/playbook/escalation.service.ts:consumer-reference | project/apps/api/src/modules/calc-preview/diagnostics/playbook/index.ts:consumer-reference | project/apps/api/src/modules/calc-preview/diagnostics/playbook/notification.service.ts:consumer-reference | project/apps/api/src/modules/calc-preview/diagnostics/playbook/playbook-metrics.service.ts:80 | project/apps/api/src/modules/calc-preview/diagnostics/playbook/playbook.service.ts:consumer-reference","OWNER_REVIEW_BIND_OR_DISPOSITION"
"INT-36FAEADB4BBC","COLLECTION / TAHSİLAT","CollectionService","CANONICAL | IMPLEMENTED | MERGED","true","true","true","true","10","","false","OPERABLE_UNVERIFIED","NONE","","project/apps/api/src/modules/bank/bank.service.ts:consumer-reference | project/apps/api/src/modules/case-debtor-lifecycle-guard/case-debtor-lifecycle-guard.service.ts:consumer-reference | project/apps/api/src/modules/case/case.service.ts:consumer-reference | project/apps/api/src/modules/client-settlement/collection-reversal.service.ts:consumer-reference | project/apps/api/src/modules/collection/allocation-read.helper.ts:consumer-reference | project/apps/api/src/modules/collection/collection.controller.ts:consumer-reference | project/apps/api/src/modules/collection/collection.module.ts:CollectionModule.providers | project/apps/api/src/modules/collection/collection.service.ts:163 | project/apps/api/src/modules/debtor/third-party.service.ts:consumer-reference | project/apps/api/src/modules/interest-engine/scenario-diagnostic/scenario-diagnostic-runner.ts:consumer-reference | project/apps/api/src/modules/report/report.service.ts:consumer-reference | project/apps/api/src/modules/summary-engine/summary-engine.service.ts:consumer-reference","ADD_REPRESENTATIVE_L6_VERIFICATION"
"INT-36FBC43BE543","RECEIVABLE / ALACAK","HumanClaimItemFormationAdmissionService","MERGED","true","false","false","false","0","","false","SUPERSEDED","P3","HumanClaimItemFormationAdmissionService production-reachable provider kaydında veya doğrudan construction path'inde bulunamadı.","project/apps/api/src/modules/claim-item/formation-intent/human-claim-item-formation-admission.service.ts:52","PRESERVE_HISTORY_AND_PLAN_SAFE_RETIREMENT"
"INT-386ACBC46B73","SHARED PLATFORM / INFRASTRUCTURE","ManifestAdminFeatureFlagService","IMPLEMENTED","true","true","true","true","1","","false","OPERABLE_UNVERIFIED","NONE","","project/apps/api/src/modules/calc-preview/diagnostics/object-store/manifest-retry/guards/index.ts:consumer-reference | project/apps/api/src/modules/calc-preview/diagnostics/object-store/manifest-retry/guards/manifest-admin-auth.guard.ts:78","ADD_REPRESENTATIVE_L6_VERIFICATION"
"INT-3A5EBD24D18C","OFFICE / AVUKAT-PERSONEL","OfficeApprovalExecutorCronService","MERGED","true","true","true","true","2","","false","OPERABLE_UNVERIFIED","NONE","","project/apps/api/src/modules/office-approval/office-approval-executor-cron.service.ts:44 | project/apps/api/src/modules/office-approval/office-approval-executor.module.ts:OfficeApprovalExecutorModule.providers | project/apps/api/src/modules/office-approval/office-approval-executor.service.ts:consumer-reference","ADD_REPRESENTATIVE_L6_VERIFICATION"
"INT-3C5C96781C13","CLIENT / MÜVEKKİL","ClientSettlementReadService","IMPLEMENTED | MERGED","true","true","true","true","9","","false","OPERABLE_UNVERIFIED","NONE","","project/apps/api/src/modules/client-settlement/client-accounting-movements-read.service.ts:consumer-reference | project/apps/api/src/modules/client-settlement/client-accounting-summary-read.service.ts:consumer-reference | project/apps/api/src/modules/client-settlement/client-accounting.controller.ts:consumer-reference | project/apps/api/src/modules/client-settlement/client-offset.service.ts:consumer-reference | project/apps/api/src/modules/client-settlement/client-payout.controller.ts:consumer-reference | project/apps/api/src/modules/client-settlement/client-payout.service.ts:consumer-reference | project/apps/api/src/modules/client-settlement/client-settlement-read.service.ts:158 | project/apps/api/src/modules/client-settlement/client-settlement.module.ts:ClientSettlementModule.providers | project/apps/api/src/modules/client-settlement/disposition-posting.service.ts:consumer-reference | project/apps/api/src/modules/client-settlement/disposition.controller.ts:consumer-reference | project/apps/api/src/modules/expense-request/expense-gate.service.ts:consumer-reference","ADD_REPRESENTATIVE_L6_VERIFICATION"
"INT-3D16A36F447C","SHARED PLATFORM / INFRASTRUCTURE","ErrorLogService","IMPLEMENTED | MERGED","true","true","true","true","4","","false","OPERABLE_UNVERIFIED","NONE","","project/apps/api/src/modules/error-log/error-log.controller.ts:consumer-reference | project/apps/api/src/modules/error-log/error-log.module.ts:ErrorLogModule.providers | project/apps/api/src/modules/error-log/error-log.service.ts:23 | project/apps/api/src/modules/error-log/filters/all-exceptions.filter.ts:consumer-reference | project/apps/api/src/modules/error-log/integration-error-reporter.ts:consumer-reference | project/apps/api/src/modules/error-log/internal/server-log.builder.ts:consumer-reference","ADD_REPRESENTATIVE_L6_VERIFICATION"
"INT-3D2E57046DEC","SHARED PLATFORM / INFRASTRUCTURE","ExpenseCalculatorService","IMPLEMENTED","true","true","true","true","2","","false","OPERABLE_UNVERIFIED","NONE","","project/apps/api/src/modules/expense-request/expense-calculator.service.ts:65 | project/apps/api/src/modules/expense-request/expense-request.controller.ts:consumer-reference | project/apps/api/src/modules/expense-request/expense-request.module.ts:ExpenseRequestModule.providers | project/apps/api/src/modules/expense-request/expense-request.service.ts:consumer-reference","ADD_REPRESENTATIVE_L6_VERIFICATION"
"INT-3D4283E20B68","SHARED PLATFORM / INFRASTRUCTURE","ExpenseNotificationService","IMPLEMENTED | MERGED","true","true","","true","2","","false","UNKNOWN_REQUIRES_EVIDENCE","NONE","","project/apps/api/src/modules/expense-request/expense-notification.service.ts:37 | project/apps/api/src/modules/expense-request/expense-request.controller.ts:consumer-reference | project/apps/api/src/modules/expense-request/expense-request.module.ts:ExpenseRequestModule.providers | project/apps/api/src/modules/expense-request/expense-request.service.ts:consumer-reference","COLLECT_MISSING_EVIDENCE"
"INT-3E7BFE51F72F","CLIENT / MÜVEKKİL","ClientFinancialDisclosureWriterService","MERGED","true","false","false","false","0","","false","SUPERSEDED","P3","ClientFinancialDisclosureWriterService production-reachable provider kaydında veya doğrudan construction path'inde bulunamadı.","project/apps/api/src/modules/client-financial-disclosure/client-financial-disclosure-writer.service.ts:41","PRESERVE_HISTORY_AND_PLAN_SAFE_RETIREMENT"
"INT-40B8F95D06C2","AUTH / TENANT / SECURITY","PermissionHardGuardService","MERGED","true","true","true","true","2","","false","OPERABLE_UNVERIFIED","NONE","","project/apps/api/src/modules/case/case.controller.ts:consumer-reference | project/apps/api/src/modules/case/legal-responsible-lawyer.service.ts:consumer-reference | project/apps/api/src/modules/permission-diagnostics/permission-diagnostics.module.ts:PermissionDiagnosticsModule.providers | project/apps/api/src/modules/permission-diagnostics/permission-hard-guard.service.ts:19","ADD_REPRESENTATIVE_L6_VERIFICATION"
"INT-41ABE66E9250","CLIENT / MÜVEKKİL","CaseFeeAgreementService","MERGED","true","true","true","true","3","","false","SUPERSEDED","P3","","project/apps/api/src/modules/client-settlement/case-fee-agreement.controller.ts:consumer-reference | project/apps/api/src/modules/client-settlement/case-fee-agreement.service.ts:43 | project/apps/api/src/modules/client-settlement/client-settlement.module.ts:ClientSettlementModule.providers | project/apps/api/src/modules/client-settlement/distribution-recommendation.service.ts:consumer-reference | project/apps/api/src/modules/policy-engine/types/action-code.enum.ts:consumer-reference","PRESERVE_HISTORY_AND_PLAN_SAFE_RETIREMENT"
"INT-41E8E48347DC","CLIENT / MÜVEKKİL","ClientAddressService","MERGED","true","true","true","true","1","","false","OPERABLE_UNVERIFIED","NONE","","project/apps/api/src/modules/client/client-address.controller.ts:consumer-reference | project/apps/api/src/modules/client/client-address.service.ts:19 | project/apps/api/src/modules/client/client.module.ts:ClientModule.providers","ADD_REPRESENTATIVE_L6_VERIFICATION"
"INT-425AE8A4822A","CLIENT / MÜVEKKİL","ClientFinancialDisclosureApprovalService","MERGED","true","false","false","false","1","","false","SUPERSEDED","P3","ClientFinancialDisclosureApprovalService production-reachable provider kaydında veya doğrudan construction path'inde bulunamadı.","project/apps/api/src/modules/client-financial-disclosure/client-financial-disclosure-approval-eligibility.ts:consumer-reference | project/apps/api/src/modules/client-financial-disclosure/client-financial-disclosure-approval.service.ts:100","PRESERVE_HISTORY_AND_PLAN_SAFE_RETIREMENT"
"INT-4311C82B4B6A","UYAP CONNECTOR","RecipeRunnerService","IMPLEMENTED","true","true","true","true","2","","false","OPERABLE_UNVERIFIED","NONE","","project/apps/api/src/modules/icrabot/bundle/bundle.controller.ts:consumer-reference | project/apps/api/src/modules/icrabot/icrabot.module.ts:IcrabotModule.providers | project/apps/api/src/modules/icrabot/runner/recipe-runner.service.ts:66 | project/apps/api/src/modules/icrabot/scheduler/scheduler.service.ts:consumer-reference","ADD_REPRESENTATIVE_L6_VERIFICATION"
"INT-440FFC35BF4B","SHARED PLATFORM / INFRASTRUCTURE","RequestIdMiddleware","CANONICAL | MERGED","true","true","true","true","1","","false","OPERABLE_UNVERIFIED","NONE","","project/apps/api/src/app.module.ts:AppModule.MiddlewareConsumer.apply | project/apps/api/src/common/request-id.middleware.ts:15","ADD_REPRESENTATIVE_L6_VERIFICATION"
"INT-4416B37ADB47","OFFICE / AVUKAT-PERSONEL","UserService","IMPLEMENTED | MERGED","true","true","true","true","1","","false","OPERABLE_UNVERIFIED","NONE","","project/apps/api/src/modules/user/user.controller.ts:consumer-reference | project/apps/api/src/modules/user/user.module.ts:UserModule.providers | project/apps/api/src/modules/user/user.service.ts:8","ADD_REPRESENTATIVE_L6_VERIFICATION"
"INT-44C096644160","UYAP CONNECTOR","ActionHandlerService","IMPLEMENTED | MERGED","true","true","true","true","15","","false","BOUND_DORMANT","P2","","project/apps/api/src/modules/client-settlement/collection-disposition.service.ts:consumer-reference | project/apps/api/src/modules/client-settlement/collection-reversal.service.ts:consumer-reference | project/apps/api/src/modules/client-settlement/payment-received.registrar.ts:consumer-reference | project/apps/api/src/modules/client-settlement/payment-reversed.registrar.ts:consumer-reference | project/apps/api/src/modules/icrabot/v28-engine/action-handler.service.ts:113 | project/apps/api/src/modules/icrabot/v28-engine/index.ts:consumer-reference | project/apps/api/src/modules/icrabot/v28-engine/non-retryable-outbox.error.ts:consumer-reference | project/apps/api/src/modules/icrabot/v28-engine/outbox-cron.service.ts:consumer-reference | project/apps/api/src/modules/icrabot/v28-engine/outbox.service.ts:consumer-reference | project/apps/api/src/modules/icrabot/v28-engine/tenant-resolver.ts:consumer-reference | project/apps/api/src/modules/icrabot/v28-engine/v28-engine.controller.ts:consumer-reference | project/apps/api/src/modules/icrabot/v28-engine/v28-engine.module.ts:V28EngineModule.providers | project/apps/api/src/modules/legal-deadline/service-occurrence-deadline-calculation.service.ts:consumer-reference | project/apps/api/src/modules/tebligat/service-occurrence/service-occurrence-recorded-event.accessor.ts:consumer-reference | project/apps/api/src/modules/tebligat/service-occurrence/service-occurrence-recorded.consumer.ts:consumer-reference | project/apps/api/src/modules/tebligat/service-occurrence/service-occurrence-recorded.registrar.ts:consumer-reference","VERIFY_ACTIVATION_AUTHORITY_AND_DEPLOYED_VALUE"
"INT-45861B0E6DBC","DEBTOR / BORÇLU","DebtorCrossCaseNotificationService","IMPLEMENTED | MERGED","true","true","true","true","5","","false","OPERABLE_UNVERIFIED","NONE","","project/apps/api/src/modules/automation/automation.service.ts:consumer-reference | project/apps/api/src/modules/debtor/address.service.ts:consumer-reference | project/apps/api/src/modules/debtor/debtor-cross-case-notification-task-link.service.ts:consumer-reference | project/apps/api/src/modules/debtor/debtor-cross-case-notification.service.ts:67 | project/apps/api/src/modules/debtor/debtor.controller.ts:consumer-reference | project/apps/api/src/modules/debtor/debtor.module.ts:DebtorModule.providers | project/apps/api/src/modules/debtor/debtor.service.ts:consumer-reference","ADD_REPRESENTATIVE_L6_VERIFICATION"
"INT-45C2F73AFF13","COLLECTION / TAHSİLAT","ReceiptObjectScopeAuthorizationService","MERGED","true","true","true","true","4","","false","OPERABLE_UNVERIFIED","NONE","","project/apps/api/src/modules/bank/bank.controller.ts:consumer-reference | project/apps/api/src/modules/case/case.controller.ts:consumer-reference | project/apps/api/src/modules/collection/collection.controller.ts:consumer-reference | project/apps/api/src/modules/collection/collection.module.ts:CollectionModule.providers | project/apps/api/src/modules/collection/receipt-object-scope-authorization.service.ts:61 | project/apps/api/src/modules/debtor/third-party.controller.ts:consumer-reference","ADD_REPRESENTATIVE_L6_VERIFICATION"
"INT-45EB4DC1BEFA","SHARED PLATFORM / INFRASTRUCTURE","SnapshotQueryService","IMPLEMENTED","true","true","true","true","2","","false","OPERABLE_UNVERIFIED","NONE","","project/apps/api/src/modules/calc-preview/diagnostics/simulation-api/simulation-api.module.ts:SimulationApiModule.providers | project/apps/api/src/modules/calc-preview/diagnostics/simulation-api/simulation-v1-alias.controller.ts:consumer-reference | project/apps/api/src/modules/calc-preview/diagnostics/simulation-api/simulation.controller.ts:consumer-reference | project/apps/api/src/modules/calc-preview/diagnostics/simulation/snapshot-query.service.ts:58","ADD_REPRESENTATIVE_L6_VERIFICATION"
"INT-47C6A31A3841","DEBTOR / BORÇLU","CrossFileService","IMPLEMENTED | MERGED","true","true","true","true","2","","false","OPERABLE_UNVERIFIED","NONE","","project/apps/api/src/modules/address-discovery/address-discovery.controller.ts:consumer-reference | project/apps/api/src/modules/address-discovery/address-discovery.module.ts:AddressDiscoveryModule.providers | project/apps/api/src/modules/address-discovery/address-discovery.service.ts:consumer-reference | project/apps/api/src/modules/address-discovery/cross-file.service.ts:29","ADD_REPRESENTATIVE_L6_VERIFICATION"
"INT-47CE33D8CA7D","SHARED PLATFORM / INFRASTRUCTURE","FormTypeService","IMPLEMENTED","true","true","true","true","1","","false","OPERABLE_UNVERIFIED","NONE","","project/apps/api/src/modules/form-type/form-type.controller.ts:consumer-reference | project/apps/api/src/modules/form-type/form-type.module.ts:FormTypeModule.providers | project/apps/api/src/modules/form-type/form-type.service.ts:6","ADD_REPRESENTATIVE_L6_VERIFICATION"
"INT-49A743B92256","UYAP CONNECTOR","UyapXmlService","CANONICAL | IMPLEMENTED | MERGED","true","true","true","true","1","","false","SUPERSEDED","P3","","project/apps/api/src/modules/uyap/uyap-xml.service.ts:466 | project/apps/api/src/modules/uyap/uyap.controller.ts:consumer-reference | project/apps/api/src/modules/uyap/uyap.module.ts:UyapModule.providers","PRESERVE_HISTORY_AND_PLAN_SAFE_RETIREMENT"
"INT-4ACF46B23BE3","UYAP CONNECTOR","UiMapRecorderService","IMPLEMENTED","true","true","true","true","1","","false","OPERABLE_UNVERIFIED","NONE","","project/apps/api/src/modules/icrabot/icrabot.module.ts:IcrabotModule.providers | project/apps/api/src/modules/icrabot/recorder/recorder.controller.ts:consumer-reference | project/apps/api/src/modules/icrabot/recorder/uimap-recorder.service.ts:74","ADD_REPRESENTATIVE_L6_VERIFICATION"
"INT-4BA129533DD2","SHARED PLATFORM / INFRASTRUCTURE","ManifestAdminAuthGuard","IMPLEMENTED","true","true","true","true","4","","false","OPERABLE_UNVERIFIED","NONE","","project/apps/api/src/modules/calc-preview/calc-preview.controller.ts:consumer-reference | project/apps/api/src/modules/calc-preview/calc-preview.module.ts:CalcPreviewModule.providers | project/apps/api/src/modules/calc-preview/diagnostics/object-store/manifest-retry/guards/index.ts:consumer-reference | project/apps/api/src/modules/calc-preview/diagnostics/object-store/manifest-retry/guards/manifest-admin-auth.guard.ts:89 | project/apps/api/src/modules/calc-preview/diagnostics/object-store/manifest-retry/manifest-admin.controller.ts:consumer-reference | project/apps/api/src/modules/calc-preview/guards/internal-ops-policy.ts:consumer-reference","ADD_REPRESENTATIVE_L6_VERIFICATION"
"INT-4C1CC43AA751","SHARED PLATFORM / INFRASTRUCTURE","DefaultOperationResolver","IMPLEMENTED","true","false","false","false","0","","false","CODE_PRESENT_UNBOUND","P2","DefaultOperationResolver production-reachable provider kaydında veya doğrudan construction path'inde bulunamadı.","project/apps/api/src/modules/calc-preview/diagnostics/simulation-api/guards/guard-interceptor.ts:103","OWNER_REVIEW_BIND_OR_DISPOSITION"
"INT-4C3DDEAC135D","CLIENT / MÜVEKKİL","DispositionPostingService","IMPLEMENTED | MERGED","true","true","true","true","10","","false","OPERABLE_UNVERIFIED","NONE","","project/apps/api/src/modules/accounting-journal/accounting-journal.writer.ts:consumer-reference | project/apps/api/src/modules/client-settlement/client-offset.service.ts:consumer-reference | project/apps/api/src/modules/client-settlement/client-settlement.module.ts:ClientSettlementModule.providers | project/apps/api/src/modules/client-settlement/collection-reversal.service.ts:consumer-reference | project/apps/api/src/modules/client-settlement/disposition-posting.service.ts:74 | project/apps/api/src/modules/client-settlement/disposition.controller.ts:consumer-reference | project/apps/api/src/modules/client-settlement/expense-remaining-lock.ts:consumer-reference | project/apps/api/src/modules/client-settlement/finance-approval-intent.builder.ts:consumer-reference | project/apps/api/src/modules/client-settlement/finance-risk.engine.ts:consumer-reference | project/apps/api/src/modules/client-settlement/payout-lock.ts:consumer-reference | project/apps/api/src/modules/office-approval/office-approval.service.ts:consumer-reference | project/apps/api/src/modules/policy-engine/types/action-code.enum.ts:consumer-reference","ADD_REPRESENTATIVE_L6_VERIFICATION"
"INT-4C7A9581824C","UYAP CONNECTOR","FactStoreService","IMPLEMENTED | MERGED","true","true","true","true","14","","false","OPERABLE_UNVERIFIED","NONE","","project/apps/api/src/common/collection-confirmed.util.ts:consumer-reference | project/apps/api/src/modules/icrabot/v28-engine/action-feedback.service.ts:consumer-reference | project/apps/api/src/modules/icrabot/v28-engine/action-handler.service.ts:consumer-reference | project/apps/api/src/modules/icrabot/v28-engine/case-scope.ts:consumer-reference | project/apps/api/src/modules/icrabot/v28-engine/engine-runner.service.ts:consumer-reference | project/apps/api/src/modules/icrabot/v28-engine/factstore.service.ts:59 | project/apps/api/src/modules/icrabot/v28-engine/index.ts:consumer-reference | project/apps/api/src/modules/icrabot/v28-engine/scenario-harness.service.ts:consumer-reference | project/apps/api/src/modules/icrabot/v28-engine/uyap-event-ingest.service.ts:consumer-reference | project/apps/api/src/modules/icrabot/v28-engine/v28-engine.controller.ts:consumer-reference | project/apps/api/src/modules/icrabot/v28-engine/v28-engine.module.ts:V28EngineModule.providers | project/apps/api/src/modules/policy-engine/case-policy-engine.service.ts:consumer-reference | project/apps/api/src/modules/policy-engine/fact-store/computed-fact-ownership.ts:consumer-reference | project/apps/api/src/modules/policy-engine/fact-store/fact-store.service.ts:consumer-reference | project/apps/api/src/modules/policy-engine/fact-store/index.ts:consumer-reference | project/apps/api/src/modules/policy-engine/index.ts:consumer-reference | project/apps/api/src/modules/policy-engine/policy-engine.module.ts:PolicyEngineModule.providers","ADD_REPRESENTATIVE_L6_VERIFICATION"
"INT-502991D90BD0","SHARED PLATFORM / INFRASTRUCTURE","LegacyDeprecationInterceptor","IMPLEMENTED","true","true","true","false","0","","false","ACTIVE_UNREACHABLE","P2","LegacyDeprecationInterceptor production DI/constructor yüzeyinde mevcut fakat gerçek root consumer bulunamadı.","project/apps/api/src/modules/calc-preview/calc-preview.module.ts:CalcPreviewModule.providers | project/apps/api/src/modules/calc-preview/deprecation/legacy-deprecation.interceptor.ts:27","WIRE_REAL_ENTRYPOINT_OR_DISPOSITION"
"INT-50881CEF2BD8","SHARED PLATFORM / INFRASTRUCTURE","LegacyDeprecationService","IMPLEMENTED","true","true","true","true","2","","false","OPERABLE_UNVERIFIED","NONE","","project/apps/api/src/modules/calc-preview/calc-preview.controller.ts:consumer-reference | project/apps/api/src/modules/calc-preview/calc-preview.module.ts:CalcPreviewModule.providers | project/apps/api/src/modules/calc-preview/deprecation/legacy-deprecation.interceptor.ts:consumer-reference | project/apps/api/src/modules/calc-preview/deprecation/legacy-deprecation.service.ts:95","ADD_REPRESENTATIVE_L6_VERIFICATION"
"INT-50D2258ADF08","SHARED PLATFORM / INFRASTRUCTURE","PrismaService","IMPLEMENTED","true","true","","true","244","","false","UNKNOWN_REQUIRES_EVIDENCE","NONE","","project/apps/api/src/common/address-hash.util.ts:consumer-reference | project/apps/api/src/modules/accounting-journal/accounting-journal-financial-statement.projection.service.ts:consumer-reference | project/apps/api/src/modules/accounting-journal/accounting-journal-legal-shadow-compare.service.ts:consumer-reference | project/apps/api/src/modules/accounting-journal/accounting-journal-manual-adjustment.service.ts:consumer-reference | project/apps/api/src/modules/accounting-journal/accounting-journal-reversal.service.ts:consumer-reference | project/apps/api/src/modules/accounting-journal/accounting-journal-trial-balance.service.ts:consumer-reference | project/apps/api/src/modules/accounting-journal/accounting-journal.writer.ts:consumer-reference | project/apps/api/src/modules/address-discovery/address-discovery.service.ts:consumer-reference | project/apps/api/src/modules/address-discovery/client-info-request.service.ts:consumer-reference | project/apps/api/src/modules/address-discovery/confidence-score.service.ts:consumer-reference | project/apps/api/src/modules/address-discovery/cross-file.service.ts:consumer-reference | project/apps/api/src/modules/address-discovery/institution-letter.service.ts:consumer-reference | project/apps/api/src/modules/address-discovery/uyap-query.service.ts:consumer-reference | project/apps/api/src/modules/address-task/address-task-scheduler.service.ts:consumer-reference | project/apps/api/src/modules/address-task/address-task.service.ts:consumer-reference | project/apps/api/src/modules/ai/ai.service.ts:consumer-reference | project/apps/api/src/modules/asset-query/asset-query.service.ts:consumer-reference | project/apps/api/src/modules/audit/audit.service.ts:consumer-reference | project/apps/api/src/modules/auth/auth.service.ts:consumer-reference | project/apps/api/src/modules/auth/invite/user-invite.service.ts:consumer-reference | project/apps/api/src/modules/auth/password-reset/password-reset.service.ts:consumer-reference | project/apps/api/src/modules/automation/automation.service.ts:consumer-reference | project/apps/api/src/modules/automation/poa-expiry-delivery.service.ts:consumer-reference | project/apps/api/src/modules/automation/rule-engine.service.ts:consumer-reference | project/apps/api/src/modules/automation/workflow-engine.service.ts:consumer-reference | project/apps/api/src/modules/bank/bank-candidate-settlement-transition.service.ts:consumer-reference | project/apps/api/src/modules/bank/bank-settlement-evidence-writer.service.ts:consumer-reference | project/apps/api/src/modules/bank/bank.service.ts:consumer-reference | project/apps/api/src/modules/bank/settlement-verifier-authorization.service.ts:consumer-reference | project/apps/api/src/modules/calc-preview/diagnostics/cleanup/prisma-cleanup-failure-state.repository.ts:consumer-reference | project/apps/api/src/modules/calc-preview/diagnostics/object-store/manifest-retry/audit/manifest-admin-audit.service.ts:consumer-reference | project/apps/api/src/modules/calc-preview/diagnostics/object-store/manifest-retry/idempotency/idempotency-gate.service.ts:consumer-reference | project/apps/api/src/modules/calc-preview/diagnostics/object-store/manifest-retry/manifest-dlq.repository.ts:consumer-reference | project/apps/api/src/modules/calc-preview/diagnostics/object-store/manifest-retry/manifest-retry-queue.repository.ts:consumer-reference | project/apps/api/src/modules/calc-preview/diagnostics/object-store/manifest-retry/manifest-retry-worker-safety.service.ts:consumer-reference | project/apps/api/src/modules/calc-preview/diagnostics/persistence/prisma-simulation-run.repository.ts:consumer-reference | project/apps/api/src/modules/calc-preview/diagnostics/persistence/prisma-snapshot.repository.ts:consumer-reference | project/apps/api/src/modules/calc-preview/diagnostics/persistence/truth-layer.module.ts:TruthLayerModule.providers | project/apps/api/src/modules/calc-preview/diagnostics/playbook/escalation-state.repository.ts:consumer-reference | project/apps/api/src/modules/calc-preview/diagnostics/simulation-api/promote-request.store.ts:consumer-reference | project/apps/api/src/modules/calc-preview/diagnostics/simulation-api/simulation-api.module.ts:SimulationApiModule.providers | project/apps/api/src/modules/calendar/calendar.service.ts:consumer-reference | project/apps/api/src/modules/case-balance/case-balance.service.ts:consumer-reference | project/apps/api/src/modules/case-collateral/case-collateral.service.ts:consumer-reference | project/apps/api/src/modules/case-debtor-lifecycle-guard/case-debtor-lifecycle-guard.service.ts:consumer-reference | project/apps/api/src/modules/case-instrument/case-instrument.service.ts:consumer-reference | project/apps/api/src/modules/case-judgment/case-judgment.service.ts:consumer-reference | project/apps/api/src/modules/case-lease/case-lease.service.ts:consumer-reference | project/apps/api/src/modules/case-status/case-status.service.ts:consumer-reference | project/apps/api/src/modules/case-status/financial-case-close-approval.service.ts:consumer-reference | project/apps/api/src/modules/case/case-payment-preview.service.ts:consumer-reference | project/apps/api/src/modules/case/case.service.ts:consumer-reference | project/apps/api/src/modules/case/legal-responsible-lawyer.service.ts:consumer-reference | project/apps/api/src/modules/case/responsibility-history.service.ts:consumer-reference | project/apps/api/src/modules/case/responsible-candidates.service.ts:consumer-reference | project/apps/api/src/modules/case/temporal-responsibility.service.ts:consumer-reference | project/apps/api/src/modules/claim-item/claim-item-write-gate.service.ts:consumer-reference | project/apps/api/src/modules/claim-item/claim-item-writer-router.service.ts:consumer-reference | project/apps/api/src/modules/claim-item/claim-item.service.ts:consumer-reference | project/apps/api/src/modules/claim-item/formation-finalizer/transactional-claim-item-formation-finalizer.service.ts:consumer-reference | project/apps/api/src/modules/claim-item/formation-intent/claim-item-formation-office-approval.adapter.ts:consumer-reference | project/apps/api/src/modules/client-approval/client-approval.service.ts:consumer-reference | project/apps/api/src/modules/client-intake-link/client-intake-link.service.ts:consumer-reference | project/apps/api/src/modules/client-intake-promotion/client-intake-promotion.service.ts:consumer-reference | project/apps/api/src/modules/client-intake-public/client-intake-public.service.ts:consumer-reference | project/apps/api/src/modules/client-intake-review/client-intake-review.service.ts:consumer-reference | project/apps/api/src/modules/client-intel-statement/client-intel-statement.service.ts:consumer-reference | project/apps/api/src/modules/client-notification/client-notification.service.ts:consumer-reference | project/apps/api/src/modules/client-notification/notification-dispatcher.service.ts:consumer-reference | project/apps/api/src/modules/client-settlement/accounting-ledger-dry-run.service.ts:consumer-reference | project/apps/api/src/modules/client-settlement/case-fee-agreement.service.ts:consumer-reference | project/apps/api/src/modules/client-settlement/client-accounting-journal-movements-reader.service.ts:consumer-reference | project/apps/api/src/modules/client-settlement/client-accounting-journal-summary-reader.service.ts:consumer-reference | project/apps/api/src/modules/client-settlement/client-accounting-summary-shadow-report.service.ts:consumer-reference | project/apps/api/src/modules/client-settlement/client-offset.service.ts:consumer-reference | project/apps/api/src/modules/client-settlement/client-payout-manual-reversal-read.service.ts:consumer-reference | project/apps/api/src/modules/client-settlement/client-payout-manual-reversal.service.ts:consumer-reference | project/apps/api/src/modules/client-settlement/client-payout.service.ts:consumer-reference | project/apps/api/src/modules/client-settlement/client-settlement-read.service.ts:consumer-reference | project/apps/api/src/modules/client-settlement/collection-disposition.service.ts:consumer-reference | project/apps/api/src/modules/client-settlement/collection-reversal.service.ts:consumer-reference | project/apps/api/src/modules/client-settlement/disposition-posting.service.ts:consumer-reference | project/apps/api/src/modules/client-settlement/disposition.controller.ts:consumer-reference | project/apps/api/src/modules/client-settlement/distribution-recommendation.service.ts:consumer-reference | project/apps/api/src/modules/client-statement/client-statement.service.ts:consumer-reference | project/apps/api/src/modules/client/client-address.service.ts:consumer-reference | project/apps/api/src/modules/client/client.service.ts:consumer-reference | project/apps/api/src/modules/collection/collection.service.ts:consumer-reference | project/apps/api/src/modules/collection/receipt-object-scope-authorization.service.ts:consumer-reference | project/apps/api/src/modules/cost-package/cost-package.service.ts:consumer-reference | project/apps/api/src/modules/debtor-scoring/inputs/case-signal-input.adapter.ts:consumer-reference | project/apps/api/src/modules/debtor-scoring/inputs/financial-input.adapter.ts:consumer-reference | project/apps/api/src/modules/debtor/address.service.ts:consumer-reference | project/apps/api/src/modules/debtor/case-debtor.service.ts:consumer-reference | project/apps/api/src/modules/debtor/communication.service.ts:consumer-reference | project/apps/api/src/modules/debtor/d6-retention-decision.provider.ts:consumer-reference | project/apps/api/src/modules/debtor/debtor-cross-case-notification-task-link.service.ts:consumer-reference | project/apps/api/src/modules/debtor/debtor-cross-case-notification.service.ts:consumer-reference | project/apps/api/src/modules/debtor/debtor.service.ts:consumer-reference | project/apps/api/src/modules/debtor/third-party.service.ts:consumer-reference | project/apps/api/src/modules/document/document-template.service.ts:consumer-reference | project/apps/api/src/modules/document/document.service.ts:consumer-reference | project/apps/api/src/modules/error-log/error-log.service.ts:consumer-reference | project/apps/api/src/modules/error-log/retention/error-log-retention.service.ts:consumer-reference | project/apps/api/src/modules/escalation/case-task-escalation.service.ts:consumer-reference | project/apps/api/src/modules/escalation/operational-escalation.service.ts:consumer-reference | project/apps/api/src/modules/esign/esign.service.ts:consumer-reference | project/apps/api/src/modules/execution-office/execution-office.service.ts:consumer-reference | project/apps/api/src/modules/expense-block-reason/expense-block-reason.service.ts:consumer-reference | project/apps/api/src/modules/expense-request/expense-gate.service.ts:consumer-reference | project/apps/api/src/modules/expense-request/expense-notification.service.ts:consumer-reference | project/apps/api/src/modules/expense-request/expense-request.service.ts:consumer-reference | project/apps/api/src/modules/expense-request/expense-view.service.ts:consumer-reference | project/apps/api/src/modules/export-import/export-import.service.ts:consumer-reference | project/apps/api/src/modules/form-type/form-type.service.ts:consumer-reference | project/apps/api/src/modules/greeting/greeting.service.ts:consumer-reference | project/apps/api/src/modules/group/group.service.ts:consumer-reference | project/apps/api/src/modules/icrabot/admin/admin.service.ts:consumer-reference | project/apps/api/src/modules/icrabot/admin/audit-report.service.ts:consumer-reference | project/apps/api/src/modules/icrabot/admin/job-monitor.service.ts:consumer-reference | project/apps/api/src/modules/icrabot/bundle/bundle.service.ts:consumer-reference | project/apps/api/src/modules/icrabot/case-lock/case-lock.service.ts:consumer-reference | project/apps/api/src/modules/icrabot/compute/compute-params-loader.service.ts:consumer-reference | project/apps/api/src/modules/icrabot/decision/action-executor.service.ts:consumer-reference | project/apps/api/src/modules/icrabot/decision/decision-engine-v2.service.ts:consumer-reference | project/apps/api/src/modules/icrabot/decision/decision-rules-loader.service.ts:consumer-reference | project/apps/api/src/modules/icrabot/degraded-mode/degraded-mode.service.ts:consumer-reference | project/apps/api/src/modules/icrabot/enterprise/approval-workflow.service.ts:consumer-reference | project/apps/api/src/modules/icrabot/enterprise/audit-chain.service.ts:consumer-reference | project/apps/api/src/modules/icrabot/enterprise/backpressure.service.ts:consumer-reference | project/apps/api/src/modules/icrabot/enterprise/job-leasing.service.ts:consumer-reference | project/apps/api/src/modules/icrabot/enterprise/plan-limits.service.ts:consumer-reference | project/apps/api/src/modules/icrabot/evidence.service.ts:consumer-reference | project/apps/api/src/modules/icrabot/export/audit-export.service.ts:consumer-reference | project/apps/api/src/modules/icrabot/extractor/decision-engine.service.ts:consumer-reference | project/apps/api/src/modules/icrabot/extractor/fact-extractor.service.ts:consumer-reference | project/apps/api/src/modules/icrabot/health/case-health.service.ts:consumer-reference | project/apps/api/src/modules/icrabot/health/uimap-validator.service.ts:consumer-reference | project/apps/api/src/modules/icrabot/icrabot.service.ts:consumer-reference | project/apps/api/src/modules/icrabot/mvp/action-list.service.ts:consumer-reference | project/apps/api/src/modules/icrabot/mvp/risk-net-report.service.ts:consumer-reference | project/apps/api/src/modules/icrabot/mvp/weekly-export.service.ts:consumer-reference | project/apps/api/src/modules/icrabot/ops/ops.controller.ts:consumer-reference | project/apps/api/src/modules/icrabot/ops/recipe-pause.service.ts:consumer-reference | project/apps/api/src/modules/icrabot/ops/sla-boost.service.ts:consumer-reference | project/apps/api/src/modules/icrabot/plan/plan-loader.service.ts:consumer-reference | project/apps/api/src/modules/icrabot/recipe.service.ts:consumer-reference | project/apps/api/src/modules/icrabot/recorder/selector-health.service.ts:consumer-reference | project/apps/api/src/modules/icrabot/recorder/uimap-recorder.service.ts:consumer-reference | project/apps/api/src/modules/icrabot/runner/recipe-runner.service.ts:consumer-reference | project/apps/api/src/modules/icrabot/scheduler/adaptive-scheduler.service.ts:consumer-reference | project/apps/api/src/modules/icrabot/scheduler/orchestrator-v30.service.ts:consumer-reference | project/apps/api/src/modules/icrabot/scheduler/priority-dispatcher.service.ts:consumer-reference | project/apps/api/src/modules/icrabot/scheduler/queue-policy-loader.service.ts:consumer-reference | project/apps/api/src/modules/icrabot/scheduler/scheduler.service.ts:consumer-reference | project/apps/api/src/modules/icrabot/task-orchestrator.service.ts:consumer-reference | project/apps/api/src/modules/icrabot/v28-engine/action-feedback.service.ts:consumer-reference | project/apps/api/src/modules/icrabot/v28-engine/action-handler.service.ts:consumer-reference | project/apps/api/src/modules/icrabot/v28-engine/compute-registry.service.ts:consumer-reference | project/apps/api/src/modules/icrabot/v28-engine/engine-run.service.ts:consumer-reference | project/apps/api/src/modules/icrabot/v28-engine/engine-runner.service.ts:consumer-reference | project/apps/api/src/modules/icrabot/v28-engine/factstore.service.ts:consumer-reference | project/apps/api/src/modules/icrabot/v28-engine/outbox.service.ts:consumer-reference | project/apps/api/src/modules/icrabot/v28-engine/rule-loader.service.ts:consumer-reference | project/apps/api/src/modules/icrabot/v28-engine/scenario-harness.service.ts:consumer-reference | project/apps/api/src/modules/icrabot/v28-engine/seed.service.ts:consumer-reference | project/apps/api/src/modules/icrabot/v28-engine/tenant-resolver.ts:consumer-reference | project/apps/api/src/modules/icrabot/v28-engine/timeline.service.ts:consumer-reference | project/apps/api/src/modules/icrabot/v28-engine/uyap-event-ingest.service.ts:consumer-reference | project/apps/api/src/modules/interest-engine/audit-log.service.ts:consumer-reference | project/apps/api/src/modules/interest-engine/audit/prisma-audit.service.ts:consumer-reference | project/apps/api/src/modules/interest-engine/orchestration/case-balance.service.ts:consumer-reference | project/apps/api/src/modules/interest-engine/rate-schedule.service.ts:consumer-reference | project/apps/api/src/modules/interest-engine/rate-sync.service.ts:consumer-reference | project/apps/api/src/modules/interest-engine/rates/rate-provider.service.ts:consumer-reference | project/apps/api/src/modules/lawyer/acting-lawyer-resolver.service.ts:consumer-reference | project/apps/api/src/modules/lawyer/lawyer.service.ts:consumer-reference | project/apps/api/src/modules/legal-deadline/legal-deadline.service.ts:consumer-reference | project/apps/api/src/modules/legal-deadline/legal-service-date-rule-core.ts:consumer-reference | project/apps/api/src/modules/legal-deadline/proceeding-classification.service.ts:consumer-reference | project/apps/api/src/modules/legal-deadline/service-occurrence-deadline-calculation.service.ts:consumer-reference | project/apps/api/src/modules/legal-time-shadow/legal-time-shadow.service.ts:consumer-reference | project/apps/api/src/modules/limitation-engine/limitation-engine.service.ts:consumer-reference | project/apps/api/src/modules/lookup/lookup.service.ts:consumer-reference | project/apps/api/src/modules/message-template/message-template.service.ts:consumer-reference | project/apps/api/src/modules/notification/notification.service.ts:consumer-reference | project/apps/api/src/modules/office-approval/client-financial-disclosure-approval.policy.ts:consumer-reference | project/apps/api/src/modules/office-approval/client-payout-approval.policy.ts:consumer-reference | project/apps/api/src/modules/office-approval/office-approval-executor-cron.service.ts:consumer-reference | project/apps/api/src/modules/office-approval/office-approval-executor.service.ts:consumer-reference | project/apps/api/src/modules/office-approval/office-approval-shadow.service.ts:consumer-reference | project/apps/api/src/modules/office-approval/office-approval.service.ts:consumer-reference | project/apps/api/src/modules/office/office.service.ts:consumer-reference | project/apps/api/src/modules/payment-instruction/payment-instruction.service.ts:consumer-reference | project/apps/api/src/modules/poa/poa.service.ts:consumer-reference | project/apps/api/src/modules/policy-engine/case-policy-engine.service.ts:consumer-reference | project/apps/api/src/modules/policy-engine/decision-logger/decision-log-retention.service.ts:consumer-reference | project/apps/api/src/modules/policy-engine/decision-logger/decision-logger.service.ts:consumer-reference | project/apps/api/src/modules/policy-engine/decision-logger/execution-recorder.service.ts:consumer-reference | project/apps/api/src/modules/policy-engine/decorators/cpe-required.guard.ts:consumer-reference | project/apps/api/src/modules/policy-engine/deprecated-usage-tracker.service.ts:consumer-reference | project/apps/api/src/modules/policy-engine/effective-permission-resolver.service.ts:consumer-reference | project/apps/api/src/modules/policy-engine/fact-store/fact-store.service.ts:consumer-reference | project/apps/api/src/modules/policy-engine/policy-engine.controller.ts:consumer-reference | project/apps/api/src/modules/policy-engine/state-machine/state-machine.service.ts:consumer-reference | project/apps/api/src/modules/portal/client-financial-disclosure-portal.service.ts:consumer-reference | project/apps/api/src/modules/portal/portal-auth.guard.ts:consumer-reference | project/apps/api/src/modules/portal/portal.service.ts:consumer-reference | project/apps/api/src/modules/precautionary-order/precautionary-order.service.ts:consumer-reference | project/apps/api/src/modules/public-institution/public-institution.service.ts:consumer-reference | project/apps/api/src/modules/related-lawsuits/related-lawsuits.service.ts:consumer-reference | project/apps/api/src/modules/report/report.service.ts:consumer-reference | project/apps/api/src/modules/reporting-line/reporting-line.service.ts:consumer-reference | project/apps/api/src/modules/risk/risk.service.ts:consumer-reference | project/apps/api/src/modules/scheduler/scheduler-batch.helper.ts:consumer-reference | project/apps/api/src/modules/scheduler/scheduler.service.ts:consumer-reference | project/apps/api/src/modules/seed/seed.service.ts:consumer-reference | project/apps/api/src/modules/staff/staff.service.ts:consumer-reference | project/apps/api/src/modules/stage-trigger/stage-trigger.service.ts:consumer-reference | project/apps/api/src/modules/summary-engine/summary-engine.service.ts:consumer-reference | project/apps/api/src/modules/task/task.service.ts:consumer-reference | project/apps/api/src/modules/tebligat/service-occurrence/service-occurrence-recorded-event.accessor.ts:consumer-reference | project/apps/api/src/modules/tebligat/service-occurrence/service-occurrence.service.ts:consumer-reference | project/apps/api/src/modules/tebligat/tebligat.service.ts:consumer-reference | project/apps/api/src/modules/tebligat/uets.service.ts:consumer-reference | project/apps/api/src/modules/template-engine/template-engine.service.ts:consumer-reference | project/apps/api/src/modules/tenant/tenant.service.ts:consumer-reference | project/apps/api/src/modules/user/user.service.ts:consumer-reference | project/apps/api/src/modules/uyap-export/uyap-case-mapper.service.ts:consumer-reference | project/apps/api/src/modules/uyap-export/uyap-export.service.ts:consumer-reference | project/apps/api/src/modules/uyap/authority/uyap-authority-snapshot.service.ts:consumer-reference | project/apps/api/src/modules/uyap/authority/uyap-send-authority-resolver.service.ts:consumer-reference | project/apps/api/src/modules/uyap/official/official-exchange-builder.ts:consumer-reference | project/apps/api/src/modules/uyap/official/official-role-translator.ts:consumer-reference | project/apps/api/src/modules/uyap/operation-writer/uyap-cpe-decision-link-writer.service.ts:consumer-reference | project/apps/api/src/modules/uyap/operation-writer/uyap-operation-evidence.orchestrator.ts:consumer-reference | project/apps/api/src/modules/uyap/operation-writer/uyap-operation-writer.service.ts:consumer-reference | project/apps/api/src/modules/uyap/uyap-xml.service.ts:consumer-reference | project/apps/api/src/modules/uyap/uyap.service.ts:consumer-reference | project/apps/api/src/modules/validation-gate/validation-gate.service.ts:consumer-reference | project/apps/api/src/prisma/prisma.module.ts:PrismaModule.providers | project/apps/api/src/prisma/prisma.service.ts:5 | project/apps/api/src/scripts/adr014-local-shadow-evidence-runner.ts:consumer-reference | project/apps/api/src/scripts/enforcement-action-backfill-profiler.ts:consumer-reference | project/apps/api/src/scripts/g6-backfill-dry-run.ts:consumer-reference | project/apps/api/src/scripts/office-cap02-reportingline-initial-population.ts:consumer-reference | project/scripts/orchestration-v2/orchestrator/orchestrator.cjs:consumer-reference","COLLECT_MISSING_EVIDENCE"
"INT-5140E8BAA992","UYAP CONNECTOR","CaseHealthService","IMPLEMENTED","true","true","true","true","1","","false","OPERABLE_UNVERIFIED","NONE","","project/apps/api/src/modules/icrabot/health/case-health.service.ts:45 | project/apps/api/src/modules/icrabot/health/health.controller.ts:consumer-reference | project/apps/api/src/modules/icrabot/icrabot.module.ts:IcrabotModule.providers","ADD_REPRESENTATIVE_L6_VERIFICATION"
"INT-52381B25CE1C","RECEIVABLE / ALACAK","SegmentBuilderService","IMPLEMENTED | MERGED","true","true","","true","4","","false","UNKNOWN_REQUIRES_EVIDENCE","NONE","","project/apps/api/src/modules/interest-engine/interest-engine.module.ts:InterestEngineModule.providers | project/apps/api/src/modules/interest-engine/interest-engine.service.ts:consumer-reference | project/apps/api/src/modules/interest-engine/scenario-diagnostic/golden-fixture-unit-runner.ts:consumer-reference | project/apps/api/src/modules/interest-engine/scenario-diagnostic/scenario-diagnostic-runner.ts:consumer-reference | project/apps/api/src/modules/interest-engine/segments/segment-builder.service.ts:67 | project/apps/api/src/scripts/adr014-rep-02-local-execution.ts:consumer-reference","COLLECT_MISSING_EVIDENCE"
"INT-523DA20F60C8","SHARED PLATFORM / INFRASTRUCTURE","CaseService","CANONICAL | IMPLEMENTED | MERGED","true","true","false","false","13","","false","SUPERSEDED","P3","","project/apps/api/src/modules/balance-display-shadow-diff/balance-display-shadow-diff.service.ts:consumer-reference | project/apps/api/src/modules/case/case-responsible.helpers.ts:consumer-reference | project/apps/api/src/modules/case/case.controller.ts:consumer-reference | project/apps/api/src/modules/case/case.module.ts:CaseModule.providers | project/apps/api/src/modules/case/case.service.ts:456 | project/apps/api/src/modules/case/due-to-claim-item.mapper.ts:consumer-reference | project/apps/api/src/modules/case/ocr-instrument-to-case-instrument.mapper.ts:consumer-reference | project/apps/api/src/modules/collection/collection.service.ts:consumer-reference | project/apps/api/src/modules/debtor-scoring/inputs/financial-input.adapter.ts:consumer-reference | project/apps/api/src/modules/debtor/debtor.service.ts:consumer-reference | project/apps/api/src/modules/expense-request/expense-gate.service.ts:consumer-reference | project/apps/api/src/modules/icrabot/icrabot.service.ts:consumer-reference | project/apps/api/src/modules/interest-engine/interest-strategy.config.ts:consumer-reference | project/apps/api/src/modules/interest-engine/orchestration/case-balance.service.ts:consumer-reference | project/apps/api/src/scripts/adr014-rep-02-local-execution.ts:consumer-reference","PRESERVE_HISTORY_AND_PLAN_SAFE_RETIREMENT"
"INT-523F7425C3F2","UYAP CONNECTOR","ActionListService","IMPLEMENTED","true","true","true","true","1","","false","OPERABLE_UNVERIFIED","NONE","","project/apps/api/src/modules/icrabot/icrabot.module.ts:IcrabotModule.providers | project/apps/api/src/modules/icrabot/mvp/action-list.service.ts:26 | project/apps/api/src/modules/icrabot/mvp/mvp.controller.ts:consumer-reference","ADD_REPRESENTATIVE_L6_VERIFICATION"
"INT-528C40CC7234","SHARED PLATFORM / INFRASTRUCTURE","GazetteWatcherService","IMPLEMENTED","true","true","true","true","2","","false","OPERABLE_UNVERIFIED","NONE","","project/apps/api/src/modules/tariff/gazette-watcher.service.ts:16 | project/apps/api/src/modules/tariff/tariff.controller.ts:consumer-reference | project/apps/api/src/modules/tariff/tariff.module.ts:TariffModule.providers","ADD_REPRESENTATIVE_L6_VERIFICATION"
"INT-559856C8029B","RECEIVABLE / ALACAK","CaseBalanceService","CANONICAL | CLOSED | IMPLEMENTED | MERGED","true","true","","true","17","","false","UNKNOWN_REQUIRES_EVIDENCE","NONE","","project/apps/api/src/modules/accounting-journal/accounting-journal.writer.ts:consumer-reference | project/apps/api/src/modules/balance-display-shadow-diff/balance-display-shadow-diff.service.ts:consumer-reference | project/apps/api/src/modules/balance-shadow-compare/balance-shadow-compare.service.ts:consumer-reference | project/apps/api/src/modules/case-balance/case-balance.controller.ts:consumer-reference | project/apps/api/src/modules/case-balance/case-balance.module.ts:CaseBalanceModule.providers | project/apps/api/src/modules/case-balance/case-balance.service.ts:consumer-reference | project/apps/api/src/modules/case-balance/index.ts:consumer-reference | project/apps/api/src/modules/case/case-payment-preview.service.ts:consumer-reference | project/apps/api/src/modules/case/case.service.ts:consumer-reference | project/apps/api/src/modules/debtor-scoring/debtor-scoring.service.ts:consumer-reference | project/apps/api/src/modules/debtor-scoring/inputs/financial-input.adapter.ts:consumer-reference | project/apps/api/src/modules/expense-request/expense-request.service.ts:consumer-reference | project/apps/api/src/modules/interest-engine/interest-engine.controller.ts:consumer-reference | project/apps/api/src/modules/interest-engine/interest-engine.module.ts:InterestEngineModule.providers | project/apps/api/src/modules/interest-engine/interest-engine.service.ts:consumer-reference | project/apps/api/src/modules/interest-engine/mapping/interest-type-bridge.ts:consumer-reference | project/apps/api/src/modules/interest-engine/orchestration/case-balance.service.ts:193 | project/apps/api/src/modules/interest-engine/scenario-diagnostic/scenario-diagnostic-runner.ts:consumer-reference | project/apps/api/src/modules/stage-trigger/stage-trigger.service.ts:consumer-reference | project/apps/api/src/scripts/adr014-rep-02-local-execution.ts:consumer-reference","COLLECT_MISSING_EVIDENCE"
"INT-563FA48EF5BD","SHARED PLATFORM / INFRASTRUCTURE","SmsProviderService","IMPLEMENTED","true","true","","false","0","","false","UNKNOWN_REQUIRES_EVIDENCE","NONE","SmsProviderService production DI/constructor yüzeyinde mevcut fakat gerçek root consumer bulunamadı.","project/apps/api/src/modules/notification/notification.module.ts:NotificationModule.providers | project/apps/api/src/modules/notification/sms-provider.service.ts:30","COLLECT_MISSING_EVIDENCE"
"INT-5776CA5FCDF9","DEBTOR / BORÇLU","AddressService","IMPLEMENTED | MERGED","true","true","true","true","4","","false","OPERABLE_UNVERIFIED","NONE","","project/apps/api/src/common/address-hash.util.ts:consumer-reference | project/apps/api/src/modules/case-debtor-lifecycle-guard/case-debtor-lifecycle-guard.service.ts:consumer-reference | project/apps/api/src/modules/debtor/address.controller.ts:consumer-reference | project/apps/api/src/modules/debtor/address.service.ts:119 | project/apps/api/src/modules/debtor/debtor.module.ts:DebtorModule.providers | project/apps/api/src/modules/debtor/debtor.service.ts:consumer-reference","ADD_REPRESENTATIVE_L6_VERIFICATION"
"INT-580A9A8C511B","UYAP CONNECTOR","UetsService","IMPLEMENTED | MERGED","true","true","","true","2","","false","UNKNOWN_REQUIRES_EVIDENCE","NONE","","project/apps/api/src/modules/tebligat/tebligat.controller.ts:consumer-reference | project/apps/api/src/modules/tebligat/tebligat.module.ts:TebligatModule.providers | project/apps/api/src/modules/tebligat/tebligat.service.ts:consumer-reference | project/apps/api/src/modules/tebligat/uets.service.ts:45","COLLECT_MISSING_EVIDENCE"
"INT-584CDE6CE140","SHARED PLATFORM / INFRASTRUCTURE","PrecautionaryOrderService","CANONICAL | IMPLEMENTED | MERGED","true","true","true","true","1","","false","OPERABLE_UNVERIFIED","NONE","","project/apps/api/src/modules/precautionary-order/precautionary-order.controller.ts:consumer-reference | project/apps/api/src/modules/precautionary-order/precautionary-order.module.ts:PrecautionaryOrderModule.providers | project/apps/api/src/modules/precautionary-order/precautionary-order.service.ts:47","ADD_REPRESENTATIVE_L6_VERIFICATION"
"INT-585689494982","SHARED PLATFORM / INFRASTRUCTURE","EscalationService","IMPLEMENTED","true","false","false","false","4","","false","CODE_PRESENT_UNBOUND","P2","EscalationService production-reachable provider kaydında veya doğrudan construction path'inde bulunamadı.","project/apps/api/src/modules/calc-preview/diagnostics/playbook/action-executor.service.ts:consumer-reference | project/apps/api/src/modules/calc-preview/diagnostics/playbook/escalation.service.ts:61 | project/apps/api/src/modules/calc-preview/diagnostics/playbook/index.ts:consumer-reference | project/apps/api/src/modules/calc-preview/diagnostics/playbook/playbook.service.ts:consumer-reference","OWNER_REVIEW_BIND_OR_DISPOSITION"
"INT-5A788F28F532","SHARED PLATFORM / INFRASTRUCTURE","AccountingJournalFinancialStatementProjectionService","IMPLEMENTED","true","true","true","true","1","","false","OPERABLE_UNVERIFIED","NONE","","project/apps/api/src/modules/accounting-journal/accounting-journal-financial-statement.controller.ts:consumer-reference | project/apps/api/src/modules/accounting-journal/accounting-journal-financial-statement.projection.service.ts:38 | project/apps/api/src/modules/accounting-journal/accounting-journal-trial-balance.module.ts:AccountingJournalTrialBalanceModule.providers","ADD_REPRESENTATIVE_L6_VERIFICATION"
"INT-5B4AF9327EA1","UYAP CONNECTOR","OutboxCronService","IMPLEMENTED | MERGED","true","true","true","true","4","","false","OPERABLE_UNVERIFIED","NONE","","project/apps/api/src/modules/icrabot/v28-engine/action-handler.service.ts:consumer-reference | project/apps/api/src/modules/icrabot/v28-engine/outbox-cron.service.ts:18 | project/apps/api/src/modules/icrabot/v28-engine/outbox.service.ts:consumer-reference | project/apps/api/src/modules/icrabot/v28-engine/v28-engine.module.ts:V28EngineModule.providers | project/apps/api/src/modules/tebligat/service-occurrence/service-occurrence-recorded.registrar.ts:consumer-reference","ADD_REPRESENTATIVE_L6_VERIFICATION"
"INT-5C0483DECC6E","SHARED PLATFORM / INFRASTRUCTURE","CaseCollateralService","IMPLEMENTED","true","true","true","true","1","","false","OPERABLE_UNVERIFIED","NONE","","project/apps/api/src/modules/case-collateral/case-collateral.controller.ts:consumer-reference | project/apps/api/src/modules/case-collateral/case-collateral.module.ts:CaseCollateralModule.providers | project/apps/api/src/modules/case-collateral/case-collateral.service.ts:40","ADD_REPRESENTATIVE_L6_VERIFICATION"
"INT-5C6EECA1E5D2","UYAP CONNECTOR","EvidenceService","IMPLEMENTED","true","true","true","true","4","","false","OPERABLE_UNVERIFIED","NONE","","project/apps/api/src/modules/icrabot/evidence.service.ts:18 | project/apps/api/src/modules/icrabot/icrabot.module.ts:IcrabotModule.providers | project/apps/api/src/modules/icrabot/icrabot.service.ts:consumer-reference | project/apps/api/src/modules/icrabot/index.ts:consumer-reference | project/apps/api/src/modules/icrabot/runner/recipe-runner.service.ts:consumer-reference | project/apps/api/src/modules/icrabot/task-orchestrator.service.ts:consumer-reference","ADD_REPRESENTATIVE_L6_VERIFICATION"
"INT-5D1D154204AC","SHARED PLATFORM / INFRASTRUCTURE","SimulationMetricsService","IMPLEMENTED","true","true","true","true","6","","false","OPERABLE_UNVERIFIED","NONE","","project/apps/api/src/modules/calc-preview/diagnostics/playbook/escalation-state.repository.ts:consumer-reference | project/apps/api/src/modules/calc-preview/diagnostics/playbook/hysteresis-escalation.service.ts:consumer-reference | project/apps/api/src/modules/calc-preview/diagnostics/simulation-api/guards/adaptive-prom-metrics.ts:consumer-reference | project/apps/api/src/modules/calc-preview/diagnostics/simulation-api/guards/guard-interceptor.ts:consumer-reference | project/apps/api/src/modules/calc-preview/diagnostics/simulation-api/promote.service.ts:consumer-reference | project/apps/api/src/modules/calc-preview/diagnostics/simulation-api/simulation-api.module.ts:SimulationApiModule.providers | project/apps/api/src/modules/calc-preview/diagnostics/simulation-api/simulation-audit.adapter.ts:consumer-reference | project/apps/api/src/modules/calc-preview/diagnostics/simulation-api/simulation-metrics.service.ts:43","ADD_REPRESENTATIVE_L6_VERIFICATION"
"INT-5D5F09E4F6DE","SHARED PLATFORM / INFRASTRUCTURE","VersionedCacheService","IMPLEMENTED","true","true","true","true","3","","false","OPERABLE_UNVERIFIED","NONE","","project/apps/api/src/modules/calc-preview/cache/versioned-cache.service.ts:155 | project/apps/api/src/modules/calc-preview/calc-preview.controller.ts:consumer-reference | project/apps/api/src/modules/calc-preview/calc-preview.module.ts:CalcPreviewModule.providers | project/apps/api/src/modules/calc-preview/diagnostics/diagnostics-aggregator.service.ts:consumer-reference | project/apps/api/src/modules/calc-preview/diagnostics/diagnostics.module.ts:DiagnosticsModule.providers | project/apps/api/src/modules/calc-preview/diagnostics/playbook/action-executor.service.ts:consumer-reference","ADD_REPRESENTATIVE_L6_VERIFICATION"
"INT-5EDA184EE0E0","SHARED PLATFORM / INFRASTRUCTURE","TaskService","IMPLEMENTED | MERGED","true","true","true","true","1","","false","OPERABLE_UNVERIFIED","NONE","","project/apps/api/src/modules/task/task.controller.ts:consumer-reference | project/apps/api/src/modules/task/task.module.ts:TaskModule.providers | project/apps/api/src/modules/task/task.service.ts:6","ADD_REPRESENTATIVE_L6_VERIFICATION"
"INT-5EFB62CF1A72","UYAP CONNECTOR","UyapSendAuthorityResolverService","MERGED","true","true","true","true","2","","false","OPERABLE_UNVERIFIED","NONE","","project/apps/api/src/modules/uyap/authority/uyap-authority-fact.provider.ts:consumer-reference | project/apps/api/src/modules/uyap/authority/uyap-authority-snapshot.service.ts:consumer-reference | project/apps/api/src/modules/uyap/authority/uyap-send-authority-resolver.service.ts:68 | project/apps/api/src/modules/uyap/uyap.module.ts:UyapModule.providers","ADD_REPRESENTATIVE_L6_VERIFICATION"
"INT-5F7135E6A7CE","SHARED PLATFORM / INFRASTRUCTURE","SimulationRBACGuard","IMPLEMENTED","true","true","true","true","7","","false","OPERABLE_UNVERIFIED","NONE","","project/apps/api/src/modules/calc-preview/diagnostics/simulation-api/evidence-bundle.controller.ts:consumer-reference | project/apps/api/src/modules/calc-preview/diagnostics/simulation-api/guards/simulation-rbac.guard.ts:60 | project/apps/api/src/modules/calc-preview/diagnostics/simulation-api/index.ts:consumer-reference | project/apps/api/src/modules/calc-preview/diagnostics/simulation-api/legal-hold.controller.ts:consumer-reference | project/apps/api/src/modules/calc-preview/diagnostics/simulation-api/promote.controller.ts:consumer-reference | project/apps/api/src/modules/calc-preview/diagnostics/simulation-api/scenario-ranker.controller.ts:consumer-reference | project/apps/api/src/modules/calc-preview/diagnostics/simulation-api/simulation-api.module.ts:SimulationApiModule.providers | project/apps/api/src/modules/calc-preview/diagnostics/simulation-api/simulation-v1-alias.controller.ts:consumer-reference | project/apps/api/src/modules/calc-preview/diagnostics/simulation-api/simulation.controller.ts:consumer-reference","ADD_REPRESENTATIVE_L6_VERIFICATION"
"INT-5FFAD74F5103","SHARED PLATFORM / INFRASTRUCTURE","FaultInjectorService","IMPLEMENTED","true","false","false","false","2","","false","INTENTIONALLY_DORMANT","NONE","FaultInjectorService production-reachable provider kaydında veya doğrudan construction path'inde bulunamadı.","project/apps/api/src/modules/calc-preview/chaos/chaos.controller.ts:consumer-reference | project/apps/api/src/modules/calc-preview/chaos/fault-injector.service.ts:24 | project/apps/api/src/modules/calc-preview/sweep/build-artifact-sweep.ts:consumer-reference","PRESERVE_DORMANT_CONTRACT"
"INT-61005949D709","DEBTOR / BORÇLU","LegalPeriodCalculationService","CANONICAL","true","true","true","true","3","","false","OPERABLE_UNVERIFIED","NONE","","project/apps/api/src/modules/automation/workflow-engine.service.ts:consumer-reference | project/apps/api/src/modules/debtor/debtor.service.ts:consumer-reference | project/apps/api/src/modules/legal-deadline/legal-deadline.module.ts:LegalDeadlineModule.providers | project/apps/api/src/modules/legal-deadline/legal-period-calculation.service.ts:58 | project/apps/api/src/modules/tebligat/service-occurrence/service-occurrence-recorded.consumer.ts:consumer-reference","ADD_REPRESENTATIVE_L6_VERIFICATION"
"INT-61036BA87663","RECEIVABLE / ALACAK","MaskingService","IMPLEMENTED","true","true","","false","0","","false","UNKNOWN_REQUIRES_EVIDENCE","NONE","MaskingService production DI/constructor yüzeyinde mevcut fakat gerçek root consumer bulunamadı.","project/apps/api/src/modules/interest-engine/audit/masking.service.ts:54 | project/apps/api/src/modules/interest-engine/interest-engine.module.ts:InterestEngineModule.providers","COLLECT_MISSING_EVIDENCE"
"INT-616A965CA527","AUTH / TENANT / SECURITY","OfficeResetPasswordRateLimitGuard","MERGED","true","true","true","true","2","","false","OPERABLE_UNVERIFIED","NONE","","project/apps/api/src/modules/auth/guards/office-forgot-password-rate-limit.guard.ts:consumer-reference | project/apps/api/src/modules/auth/guards/office-reset-password-rate-limit.guard.ts:33 | project/apps/api/src/modules/auth/password-reset/password-reset.controller.ts:consumer-reference","ADD_REPRESENTATIVE_L6_VERIFICATION"
"INT-61CC7D2EC736","SHARED PLATFORM / INFRASTRUCTURE","BreakGlassRequestService","IMPLEMENTED","true","false","false","false","3","","false","CODE_PRESENT_UNBOUND","P2","BreakGlassRequestService production-reachable provider kaydında veya doğrudan construction path'inde bulunamadı.","project/apps/api/src/modules/calc-preview/break-glass/controllers/break-glass.controller.ts:consumer-reference | project/apps/api/src/modules/calc-preview/break-glass/services/approval/approval.service.ts:consumer-reference | project/apps/api/src/modules/calc-preview/break-glass/services/request/index.ts:consumer-reference | project/apps/api/src/modules/calc-preview/break-glass/services/request/request.service.ts:143","OWNER_REVIEW_BIND_OR_DISPOSITION"
"INT-61FBFD5B171C","DEBTOR / BORÇLU","DebtorScoringService","CANONICAL","true","true","true","true","3","","false","OPERABLE_UNVERIFIED","NONE","","project/apps/api/src/modules/debtor-scoring/debtor-scoring.module.ts:DebtorScoringModule.providers | project/apps/api/src/modules/debtor-scoring/debtor-scoring.service.ts:26 | project/apps/api/src/modules/debtor-scoring/inputs/case-signal-input.adapter.ts:consumer-reference | project/apps/api/src/modules/debtor-scoring/inputs/financial-input.adapter.ts:consumer-reference | project/apps/api/src/modules/debtor-scoring/scoring-engine.ts:consumer-reference","ADD_REPRESENTATIVE_L6_VERIFICATION"
"INT-624805541497","UYAP CONNECTOR","AdminService","IMPLEMENTED","true","true","true","true","1","","false","OPERABLE_UNVERIFIED","NONE","","project/apps/api/src/modules/icrabot/admin/admin.controller.ts:consumer-reference | project/apps/api/src/modules/icrabot/admin/admin.service.ts:23 | project/apps/api/src/modules/icrabot/icrabot.module.ts:IcrabotModule.providers","ADD_REPRESENTATIVE_L6_VERIFICATION"
"INT-6303E5E243D1","SHARED PLATFORM / INFRASTRUCTURE","TenantContextResolver","IMPLEMENTED","true","false","false","false","3","","false","CODE_PRESENT_UNBOUND","P2","TenantContextResolver production-reachable provider kaydında veya doğrudan construction path'inde bulunamadı.","project/apps/api/src/modules/calc-preview/tenant-context/index.ts:consumer-reference | project/apps/api/src/modules/calc-preview/tenant-context/tenant-context.guard.ts:consumer-reference | project/apps/api/src/modules/calc-preview/tenant-context/tenant-context.resolver.ts:45 | project/apps/api/src/modules/calc-preview/tenant-context/tenant-context.types.ts:consumer-reference","OWNER_REVIEW_BIND_OR_DISPOSITION"
"INT-63371F4CBD18","RECEIVABLE / ALACAK","VersionPinningService","IMPLEMENTED","true","true","","true","4","","false","UNKNOWN_REQUIRES_EVIDENCE","NONE","","project/apps/api/src/modules/interest-engine/interest-engine.module.ts:InterestEngineModule.providers | project/apps/api/src/modules/interest-engine/interest-engine.service.ts:consumer-reference | project/apps/api/src/modules/interest-engine/scenario-diagnostic/golden-fixture-unit-runner.ts:consumer-reference | project/apps/api/src/modules/interest-engine/scenario-diagnostic/scenario-diagnostic-runner.ts:consumer-reference | project/apps/api/src/modules/interest-engine/version/version-pinning.service.ts:28 | project/apps/api/src/scripts/adr014-rep-02-local-execution.ts:consumer-reference","COLLECT_MISSING_EVIDENCE"
"INT-63891E857AE1","DEBTOR / BORÇLU","ProceedingClassificationService","CANONICAL","true","true","true","true","2","","false","OPERABLE_UNVERIFIED","NONE","","project/apps/api/src/modules/legal-deadline/legal-deadline.module.ts:LegalDeadlineModule.providers | project/apps/api/src/modules/legal-deadline/legal-period-calculation.service.ts:consumer-reference | project/apps/api/src/modules/legal-deadline/proceeding-classification.service.ts:33 | project/apps/api/src/modules/tebligat/service-occurrence/service-occurrence-recorded.consumer.ts:consumer-reference","ADD_REPRESENTATIVE_L6_VERIFICATION"
"INT-63B7D2B43B29","RECEIVABLE / ALACAK","RateScheduleService","IMPLEMENTED","true","true","","true","2","","false","SUPERSEDED","P3","","project/apps/api/src/modules/interest-engine/interest-engine.module.ts:InterestEngineModule.providers | project/apps/api/src/modules/interest-engine/policy-gate.service.ts:consumer-reference | project/apps/api/src/modules/interest-engine/rate-schedule.service.ts:26 | project/apps/api/src/modules/interest-engine/rate-sync.service.ts:consumer-reference","PRESERVE_HISTORY_AND_PLAN_SAFE_RETIREMENT"
"INT-64046ACFD8FD","OFFICE / AVUKAT-PERSONEL","OfficeApprovalExecutorService","MERGED","true","true","true","true","2","","false","OPERABLE_UNVERIFIED","NONE","","project/apps/api/src/modules/office-approval/office-approval-executor-cron.service.ts:consumer-reference | project/apps/api/src/modules/office-approval/office-approval-executor.module.ts:OfficeApprovalExecutorModule.providers | project/apps/api/src/modules/office-approval/office-approval-executor.service.ts:47 | project/apps/api/src/modules/office-approval/office-approval.service.ts:consumer-reference","ADD_REPRESENTATIVE_L6_VERIFICATION"
"INT-6420B9E1B0B3","CLIENT / MÜVEKKİL","ClientFinancialDisclosureProjectionService","MERGED","true","true","true","true","1","","false","SUPERSEDED","P3","","project/apps/api/src/modules/client-financial-disclosure/client-financial-disclosure-projection.service.ts:72 | project/apps/api/src/modules/portal/client-financial-disclosure-portal.service.ts:consumer-reference","PRESERVE_HISTORY_AND_PLAN_SAFE_RETIREMENT"
"INT-64FB4CCBB5CD","SHARED PLATFORM / INFRASTRUCTURE","ExportImportService","IMPLEMENTED | MERGED","true","true","true","true","1","","false","OPERABLE_UNVERIFIED","NONE","","project/apps/api/src/modules/export-import/export-import.controller.ts:consumer-reference | project/apps/api/src/modules/export-import/export-import.module.ts:ExportImportModule.providers | project/apps/api/src/modules/export-import/export-import.service.ts:96","ADD_REPRESENTATIVE_L6_VERIFICATION"
"INT-654428130B15","SHARED PLATFORM / INFRASTRUCTURE","AiService","IMPLEMENTED | MERGED","true","true","","true","2","","false","UNKNOWN_REQUIRES_EVIDENCE","NONE","","project/apps/api/src/common/collection-confirmed.util.ts:consumer-reference | project/apps/api/src/modules/ai/ai.controller.ts:consumer-reference | project/apps/api/src/modules/ai/ai.module.ts:AiModule.providers | project/apps/api/src/modules/ai/ai.service.ts:24","COLLECT_MISSING_EVIDENCE"
"INT-662BAF178B09","UYAP CONNECTOR","TimelineService","IMPLEMENTED | MERGED","true","true","true","true","11","","false","OPERABLE_UNVERIFIED","NONE","","project/apps/api/src/modules/icrabot/domain-event-ingest/aggregate-version-allocator.ts:consumer-reference | project/apps/api/src/modules/icrabot/domain-event-ingest/domain-event-ingest.service.ts:consumer-reference | project/apps/api/src/modules/icrabot/v28-engine/action-feedback.service.ts:consumer-reference | project/apps/api/src/modules/icrabot/v28-engine/action-handler.service.ts:consumer-reference | project/apps/api/src/modules/icrabot/v28-engine/case-scope.ts:consumer-reference | project/apps/api/src/modules/icrabot/v28-engine/engine-runner.service.ts:consumer-reference | project/apps/api/src/modules/icrabot/v28-engine/index.ts:consumer-reference | project/apps/api/src/modules/icrabot/v28-engine/seed.service.ts:consumer-reference | project/apps/api/src/modules/icrabot/v28-engine/tenant-resolver.ts:consumer-reference | project/apps/api/src/modules/icrabot/v28-engine/timeline.service.ts:68 | project/apps/api/src/modules/icrabot/v28-engine/uyap-event-ingest.service.ts:consumer-reference | project/apps/api/src/modules/icrabot/v28-engine/v28-engine.controller.ts:consumer-reference | project/apps/api/src/modules/icrabot/v28-engine/v28-engine.module.ts:V28EngineModule.providers","ADD_REPRESENTATIVE_L6_VERIFICATION"
"INT-66CE94486861","SHARED PLATFORM / INFRASTRUCTURE","DiagnosticsRedactionService","IMPLEMENTED","true","true","true","true","2","","false","OPERABLE_UNVERIFIED","NONE","","project/apps/api/src/modules/calc-preview/diagnostics/diagnostics-redaction.service.ts:105 | project/apps/api/src/modules/calc-preview/diagnostics/diagnostics.module.ts:DiagnosticsModule.providers | project/apps/api/src/modules/calc-preview/diagnostics/diagnostics.service.ts:consumer-reference | project/apps/api/src/modules/calc-preview/diagnostics/index.ts:consumer-reference","ADD_REPRESENTATIVE_L6_VERIFICATION"
"INT-67301149B243","CLIENT / MÜVEKKİL","ClientFinancialDisclosurePublicationService","MERGED","true","false","false","false","0","","false","SUPERSEDED","P3","ClientFinancialDisclosurePublicationService production-reachable provider kaydında veya doğrudan construction path'inde bulunamadı.","project/apps/api/src/modules/client-financial-disclosure/client-financial-disclosure-publication.service.ts:107","PRESERVE_HISTORY_AND_PLAN_SAFE_RETIREMENT"
"INT-67F5F5E24860","SHARED PLATFORM / INFRASTRUCTURE","OcrFeedbackService","MERGED","true","true","true","true","1","","false","OPERABLE_UNVERIFIED","NONE","","project/apps/api/src/modules/ocr/ocr-feedback.service.ts:27 | project/apps/api/src/modules/ocr/ocr.controller.ts:consumer-reference | project/apps/api/src/modules/ocr/ocr.module.ts:OcrModule.providers","ADD_REPRESENTATIVE_L6_VERIFICATION"
"INT-69387AA4BCB2","RECEIVABLE / ALACAK","AllocationEngineService","IMPLEMENTED | MERGED","true","true","","true","6","","false","UNKNOWN_REQUIRES_EVIDENCE","NONE","","project/apps/api/src/modules/interest-engine/allocation/allocation-engine.service.ts:90 | project/apps/api/src/modules/interest-engine/allocation/index.ts:consumer-reference | project/apps/api/src/modules/interest-engine/allocation/tbk100-allocator.service.ts:consumer-reference | project/apps/api/src/modules/interest-engine/interest-engine.module.ts:InterestEngineModule.providers | project/apps/api/src/modules/interest-engine/interest-engine.service.ts:consumer-reference | project/apps/api/src/modules/interest-engine/scenario-diagnostic/golden-fixture-unit-runner.ts:consumer-reference | project/apps/api/src/modules/interest-engine/scenario-diagnostic/scenario-diagnostic-runner.ts:consumer-reference | project/apps/api/src/scripts/adr014-rep-02-local-execution.ts:consumer-reference","COLLECT_MISSING_EVIDENCE"
"INT-69D79CCD7656","AUTH / TENANT / SECURITY","CredentialRecoveryRateLimitGuard","MERGED","true","true","true","true","2","","false","OPERABLE_UNVERIFIED","NONE","","project/apps/api/src/modules/auth/guards/credential-recovery-rate-limit.guard.ts:37 | project/apps/api/src/modules/auth/guards/office-forgot-password-rate-limit.guard.ts:consumer-reference | project/apps/api/src/modules/portal/portal.controller.ts:consumer-reference","ADD_REPRESENTATIVE_L6_VERIFICATION"
"INT-6A4BAB08B2AE","UYAP CONNECTOR","JobMonitorService","IMPLEMENTED | MERGED","true","true","true","true","1","","false","OPERABLE_UNVERIFIED","NONE","","project/apps/api/src/modules/icrabot/admin/admin.controller.ts:consumer-reference | project/apps/api/src/modules/icrabot/admin/job-monitor.service.ts:23 | project/apps/api/src/modules/icrabot/icrabot.module.ts:IcrabotModule.providers","ADD_REPRESENTATIVE_L6_VERIFICATION"
"INT-6A73BEEAAACA","DEBTOR / BORÇLU","ConfidenceScoreService","IMPLEMENTED | MERGED","true","true","true","true","1","","false","OPERABLE_UNVERIFIED","NONE","","project/apps/api/src/modules/address-discovery/address-discovery.controller.ts:consumer-reference | project/apps/api/src/modules/address-discovery/address-discovery.module.ts:AddressDiscoveryModule.providers | project/apps/api/src/modules/address-discovery/confidence-score.service.ts:55","ADD_REPRESENTATIVE_L6_VERIFICATION"
"INT-6A9C5E2AF4A4","DEBTOR / BORÇLU","DebtorService","IMPLEMENTED | MERGED","true","true","false","false","10","","false","BOUND_DORMANT","P2","","project/apps/api/src/modules/case-debtor-lifecycle-guard/case-debtor-lifecycle-guard.service.ts:consumer-reference | project/apps/api/src/modules/case/case.service.ts:consumer-reference | project/apps/api/src/modules/debtor/address.service.ts:consumer-reference | project/apps/api/src/modules/debtor/case-debtor-audit.util.ts:consumer-reference | project/apps/api/src/modules/debtor/case-debtor.service.ts:consumer-reference | project/apps/api/src/modules/debtor/debtor-audit.util.ts:consumer-reference | project/apps/api/src/modules/debtor/debtor-cross-case-notification.service.ts:consumer-reference | project/apps/api/src/modules/debtor/debtor.controller.ts:consumer-reference | project/apps/api/src/modules/debtor/debtor.module.ts:DebtorModule.providers | project/apps/api/src/modules/debtor/debtor.service.ts:387 | project/apps/api/src/modules/lawyer/lawyer.service.ts:consumer-reference | project/apps/api/src/modules/tebligat/tebligat.service.ts:consumer-reference","VERIFY_ACTIVATION_AUTHORITY_AND_DEPLOYED_VALUE"
"INT-6B795F44E87F","RECEIVABLE / ALACAK","CaseBalanceService","IMPLEMENTED | MERGED","true","true","","true","17","","false","UNKNOWN_REQUIRES_EVIDENCE","NONE","","project/apps/api/src/modules/accounting-journal/accounting-journal.writer.ts:consumer-reference | project/apps/api/src/modules/balance-display-shadow-diff/balance-display-shadow-diff.service.ts:consumer-reference | project/apps/api/src/modules/balance-shadow-compare/balance-shadow-compare.service.ts:consumer-reference | project/apps/api/src/modules/case-balance/case-balance.controller.ts:consumer-reference | project/apps/api/src/modules/case-balance/case-balance.module.ts:CaseBalanceModule.providers | project/apps/api/src/modules/case-balance/case-balance.service.ts:80 | project/apps/api/src/modules/case-balance/index.ts:consumer-reference | project/apps/api/src/modules/case/case-payment-preview.service.ts:consumer-reference | project/apps/api/src/modules/case/case.service.ts:consumer-reference | project/apps/api/src/modules/debtor-scoring/debtor-scoring.service.ts:consumer-reference | project/apps/api/src/modules/debtor-scoring/inputs/financial-input.adapter.ts:consumer-reference | project/apps/api/src/modules/expense-request/expense-request.service.ts:consumer-reference | project/apps/api/src/modules/interest-engine/interest-engine.controller.ts:consumer-reference | project/apps/api/src/modules/interest-engine/interest-engine.module.ts:InterestEngineModule.providers | project/apps/api/src/modules/interest-engine/interest-engine.service.ts:consumer-reference | project/apps/api/src/modules/interest-engine/mapping/interest-type-bridge.ts:consumer-reference | project/apps/api/src/modules/interest-engine/orchestration/case-balance.service.ts:consumer-reference | project/apps/api/src/modules/interest-engine/scenario-diagnostic/scenario-diagnostic-runner.ts:consumer-reference | project/apps/api/src/modules/stage-trigger/stage-trigger.service.ts:consumer-reference | project/apps/api/src/scripts/adr014-rep-02-local-execution.ts:consumer-reference","COLLECT_MISSING_EVIDENCE"
"INT-6BEE82F76634","SHARED PLATFORM / INFRASTRUCTURE","ExpenseViewService","IMPLEMENTED","true","true","true","true","1","","false","OPERABLE_UNVERIFIED","NONE","","project/apps/api/src/modules/expense-request/expense-request.controller.ts:consumer-reference | project/apps/api/src/modules/expense-request/expense-request.module.ts:ExpenseRequestModule.providers | project/apps/api/src/modules/expense-request/expense-view.service.ts:62","ADD_REPRESENTATIVE_L6_VERIFICATION"
"INT-6DE686F9BF6C","SHARED PLATFORM / INFRASTRUCTURE","AutomationService","IMPLEMENTED | MERGED","true","true","false","false","5","","false","BOUND_DORMANT","P2","","project/apps/api/src/common/collection-confirmed.util.ts:consumer-reference | project/apps/api/src/modules/automation/automation.controller.ts:consumer-reference | project/apps/api/src/modules/automation/automation.module.ts:AutomationModule.providers | project/apps/api/src/modules/automation/automation.service.ts:23 | project/apps/api/src/modules/automation/poa-expiry-delivery.service.ts:consumer-reference | project/apps/api/src/modules/debtor/debtor-cross-case-notification.service.ts:consumer-reference","VERIFY_ACTIVATION_AUTHORITY_AND_DEPLOYED_VALUE"
"INT-6E0CD2EED404","UYAP CONNECTOR","AuditExportService","IMPLEMENTED","true","true","true","true","1","","false","OPERABLE_UNVERIFIED","NONE","","project/apps/api/src/modules/icrabot/bundle/bundle.controller.ts:consumer-reference | project/apps/api/src/modules/icrabot/export/audit-export.service.ts:60 | project/apps/api/src/modules/icrabot/icrabot.module.ts:IcrabotModule.providers","ADD_REPRESENTATIVE_L6_VERIFICATION"
"INT-6E15CC960E78","CLIENT / MÜVEKKİL","ClientIntakeLinkService","MERGED","true","true","","true","3","","false","UNKNOWN_REQUIRES_EVIDENCE","NONE","","project/apps/api/src/modules/client-intake-link/client-intake-link.controller.ts:consumer-reference | project/apps/api/src/modules/client-intake-link/client-intake-link.module.ts:ClientIntakeLinkModule.providers | project/apps/api/src/modules/client-intake-link/client-intake-link.service.ts:66 | project/apps/api/src/modules/client-intake-promotion/client-intake-promotion.service.ts:consumer-reference | project/apps/api/src/modules/client/client.controller.ts:consumer-reference","COLLECT_MISSING_EVIDENCE"
"INT-6E1A00196E8A","SHARED PLATFORM / INFRASTRUCTURE","LimitationEngineService","IMPLEMENTED","true","true","true","true","2","","false","OPERABLE_UNVERIFIED","NONE","","project/apps/api/src/modules/limitation-engine/limitation-engine.controller.ts:consumer-reference | project/apps/api/src/modules/limitation-engine/limitation-engine.module.ts:LimitationEngineModule.providers | project/apps/api/src/modules/limitation-engine/limitation-engine.service.ts:108","ADD_REPRESENTATIVE_L6_VERIFICATION"
"INT-6E1A71AEC4BC","SHARED PLATFORM / INFRASTRUCTURE","SettlementVerifierAuthorizationService","IMPLEMENTED","true","true","true","true","2","","false","OPERABLE_UNVERIFIED","NONE","","project/apps/api/src/modules/bank/bank-candidate-settlement-transition.service.ts:consumer-reference | project/apps/api/src/modules/bank/bank-settlement-evidence-writer.service.ts:consumer-reference | project/apps/api/src/modules/bank/bank.module.ts:BankModule.providers | project/apps/api/src/modules/bank/settlement-verifier-authorization.service.ts:21","ADD_REPRESENTATIVE_L6_VERIFICATION"
"INT-6E23942D64F6","RECEIVABLE / ALACAK","InterestAuditLogService","IMPLEMENTED","true","true","","false","0","","false","UNKNOWN_REQUIRES_EVIDENCE","NONE","InterestAuditLogService production DI/constructor yüzeyinde mevcut fakat gerçek root consumer bulunamadı.","project/apps/api/src/modules/interest-engine/audit-log.service.ts:12 | project/apps/api/src/modules/interest-engine/interest-engine.module.ts:InterestEngineModule.providers","COLLECT_MISSING_EVIDENCE"
"INT-6E5E0D766492","RECEIVABLE / ALACAK","LegalReportRendererService","IMPLEMENTED","true","true","","true","1","","false","UNKNOWN_REQUIRES_EVIDENCE","NONE","","project/apps/api/src/modules/interest-engine/interest-engine.module.ts:InterestEngineModule.providers | project/apps/api/src/modules/interest-engine/interest-engine.service.ts:consumer-reference | project/apps/api/src/modules/interest-engine/reporter/legal-report-renderer.service.ts:82","COLLECT_MISSING_EVIDENCE"
"INT-6ED25E6DA38D","DEBTOR / BORÇLU","AssetQueryService","IMPLEMENTED | MERGED","true","true","true","true","2","","false","OPERABLE_UNVERIFIED","NONE","","project/apps/api/src/modules/asset-query/asset-query.controller.ts:consumer-reference | project/apps/api/src/modules/asset-query/asset-query.module.ts:AssetQueryModule.providers | project/apps/api/src/modules/asset-query/asset-query.service.ts:8 | project/apps/api/src/modules/case-debtor-lifecycle-guard/case-debtor-lifecycle-guard.service.ts:consumer-reference","ADD_REPRESENTATIVE_L6_VERIFICATION"
"INT-704C8091B78A","SHARED PLATFORM / INFRASTRUCTURE","AccountingJournalCutoverReadinessService","IMPLEMENTED","true","true","true","true","3","","false","OPERABLE_UNVERIFIED","NONE","","project/apps/api/src/modules/accounting-journal/accounting-journal-cutover-readiness.controller.ts:consumer-reference | project/apps/api/src/modules/accounting-journal/accounting-journal-cutover-readiness.service.ts:22 | project/apps/api/src/modules/accounting-journal/accounting-journal-trial-balance.module.ts:AccountingJournalTrialBalanceModule.providers | project/apps/api/src/modules/client-settlement/client-accounting-movements-read.service.ts:consumer-reference | project/apps/api/src/modules/client-settlement/client-accounting-summary-read.service.ts:consumer-reference","ADD_REPRESENTATIVE_L6_VERIFICATION"
"INT-70A8182B25F0","SHARED PLATFORM / INFRASTRUCTURE","ManifestAdminRateLimitGuard","IMPLEMENTED","true","true","true","true","3","","false","OPERABLE_UNVERIFIED","NONE","","project/apps/api/src/modules/calc-preview/calc-preview.controller.ts:consumer-reference | project/apps/api/src/modules/calc-preview/calc-preview.module.ts:CalcPreviewModule.providers | project/apps/api/src/modules/calc-preview/diagnostics/object-store/manifest-retry/guards/index.ts:consumer-reference | project/apps/api/src/modules/calc-preview/diagnostics/object-store/manifest-retry/guards/manifest-admin-rate-limiter.service.ts:227 | project/apps/api/src/modules/calc-preview/diagnostics/object-store/manifest-retry/manifest-admin.controller.ts:consumer-reference","ADD_REPRESENTATIVE_L6_VERIFICATION"
"INT-70C74919AF35","UYAP CONNECTOR","UyapXmlBuilderService","IMPLEMENTED","true","true","true","true","1","","false","OPERABLE_UNVERIFIED","NONE","","project/apps/api/src/modules/uyap-export/uyap-export.module.ts:UyapExportModule.providers | project/apps/api/src/modules/uyap-export/uyap-export.service.ts:consumer-reference | project/apps/api/src/modules/uyap-export/uyap-xml-builder.service.ts:23","ADD_REPRESENTATIVE_L6_VERIFICATION"
"INT-71481B807EE5","SHARED PLATFORM / INFRASTRUCTURE","AiDocumentService","IMPLEMENTED","true","true","","true","1","","false","UNKNOWN_REQUIRES_EVIDENCE","NONE","","project/apps/api/src/modules/ai/ai-document.service.ts:36 | project/apps/api/src/modules/ai/ai.controller.ts:consumer-reference | project/apps/api/src/modules/ai/ai.module.ts:AiModule.providers","COLLECT_MISSING_EVIDENCE"
"INT-716659BC6388","AUTH / TENANT / SECURITY","ConfirmationTokenService","IMPLEMENTED | MERGED","true","true","","true","3","","false","UNKNOWN_REQUIRES_EVIDENCE","NONE","","project/apps/api/src/modules/audit/audit.service.ts:consumer-reference | project/apps/api/src/modules/collection/receipt-object-scope-authorization.service.ts:consumer-reference | project/apps/api/src/modules/permission-diagnostics/guided-edge/confirmation-token.service.ts:69 | project/apps/api/src/modules/permission-diagnostics/guided-edge/guided-edge-gate.service.ts:consumer-reference | project/apps/api/src/modules/permission-diagnostics/permission-diagnostics.module.ts:PermissionDiagnosticsModule.providers","COLLECT_MISSING_EVIDENCE"
"INT-71C4A49B5937","SHARED PLATFORM / INFRASTRUCTURE","NotificationService","IMPLEMENTED | MERGED","true","true","true","true","8","","false","OPERABLE_UNVERIFIED","NONE","","project/apps/api/src/modules/automation/workflow-engine.service.ts:consumer-reference | project/apps/api/src/modules/calc-preview/diagnostics/playbook/action-executor.service.ts:consumer-reference | project/apps/api/src/modules/calc-preview/diagnostics/playbook/escalation.service.ts:consumer-reference | project/apps/api/src/modules/calc-preview/diagnostics/playbook/index.ts:consumer-reference | project/apps/api/src/modules/calc-preview/diagnostics/playbook/notification.service.ts:consumer-reference | project/apps/api/src/modules/calc-preview/diagnostics/playbook/playbook.service.ts:consumer-reference | project/apps/api/src/modules/expense-request/expense-request.service.ts:consumer-reference | project/apps/api/src/modules/notification/notification.controller.ts:consumer-reference | project/apps/api/src/modules/notification/notification.module.ts:NotificationModule.providers | project/apps/api/src/modules/notification/notification.service.ts:26","ADD_REPRESENTATIVE_L6_VERIFICATION"
"INT-72A42D967B65","SHARED PLATFORM / INFRASTRUCTURE","EvidenceGateService","IMPLEMENTED","true","true","true","true","1","","false","OPERABLE_UNVERIFIED","NONE","","project/apps/api/src/modules/calc-preview/diagnostics/evidence/evidence-gate.service.ts:30 | project/apps/api/src/modules/calc-preview/diagnostics/simulation-api/simulation-api.module.ts:SimulationApiModule.providers | project/apps/api/src/modules/calc-preview/diagnostics/simulation/simulation-engine.service.ts:consumer-reference","ADD_REPRESENTATIVE_L6_VERIFICATION"
"INT-72EB3E8DA6A5","SHARED PLATFORM / INFRASTRUCTURE","ValidationGateService","IMPLEMENTED | MERGED","true","true","","true","5","","false","SUPERSEDED","P3","","project/apps/api/src/modules/report/report.service.ts:consumer-reference | project/apps/api/src/modules/uyap/uyap.service.ts:consumer-reference | project/apps/api/src/modules/validation-gate/pre-haciz-risk.ts:consumer-reference | project/apps/api/src/modules/validation-gate/validation-gate.controller.ts:consumer-reference | project/apps/api/src/modules/validation-gate/validation-gate.module.ts:ValidationGateModule.providers | project/apps/api/src/modules/validation-gate/validation-gate.service.ts:90","PRESERVE_HISTORY_AND_PLAN_SAFE_RETIREMENT"
"INT-7348C40C9DC3","SHARED PLATFORM / INFRASTRUCTURE","SchedulerService","IMPLEMENTED | MERGED","true","true","true","true","5","","false","SUPERSEDED","P3","","project/apps/api/src/modules/icrabot/bundle/bundle.controller.ts:consumer-reference | project/apps/api/src/modules/icrabot/icrabot.module.ts:IcrabotModule.providers | project/apps/api/src/modules/icrabot/index.ts:consumer-reference | project/apps/api/src/modules/icrabot/scheduler/scheduler.service.ts:consumer-reference | project/apps/api/src/modules/scheduler/scheduler.controller.ts:consumer-reference | project/apps/api/src/modules/scheduler/scheduler.module.ts:SchedulerModule.providers | project/apps/api/src/modules/scheduler/scheduler.service.ts:21","PRESERVE_HISTORY_AND_PLAN_SAFE_RETIREMENT"
"INT-749CE73BCF2A","UYAP CONNECTOR","SchedulerService","IMPLEMENTED","true","true","true","true","5","","false","OPERABLE_UNVERIFIED","NONE","","project/apps/api/src/modules/icrabot/bundle/bundle.controller.ts:consumer-reference | project/apps/api/src/modules/icrabot/icrabot.module.ts:IcrabotModule.providers | project/apps/api/src/modules/icrabot/index.ts:consumer-reference | project/apps/api/src/modules/icrabot/scheduler/scheduler.service.ts:28 | project/apps/api/src/modules/scheduler/scheduler.controller.ts:consumer-reference | project/apps/api/src/modules/scheduler/scheduler.module.ts:SchedulerModule.providers | project/apps/api/src/modules/scheduler/scheduler.service.ts:consumer-reference","ADD_REPRESENTATIVE_L6_VERIFICATION"
"INT-7524F401DE19","UYAP CONNECTOR","UyapDocumentService","IMPLEMENTED","true","true","true","true","1","","false","OPERABLE_UNVERIFIED","NONE","","project/apps/api/src/modules/uyap-export/uyap-document.service.ts:15 | project/apps/api/src/modules/uyap-export/uyap-export.module.ts:UyapExportModule.providers | project/apps/api/src/modules/uyap-export/uyap-export.service.ts:consumer-reference","ADD_REPRESENTATIVE_L6_VERIFICATION"
"INT-765A5F81A63B","SHARED PLATFORM / INFRASTRUCTURE","ExecutionOfficeService","IMPLEMENTED","true","true","true","true","1","","false","OPERABLE_UNVERIFIED","NONE","","project/apps/api/src/modules/execution-office/execution-office.controller.ts:consumer-reference | project/apps/api/src/modules/execution-office/execution-office.module.ts:ExecutionOfficeModule.providers | project/apps/api/src/modules/execution-office/execution-office.service.ts:5","ADD_REPRESENTATIVE_L6_VERIFICATION"
"INT-769BEAB90DAC","UYAP CONNECTOR","ComputeRegistryService","IMPLEMENTED","true","true","true","true","3","","false","OPERABLE_UNVERIFIED","NONE","","project/apps/api/src/modules/icrabot/v28-engine/compute-registry.service.ts:19 | project/apps/api/src/modules/icrabot/v28-engine/engine-runner.service.ts:consumer-reference | project/apps/api/src/modules/icrabot/v28-engine/index.ts:consumer-reference | project/apps/api/src/modules/icrabot/v28-engine/v28-engine.controller.ts:consumer-reference | project/apps/api/src/modules/icrabot/v28-engine/v28-engine.module.ts:V28EngineModule.providers","ADD_REPRESENTATIVE_L6_VERIFICATION"
"INT-7822A72715F6","SHARED PLATFORM / INFRASTRUCTURE","HttpMetricsMiddleware","IMPLEMENTED","true","true","true","true","1","","false","OPERABLE_UNVERIFIED","NONE","","project/apps/api/src/app.module.ts:AppModule.MiddlewareConsumer.apply | project/apps/api/src/modules/metrics-registry/http-metrics.middleware.ts:20","ADD_REPRESENTATIVE_L6_VERIFICATION"
"INT-7A73FD44E91D","SHARED PLATFORM / INFRASTRUCTURE","PromoteService","IMPLEMENTED","true","true","true","true","2","","false","OPERABLE_UNVERIFIED","NONE","","project/apps/api/src/modules/calc-preview/diagnostics/simulation-api/promote.controller.ts:consumer-reference | project/apps/api/src/modules/calc-preview/diagnostics/simulation-api/promote.service.ts:67 | project/apps/api/src/modules/calc-preview/diagnostics/simulation-api/simulation-api.module.ts:SimulationApiModule.providers | project/apps/api/src/modules/calc-preview/diagnostics/simulation-api/simulation-error.types.ts:consumer-reference","ADD_REPRESENTATIVE_L6_VERIFICATION"
"INT-7CCCA095A840","UYAP CONNECTOR","DomainEventIngestService","CANONICAL | IMPLEMENTED | MERGED","true","true","true","true","13","","false","OPERABLE_UNVERIFIED","NONE","","project/apps/api/src/modules/case/backfill/due-to-claimitem-backfill.core.ts:consumer-reference | project/apps/api/src/modules/case/case.service.ts:consumer-reference | project/apps/api/src/modules/claim-item/claim-item-lifecycle-contract.ts:consumer-reference | project/apps/api/src/modules/claim-item/claim-item-writer-router.service.ts:consumer-reference | project/apps/api/src/modules/claim-item/claim-item.service.ts:consumer-reference | project/apps/api/src/modules/claim-item/formation-finalizer/transactional-claim-item-formation-finalizer.service.ts:consumer-reference | project/apps/api/src/modules/collection/collection-cancel-executor.ts:consumer-reference | project/apps/api/src/modules/collection/collection.service.ts:consumer-reference | project/apps/api/src/modules/icrabot/domain-event-ingest/aggregate-version-allocator.ts:consumer-reference | project/apps/api/src/modules/icrabot/domain-event-ingest/domain-event-ingest.module.ts:DomainEventIngestModule.providers | project/apps/api/src/modules/icrabot/domain-event-ingest/domain-event-ingest.service.ts:53 | project/apps/api/src/modules/icrabot/domain-event-ingest/index.ts:consumer-reference | project/apps/api/src/modules/office-approval/office-approval-domain-sync.service.ts:consumer-reference | project/apps/api/src/modules/tebligat/service-occurrence/service-occurrence-recorded-event.accessor.ts:consumer-reference | project/apps/api/src/modules/tebligat/tebligat.service.ts:consumer-reference","ADD_REPRESENTATIVE_L6_VERIFICATION"
"INT-7E315D9738C9","AUTH / TENANT / SECURITY","LoginRateLimitGuard","IMPLEMENTED","true","true","true","true","5","","false","OPERABLE_UNVERIFIED","NONE","","project/apps/api/src/modules/auth/auth.controller.ts:consumer-reference | project/apps/api/src/modules/auth/guards/credential-recovery-rate-limit.guard.ts:consumer-reference | project/apps/api/src/modules/auth/guards/login-rate-limit.guard.ts:34 | project/apps/api/src/modules/auth/guards/office-forgot-password-rate-limit.guard.ts:consumer-reference | project/apps/api/src/modules/auth/invite/user-invite.controller.ts:consumer-reference | project/apps/api/src/modules/portal/portal.controller.ts:consumer-reference","ADD_REPRESENTATIVE_L6_VERIFICATION"
"INT-7EE58ADDD86C","SHARED PLATFORM / INFRASTRUCTURE","LegalHoldInventoryService","IMPLEMENTED","true","true","true","true","2","","false","OPERABLE_UNVERIFIED","NONE","","project/apps/api/src/modules/calc-preview/diagnostics/simulation-api/legal-hold.controller.ts:consumer-reference | project/apps/api/src/modules/calc-preview/diagnostics/simulation-api/simulation-api.module.ts:SimulationApiModule.providers | project/apps/api/src/modules/calc-preview/diagnostics/simulation/legal-hold-inventory.service.ts:49 | project/apps/api/src/modules/calc-preview/diagnostics/simulation/snapshot-ordering.ts:consumer-reference","ADD_REPRESENTATIVE_L6_VERIFICATION"
"INT-7F0C49181C7B","RECEIVABLE / ALACAK","RateProviderService","IMPLEMENTED","true","true","","true","10","","false","UNKNOWN_REQUIRES_EVIDENCE","NONE","","project/apps/api/src/modules/claim-engine/claim-engine.service.ts:consumer-reference | project/apps/api/src/modules/claim-item/claim-item.service.ts:consumer-reference | project/apps/api/src/modules/fee-engine/fee-engine.service.ts:consumer-reference | project/apps/api/src/modules/interest-engine/calc-prep/rate-requirements.ts:consumer-reference | project/apps/api/src/modules/interest-engine/interest-engine.controller.ts:consumer-reference | project/apps/api/src/modules/interest-engine/interest-engine.module.ts:InterestEngineModule.providers | project/apps/api/src/modules/interest-engine/interest-engine.service.ts:consumer-reference | project/apps/api/src/modules/interest-engine/orchestration/case-balance.service.ts:consumer-reference | project/apps/api/src/modules/interest-engine/rate-schedule.service.ts:consumer-reference | project/apps/api/src/modules/interest-engine/rates/rate-provider.service.ts:67 | project/apps/api/src/modules/interest-engine/scenario-diagnostic/scenario-diagnostic-runner.ts:consumer-reference | project/apps/api/src/scripts/adr014-rep-02-local-execution.ts:consumer-reference","COLLECT_MISSING_EVIDENCE"
"INT-8074AA356CC3","SHARED PLATFORM / INFRASTRUCTURE","SimulationRateLimitGuard","IMPLEMENTED","true","true","true","true","6","","false","OPERABLE_UNVERIFIED","NONE","","project/apps/api/src/modules/calc-preview/diagnostics/simulation-api/guards/simulation-rate-limit.guard.ts:84 | project/apps/api/src/modules/calc-preview/diagnostics/simulation-api/index.ts:consumer-reference | project/apps/api/src/modules/calc-preview/diagnostics/simulation-api/promote.controller.ts:consumer-reference | project/apps/api/src/modules/calc-preview/diagnostics/simulation-api/redis/in-memory-rate-limit-store.ts:consumer-reference | project/apps/api/src/modules/calc-preview/diagnostics/simulation-api/scenario-ranker.controller.ts:consumer-reference | project/apps/api/src/modules/calc-preview/diagnostics/simulation-api/simulation-api.module.ts:SimulationApiModule.providers | project/apps/api/src/modules/calc-preview/diagnostics/simulation-api/simulation-v1-alias.controller.ts:consumer-reference | project/apps/api/src/modules/calc-preview/diagnostics/simulation-api/simulation.controller.ts:consumer-reference","ADD_REPRESENTATIVE_L6_VERIFICATION"
"INT-807CBD4FCB43","SHARED PLATFORM / INFRASTRUCTURE","CpeRequiredGuard","IMPLEMENTED | MERGED","true","true","true","true","10","","false","OPERABLE_UNVERIFIED","NONE","","project/apps/api/src/modules/client-settlement/case-fee-agreement.controller.ts:consumer-reference | project/apps/api/src/modules/client-settlement/client-offset.controller.ts:consumer-reference | project/apps/api/src/modules/client-settlement/client-offset.service.ts:consumer-reference | project/apps/api/src/modules/client-settlement/client-payout.service.ts:consumer-reference | project/apps/api/src/modules/client-settlement/disposition.controller.ts:consumer-reference | project/apps/api/src/modules/expense-request/expense-request.controller.ts:consumer-reference | project/apps/api/src/modules/permission-diagnostics/guided-edge/guarded-edge-outcome.envelope.ts:consumer-reference | project/apps/api/src/modules/policy-engine/decorators/cpe-required.guard.ts:48 | project/apps/api/src/modules/policy-engine/decorators/index.ts:consumer-reference | project/apps/api/src/modules/policy-engine/index.ts:consumer-reference | project/apps/api/src/modules/policy-engine/policy-engine.module.ts:PolicyEngineModule.providers | project/apps/api/src/modules/policy-engine/types/action-code.enum.ts:consumer-reference","ADD_REPRESENTATIVE_L6_VERIFICATION"
"INT-8113BEAE1E39","UYAP CONNECTOR","AdaptiveSchedulerService","IMPLEMENTED","true","true","true","true","1","","false","OPERABLE_UNVERIFIED","NONE","","project/apps/api/src/modules/icrabot/icrabot.module.ts:IcrabotModule.providers | project/apps/api/src/modules/icrabot/scheduler/adaptive-scheduler.service.ts:36 | project/apps/api/src/modules/icrabot/scheduler/orchestrator-v30.service.ts:consumer-reference","ADD_REPRESENTATIVE_L6_VERIFICATION"
"INT-833B067C915E","SHARED PLATFORM / INFRASTRUCTURE","CaseLeaseService","IMPLEMENTED","true","true","true","true","1","","false","OPERABLE_UNVERIFIED","NONE","","project/apps/api/src/modules/case-lease/case-lease.controller.ts:consumer-reference | project/apps/api/src/modules/case-lease/case-lease.module.ts:CaseLeaseModule.providers | project/apps/api/src/modules/case-lease/case-lease.service.ts:34","ADD_REPRESENTATIVE_L6_VERIFICATION"
"INT-83721E0FCB18","UYAP CONNECTOR","RiskNetReportService","IMPLEMENTED","true","true","true","true","1","","false","OPERABLE_UNVERIFIED","NONE","","project/apps/api/src/modules/icrabot/icrabot.module.ts:IcrabotModule.providers | project/apps/api/src/modules/icrabot/mvp/mvp.controller.ts:consumer-reference | project/apps/api/src/modules/icrabot/mvp/risk-net-report.service.ts:42","ADD_REPRESENTATIVE_L6_VERIFICATION"
"INT-83DF5F37E7DD","RECEIVABLE / ALACAK","ClaimItemWriteGateService","CANONICAL","true","true","true","true","1","","false","OPERABLE_UNVERIFIED","NONE","","project/apps/api/src/modules/claim-item/claim-item-write-gate.service.ts:97 | project/apps/api/src/modules/claim-item/claim-item-writer-router.service.ts:consumer-reference | project/apps/api/src/modules/claim-item/claim-item.module.ts:ClaimItemModule.providers","ADD_REPRESENTATIVE_L6_VERIFICATION"
"INT-83E831818F9D","UYAP CONNECTOR","ServiceOccurrenceService","MERGED","true","true","true","true","2","","false","SUPERSEDED","P3","","project/apps/api/src/modules/legal-deadline/service-occurrence-deadline-calculation.service.ts:consumer-reference | project/apps/api/src/modules/tebligat/service-occurrence/service-occurrence.service.ts:60 | project/apps/api/src/modules/tebligat/tebligat.module.ts:TebligatModule.providers | project/apps/api/src/modules/tebligat/tebligat.service.ts:consumer-reference","PRESERVE_HISTORY_AND_PLAN_SAFE_RETIREMENT"
"INT-83F0A303A3A1","SHARED PLATFORM / INFRASTRUCTURE","GateCheckerService","IMPLEMENTED | MERGED","true","true","true","true","5","","false","OPERABLE_UNVERIFIED","NONE","","project/apps/api/src/modules/policy-engine/case-policy-engine.service.ts:consumer-reference | project/apps/api/src/modules/policy-engine/gate-checker/gate-checker.service.ts:27 | project/apps/api/src/modules/policy-engine/gate-checker/index.ts:consumer-reference | project/apps/api/src/modules/policy-engine/index.ts:consumer-reference | project/apps/api/src/modules/policy-engine/policy-engine.module.ts:PolicyEngineModule.providers | project/apps/api/src/modules/policy-engine/rule-engine/rule-engine.service.ts:consumer-reference | project/apps/api/src/modules/validation-gate/validation-gate.service.ts:consumer-reference","ADD_REPRESENTATIVE_L6_VERIFICATION"
"INT-849F52831D0D","UYAP CONNECTOR","OutboxService","IMPLEMENTED | MERGED","true","true","true","true","8","","false","OPERABLE_UNVERIFIED","NONE","","project/apps/api/src/modules/icrabot/domain-event-ingest/domain-event-ingest.service.ts:consumer-reference | project/apps/api/src/modules/icrabot/v28-engine/action-handler.service.ts:consumer-reference | project/apps/api/src/modules/icrabot/v28-engine/engine-runner.service.ts:consumer-reference | project/apps/api/src/modules/icrabot/v28-engine/index.ts:consumer-reference | project/apps/api/src/modules/icrabot/v28-engine/outbox-cron.service.ts:consumer-reference | project/apps/api/src/modules/icrabot/v28-engine/outbox.service.ts:69 | project/apps/api/src/modules/icrabot/v28-engine/seed.service.ts:consumer-reference | project/apps/api/src/modules/icrabot/v28-engine/v28-engine.controller.ts:consumer-reference | project/apps/api/src/modules/icrabot/v28-engine/v28-engine.module.ts:V28EngineModule.providers","ADD_REPRESENTATIVE_L6_VERIFICATION"
"INT-84FF1E3DE018","RECEIVABLE / ALACAK","BalanceDisplayShadowDiffService","CANONICAL | IMPLEMENTED | MERGED","true","true","true","true","5","","false","OPERABLE_UNVERIFIED","NONE","","project/apps/api/src/modules/balance-display-shadow-diff/balance-display-shadow-diff.controller.ts:consumer-reference | project/apps/api/src/modules/balance-display-shadow-diff/balance-display-shadow-diff.module.ts:BalanceDisplayShadowDiffModule.providers | project/apps/api/src/modules/balance-display-shadow-diff/balance-display-shadow-diff.service.ts:792 | project/apps/api/src/modules/debtor-scoring/inputs/financial-input.adapter.ts:consumer-reference | project/apps/api/src/scripts/adr014-local-shadow-evidence-runner.ts:consumer-reference | project/apps/api/src/scripts/adr014-rep-02-local-execution.ts:consumer-reference | project/apps/api/src/scripts/adr014-shadow-evidence.core.ts:consumer-reference","ADD_REPRESENTATIVE_L6_VERIFICATION"
"INT-85BB7076017D","DEBTOR / BORÇLU","ThirdPartyService","CANONICAL | IMPLEMENTED | MERGED","true","true","true","true","3","","false","OPERABLE_UNVERIFIED","NONE","","project/apps/api/src/modules/case-debtor-lifecycle-guard/case-debtor-lifecycle-guard.service.ts:consumer-reference | project/apps/api/src/modules/collection/collection.service.ts:consumer-reference | project/apps/api/src/modules/debtor/debtor.module.ts:DebtorModule.providers | project/apps/api/src/modules/debtor/third-party.controller.ts:consumer-reference | project/apps/api/src/modules/debtor/third-party.service.ts:45","ADD_REPRESENTATIVE_L6_VERIFICATION"
"INT-85DBABDEE60B","SHARED PLATFORM / INFRASTRUCTURE","FactStoreService","IMPLEMENTED | MERGED","true","true","true","true","14","","false","OPERABLE_UNVERIFIED","NONE","","project/apps/api/src/common/collection-confirmed.util.ts:consumer-reference | project/apps/api/src/modules/icrabot/v28-engine/action-feedback.service.ts:consumer-reference | project/apps/api/src/modules/icrabot/v28-engine/action-handler.service.ts:consumer-reference | project/apps/api/src/modules/icrabot/v28-engine/case-scope.ts:consumer-reference | project/apps/api/src/modules/icrabot/v28-engine/engine-runner.service.ts:consumer-reference | project/apps/api/src/modules/icrabot/v28-engine/factstore.service.ts:consumer-reference | project/apps/api/src/modules/icrabot/v28-engine/index.ts:consumer-reference | project/apps/api/src/modules/icrabot/v28-engine/scenario-harness.service.ts:consumer-reference | project/apps/api/src/modules/icrabot/v28-engine/uyap-event-ingest.service.ts:consumer-reference | project/apps/api/src/modules/icrabot/v28-engine/v28-engine.controller.ts:consumer-reference | project/apps/api/src/modules/icrabot/v28-engine/v28-engine.module.ts:V28EngineModule.providers | project/apps/api/src/modules/policy-engine/case-policy-engine.service.ts:consumer-reference | project/apps/api/src/modules/policy-engine/fact-store/computed-fact-ownership.ts:consumer-reference | project/apps/api/src/modules/policy-engine/fact-store/fact-store.service.ts:43 | project/apps/api/src/modules/policy-engine/fact-store/index.ts:consumer-reference | project/apps/api/src/modules/policy-engine/index.ts:consumer-reference | project/apps/api/src/modules/policy-engine/policy-engine.module.ts:PolicyEngineModule.providers","ADD_REPRESENTATIVE_L6_VERIFICATION"
"INT-862A2D8B25FA","SHARED PLATFORM / INFRASTRUCTURE","NetworkAllowlistGuard","IMPLEMENTED","true","false","false","false","5","","false","CODE_PRESENT_UNBOUND","P2","NetworkAllowlistGuard production-reachable provider kaydında veya doğrudan construction path'inde bulunamadı.","project/apps/api/src/modules/calc-preview/break-glass/controllers/break-glass.controller.ts:consumer-reference | project/apps/api/src/modules/calc-preview/break-glass/controllers/cross-tenant-access.controller.ts:consumer-reference | project/apps/api/src/modules/calc-preview/break-glass/guards/index.ts:consumer-reference | project/apps/api/src/modules/calc-preview/break-glass/guards/network-allowlist.guard.ts:78 | project/apps/api/src/modules/calc-preview/break-glass/index.ts:consumer-reference | project/apps/api/src/modules/calc-preview/break-glass/interceptors/cross-tenant-access.interceptor.ts:consumer-reference","OWNER_REVIEW_BIND_OR_DISPOSITION"
"INT-8747372F7096","DEBTOR / BORÇLU","UyapQueryService","IMPLEMENTED | MERGED","true","true","true","true","2","","false","OPERABLE_UNVERIFIED","NONE","","project/apps/api/src/modules/address-discovery/address-discovery.controller.ts:consumer-reference | project/apps/api/src/modules/address-discovery/address-discovery.module.ts:AddressDiscoveryModule.providers | project/apps/api/src/modules/address-discovery/uyap-query.service.ts:18 | project/apps/api/src/modules/case-debtor-lifecycle-guard/case-debtor-lifecycle-guard.service.ts:consumer-reference","ADD_REPRESENTATIVE_L6_VERIFICATION"
"INT-875155EFAE1E","SHARED PLATFORM / INFRASTRUCTURE","AccountingJournalWriterService","IMPLEMENTED | MERGED","true","true","true","true","11","","false","OPERABLE_UNVERIFIED","NONE","","project/apps/api/src/modules/accounting-journal/accounting-journal-manual-adjustment.service.ts:consumer-reference | project/apps/api/src/modules/accounting-journal/accounting-journal-reversal.service.ts:consumer-reference | project/apps/api/src/modules/accounting-journal/accounting-journal-trial-balance.module.ts:AccountingJournalTrialBalanceModule.providers | project/apps/api/src/modules/accounting-journal/accounting-journal.writer.ts:36 | project/apps/api/src/modules/case-balance/case-balance.module.ts:CaseBalanceModule.providers | project/apps/api/src/modules/case-balance/case-balance.service.ts:consumer-reference | project/apps/api/src/modules/client-settlement/client-offset.service.ts:consumer-reference | project/apps/api/src/modules/client-settlement/client-payout.service.ts:consumer-reference | project/apps/api/src/modules/client-settlement/client-settlement.module.ts:ClientSettlementModule.providers | project/apps/api/src/modules/client-settlement/collection-reversal.service.ts:consumer-reference | project/apps/api/src/modules/client-settlement/disposition-posting.service.ts:consumer-reference | project/apps/api/src/modules/collection/collection-cancel-executor.ts:consumer-reference | project/apps/api/src/modules/collection/collection.module.ts:CollectionModule.providers | project/apps/api/src/modules/collection/collection.service.ts:consumer-reference | project/apps/api/src/modules/expense-request/expense-request.service.ts:consumer-reference | project/apps/api/src/modules/office-approval/office-approval-domain-sync.service.ts:consumer-reference | project/apps/api/src/modules/office-approval/office-approval.module.ts:OfficeApprovalModule.providers","ADD_REPRESENTATIVE_L6_VERIFICATION"
"INT-8AC67FCB8049","OFFICE / AVUKAT-PERSONEL","StaffService","IMPLEMENTED | MERGED","true","true","true","true","1","","false","OPERABLE_UNVERIFIED","NONE","","project/apps/api/src/modules/staff/staff.controller.ts:consumer-reference | project/apps/api/src/modules/staff/staff.module.ts:StaffModule.providers | project/apps/api/src/modules/staff/staff.service.ts:7","ADD_REPRESENTATIVE_L6_VERIFICATION"
"INT-8AD3FE95D3CD","UYAP CONNECTOR","DecisionEngineV2Service","IMPLEMENTED","true","true","true","false","0","","false","ACTIVE_UNREACHABLE","P2","DecisionEngineV2Service production DI/constructor yüzeyinde mevcut fakat gerçek root consumer bulunamadı.","project/apps/api/src/modules/icrabot/decision/decision-engine-v2.service.ts:28 | project/apps/api/src/modules/icrabot/icrabot.module.ts:IcrabotModule.providers","WIRE_REAL_ENTRYPOINT_OR_DISPOSITION"
"INT-8B00BA01C6F3","AUTH / TENANT / SECURITY","GuidedEdgeGateService","MERGED","true","true","","true","1","","false","UNKNOWN_REQUIRES_EVIDENCE","NONE","","project/apps/api/src/modules/case-status/case-status.controller.ts:consumer-reference | project/apps/api/src/modules/permission-diagnostics/guided-edge/guided-edge-gate.service.ts:42 | project/apps/api/src/modules/permission-diagnostics/permission-diagnostics.module.ts:PermissionDiagnosticsModule.providers","COLLECT_MISSING_EVIDENCE"
"INT-8B049A21ADAA","RECEIVABLE / ALACAK","ClaimItemService","CANONICAL | CLOSED | IMPLEMENTED | MERGED","true","true","true","true","3","","false","SUPERSEDED","P3","","project/apps/api/src/modules/claim-item/claim-item.controller.ts:consumer-reference | project/apps/api/src/modules/claim-item/claim-item.module.ts:ClaimItemModule.providers | project/apps/api/src/modules/claim-item/claim-item.service.ts:59 | project/apps/api/src/modules/claim-item/interest-accrual-policy.ts:consumer-reference | project/apps/api/src/modules/summary-engine/summary-engine.service.ts:consumer-reference","PRESERVE_HISTORY_AND_PLAN_SAFE_RETIREMENT"
"INT-8BD0574E3CBD","SHARED PLATFORM / INFRASTRUCTURE","ManifestAdminAuditService","IMPLEMENTED","true","false","false","false","3","","false","CODE_PRESENT_UNBOUND","P2","ManifestAdminAuditService production-reachable provider kaydında veya doğrudan construction path'inde bulunamadı.","project/apps/api/src/modules/calc-preview/diagnostics/object-store/manifest-retry/audit/manifest-admin-audit.service.ts:53 | project/apps/api/src/modules/calc-preview/diagnostics/object-store/manifest-retry/idempotency/idempotency-gate.interceptor.ts:consumer-reference | project/apps/api/src/modules/calc-preview/diagnostics/object-store/manifest-retry/manifest-admin.controller.ts:consumer-reference","OWNER_REVIEW_BIND_OR_DISPOSITION"
"INT-8CC81A9110B8","SHARED PLATFORM / INFRASTRUCTURE","ResponsibleCandidatesService","MERGED","true","true","true","true","1","","false","OPERABLE_UNVERIFIED","NONE","","project/apps/api/src/modules/case/case.controller.ts:consumer-reference | project/apps/api/src/modules/case/case.module.ts:CaseModule.providers | project/apps/api/src/modules/case/responsible-candidates.service.ts:143","ADD_REPRESENTATIVE_L6_VERIFICATION"
"INT-8DC353197D35","RECEIVABLE / ALACAK","InterestEngineMetricsService","IMPLEMENTED","true","true","","true","1","","false","UNKNOWN_REQUIRES_EVIDENCE","NONE","","project/apps/api/src/modules/interest-engine/interest-engine.controller.ts:consumer-reference | project/apps/api/src/modules/interest-engine/interest-engine.module.ts:InterestEngineModule.providers | project/apps/api/src/modules/interest-engine/metrics/interest-engine-metrics.service.ts:33","COLLECT_MISSING_EVIDENCE"
"INT-8E169BDBD504","RECEIVABLE / ALACAK","ClaimPriorityService","IMPLEMENTED","true","true","","true","5","","false","UNKNOWN_REQUIRES_EVIDENCE","NONE","","project/apps/api/src/modules/interest-engine/allocation/allocation-engine.service.ts:consumer-reference | project/apps/api/src/modules/interest-engine/allocation/claim-priority.service.ts:42 | project/apps/api/src/modules/interest-engine/allocation/index.ts:consumer-reference | project/apps/api/src/modules/interest-engine/interest-engine.module.ts:InterestEngineModule.providers | project/apps/api/src/modules/interest-engine/scenario-diagnostic/golden-fixture-unit-runner.ts:consumer-reference | project/apps/api/src/modules/interest-engine/scenario-diagnostic/scenario-diagnostic-runner.ts:consumer-reference | project/apps/api/src/scripts/adr014-rep-02-local-execution.ts:consumer-reference","COLLECT_MISSING_EVIDENCE"
"INT-8FE23C3D3F1B","SHARED PLATFORM / INFRASTRUCTURE","DiagnosticsRateLimitGuard","IMPLEMENTED","true","true","true","true","3","","false","OPERABLE_UNVERIFIED","NONE","","project/apps/api/src/modules/calc-preview/diagnostics/diagnostics.controller.ts:consumer-reference | project/apps/api/src/modules/calc-preview/diagnostics/diagnostics.module.ts:DiagnosticsModule.providers | project/apps/api/src/modules/calc-preview/diagnostics/guards/diagnostics-rate-limit.guard.ts:88 | project/apps/api/src/modules/calc-preview/diagnostics/guards/index.ts:consumer-reference | project/apps/api/src/modules/calc-preview/diagnostics/index.ts:consumer-reference","ADD_REPRESENTATIVE_L6_VERIFICATION"
"INT-912CE5A70308","AUTH / TENANT / SECURITY","GuidedOpenObserveService","MERGED","true","true","false","false","7","","false","BOUND_DORMANT","P2","","project/apps/api/src/modules/bank/bank.controller.ts:consumer-reference | project/apps/api/src/modules/case-status/case-status.controller.ts:consumer-reference | project/apps/api/src/modules/case/case.controller.ts:consumer-reference | project/apps/api/src/modules/debtor/case-debtor.controller.ts:consumer-reference | project/apps/api/src/modules/notification/notification.controller.ts:consumer-reference | project/apps/api/src/modules/office/office.controller.ts:consumer-reference | project/apps/api/src/modules/permission-diagnostics/guided-open-observe.service.ts:20 | project/apps/api/src/modules/permission-diagnostics/permission-diagnostics.module.ts:PermissionDiagnosticsModule.providers | project/apps/api/src/modules/uyap/uyap.controller.ts:consumer-reference","VERIFY_ACTIVATION_AUTHORITY_AND_DEPLOYED_VALUE"
"INT-913855CCAF21","RECEIVABLE / ALACAK","ClaimEngineService","IMPLEMENTED","true","true","true","true","4","","false","SUPERSEDED","P3","","project/apps/api/src/modules/claim-engine/claim-engine.controller.ts:consumer-reference | project/apps/api/src/modules/claim-engine/claim-engine.module.ts:ClaimEngineModule.providers | project/apps/api/src/modules/claim-engine/claim-engine.service.ts:128 | project/apps/api/src/modules/claim-item/claim-item.service.ts:consumer-reference | project/apps/api/src/modules/ocr/ocr.service.ts:consumer-reference","PRESERVE_HISTORY_AND_PLAN_SAFE_RETIREMENT"
"INT-91E90C02AEB8","AUTH / TENANT / SECURITY","AuthService","CANONICAL | IMPLEMENTED | MERGED","true","true","","true","5","","false","UNKNOWN_REQUIRES_EVIDENCE","NONE","","project/apps/api/src/modules/auth/auth.controller.ts:consumer-reference | project/apps/api/src/modules/auth/auth.module.ts:AuthModule.providers | project/apps/api/src/modules/auth/auth.service.ts:18 | project/apps/api/src/modules/auth/invite/user-invite.service.ts:consumer-reference | project/apps/api/src/modules/auth/password-reset/password-reset.service.ts:consumer-reference | project/apps/api/src/modules/auth/strategies/jwt.strategy.ts:consumer-reference | project/apps/api/src/modules/lookup/lookup-seed.ts:consumer-reference","COLLECT_MISSING_EVIDENCE"
"INT-9531BFA62F6F","CLIENT / MÜVEKKİL","PublicIntakeRateLimitGuard","MERGED","true","true","true","true","1","","false","OPERABLE_UNVERIFIED","NONE","","project/apps/api/src/modules/client-intake-public/client-intake-public.controller.ts:consumer-reference | project/apps/api/src/modules/client-intake-public/client-intake-public.module.ts:ClientIntakePublicModule.providers | project/apps/api/src/modules/client-intake-public/public-intake-rate-limit.guard.ts:12","ADD_REPRESENTATIVE_L6_VERIFICATION"
"INT-96210DFD3630","UYAP CONNECTOR","UyapCaseMapperService","CLOSED | IMPLEMENTED | MERGED","true","true","true","true","1","","false","OPERABLE_UNVERIFIED","NONE","","project/apps/api/src/modules/uyap-export/uyap-case-mapper.service.ts:50 | project/apps/api/src/modules/uyap-export/uyap-export.module.ts:UyapExportModule.providers | project/apps/api/src/modules/uyap-export/uyap-export.service.ts:consumer-reference","ADD_REPRESENTATIVE_L6_VERIFICATION"
"INT-967BFC4020CD","UYAP CONNECTOR","SelectorScoringService","IMPLEMENTED","true","true","true","true","1","","false","OPERABLE_UNVERIFIED","NONE","","project/apps/api/src/modules/icrabot/icrabot.module.ts:IcrabotModule.providers | project/apps/api/src/modules/icrabot/recorder/selector-scoring.service.ts:18 | project/apps/api/src/modules/icrabot/recorder/uimap-recorder.service.ts:consumer-reference","ADD_REPRESENTATIVE_L6_VERIFICATION"
"INT-97426B28EAEA","SHARED PLATFORM / INFRASTRUCTURE","BundleSealService","IMPLEMENTED","true","false","false","false","1","","false","CODE_PRESENT_UNBOUND","P2","BundleSealService production-reachable provider kaydında veya doğrudan construction path'inde bulunamadı.","project/apps/api/src/modules/calc-preview/diagnostics/object-store/bundle-seal/bundle-seal.service.ts:45 | project/apps/api/src/modules/calc-preview/diagnostics/object-store/bundle-seal/index.ts:consumer-reference","OWNER_REVIEW_BIND_OR_DISPOSITION"
"INT-97F4C5FFFA1B","SHARED PLATFORM / INFRASTRUCTURE","SimulationFeatureFlagService","IMPLEMENTED","true","true","true","true","7","","false","OPERABLE_UNVERIFIED","NONE","","project/apps/api/src/modules/calc-preview/diagnostics/playbook/hysteresis-escalation.service.ts:consumer-reference | project/apps/api/src/modules/calc-preview/diagnostics/simulation-api/guards/simulation-feature-flag.guard.ts:consumer-reference | project/apps/api/src/modules/calc-preview/diagnostics/simulation-api/index.ts:consumer-reference | project/apps/api/src/modules/calc-preview/diagnostics/simulation-api/promote.service.ts:consumer-reference | project/apps/api/src/modules/calc-preview/diagnostics/simulation-api/scenario-ranker.controller.ts:consumer-reference | project/apps/api/src/modules/calc-preview/diagnostics/simulation-api/simulation-api.module.ts:SimulationApiModule.providers | project/apps/api/src/modules/calc-preview/diagnostics/simulation-api/simulation-feature-flag.service.ts:45 | project/apps/api/src/modules/policy-engine/fact-store/uyap-availability.service.ts:consumer-reference","ADD_REPRESENTATIVE_L6_VERIFICATION"
"INT-98001585883E","UYAP CONNECTOR","ActionExecutorService","IMPLEMENTED","true","true","true","true","1","","false","OPERABLE_UNVERIFIED","NONE","","project/apps/api/src/modules/icrabot/decision/action-executor.service.ts:23 | project/apps/api/src/modules/icrabot/decision/decision-engine-v2.service.ts:consumer-reference | project/apps/api/src/modules/icrabot/icrabot.module.ts:IcrabotModule.providers","ADD_REPRESENTATIVE_L6_VERIFICATION"
"INT-987A5A5E33C8","AUTH / TENANT / SECURITY","PasswordResetService","MERGED","true","true","false","false","2","","false","BOUND_DORMANT","P2","","project/apps/api/src/modules/auth/auth.controller.ts:consumer-reference | project/apps/api/src/modules/auth/auth.module.ts:AuthModule.providers | project/apps/api/src/modules/auth/password-reset/password-reset.controller.ts:consumer-reference | project/apps/api/src/modules/auth/password-reset/password-reset.service.ts:21","VERIFY_ACTIVATION_AUTHORITY_AND_DEPLOYED_VALUE"
"INT-98836B998F17","CLIENT / MÜVEKKİL","ClientStatementService","IMPLEMENTED | MERGED","true","true","true","true","1","","false","SUPERSEDED","P3","","project/apps/api/src/modules/client-statement/client-statement.controller.ts:consumer-reference | project/apps/api/src/modules/client-statement/client-statement.module.ts:ClientStatementModule.providers | project/apps/api/src/modules/client-statement/client-statement.service.ts:54","PRESERVE_HISTORY_AND_PLAN_SAFE_RETIREMENT"
"INT-988F08238BA0","COLLECTION / TAHSİLAT","PaymentInstructionService","IMPLEMENTED","true","true","true","true","1","","false","OPERABLE_UNVERIFIED","NONE","","project/apps/api/src/modules/payment-instruction/payment-instruction.controller.ts:consumer-reference | project/apps/api/src/modules/payment-instruction/payment-instruction.module.ts:PaymentInstructionModule.providers | project/apps/api/src/modules/payment-instruction/payment-instruction.service.ts:14","ADD_REPRESENTATIVE_L6_VERIFICATION"
"INT-98E0357CF21C","CLIENT / MÜVEKKİL","DistributionRecommendationService","MERGED","true","true","false","false","1","","false","BOUND_DORMANT","P2","","project/apps/api/src/modules/client-settlement/client-settlement.module.ts:ClientSettlementModule.providers | project/apps/api/src/modules/client-settlement/disposition.controller.ts:consumer-reference | project/apps/api/src/modules/client-settlement/distribution-recommendation.service.ts:51","VERIFY_ACTIVATION_AUTHORITY_AND_DEPLOYED_VALUE"
"INT-9A083AD03466","RECEIVABLE / ALACAK","RateSyncService","IMPLEMENTED","true","true","","true","1","","false","UNKNOWN_REQUIRES_EVIDENCE","NONE","","project/apps/api/src/modules/interest-engine/interest-engine.module.ts:InterestEngineModule.providers | project/apps/api/src/modules/interest-engine/rate-sync.service.ts:14","COLLECT_MISSING_EVIDENCE"
"INT-9A173AD30707","SHARED PLATFORM / INFRASTRUCTURE","SchedulerMetricsService","IMPLEMENTED","true","true","true","true","1","","false","OPERABLE_UNVERIFIED","NONE","","project/apps/api/src/modules/scheduler/scheduler-metrics.service.ts:17 | project/apps/api/src/modules/scheduler/scheduler.module.ts:SchedulerModule.providers | project/apps/api/src/modules/scheduler/scheduler.service.ts:consumer-reference","ADD_REPRESENTATIVE_L6_VERIFICATION"
"INT-9A2801E7F9C4","UYAP CONNECTOR","SelectorHealthService","IMPLEMENTED","true","true","true","true","1","","false","OPERABLE_UNVERIFIED","NONE","","project/apps/api/src/modules/icrabot/icrabot.module.ts:IcrabotModule.providers | project/apps/api/src/modules/icrabot/recorder/recorder.controller.ts:consumer-reference | project/apps/api/src/modules/icrabot/recorder/selector-health.service.ts:33","ADD_REPRESENTATIVE_L6_VERIFICATION"
"INT-9A79935A815F","RECEIVABLE / ALACAK","FeeEngineService","IMPLEMENTED","true","true","true","true","4","","false","SUPERSEDED","P3","","project/apps/api/src/modules/calc-preview/calc-preview.service.ts:consumer-reference | project/apps/api/src/modules/fee-engine/fee-engine.controller.ts:consumer-reference | project/apps/api/src/modules/fee-engine/fee-engine.module.ts:FeeEngineModule.providers | project/apps/api/src/modules/fee-engine/fee-engine.service.ts:55 | project/apps/api/src/modules/template-engine/template-engine.service.ts:consumer-reference","PRESERVE_HISTORY_AND_PLAN_SAFE_RETIREMENT"
"INT-9B07FEC2ABE2","SHARED PLATFORM / INFRASTRUCTURE","TraceCollectorService","IMPLEMENTED","true","true","true","true","3","","false","OPERABLE_UNVERIFIED","NONE","","project/apps/api/src/modules/calc-preview/calc-preview.module.ts:CalcPreviewModule.providers | project/apps/api/src/modules/calc-preview/calc-preview.service.ts:consumer-reference | project/apps/api/src/modules/calc-preview/explanation/explanation.service.ts:consumer-reference | project/apps/api/src/modules/calc-preview/trace/trace-collector.service.ts:32 | project/apps/api/src/modules/calc-preview/trace/trace.interceptor.ts:consumer-reference","ADD_REPRESENTATIVE_L6_VERIFICATION"
"INT-9B876775EFD2","RECEIVABLE / ALACAK","AccessControlService","IMPLEMENTED","true","true","","false","0","","false","UNKNOWN_REQUIRES_EVIDENCE","NONE","AccessControlService production DI/constructor yüzeyinde mevcut fakat gerçek root consumer bulunamadı.","project/apps/api/src/modules/interest-engine/audit/access-control.service.ts:140 | project/apps/api/src/modules/interest-engine/interest-engine.module.ts:InterestEngineModule.providers","COLLECT_MISSING_EVIDENCE"
"INT-9BBD7417F76C","RECEIVABLE / ALACAK","TraceExporterService","IMPLEMENTED","true","true","","true","1","","false","UNKNOWN_REQUIRES_EVIDENCE","NONE","","project/apps/api/src/modules/interest-engine/interest-engine.controller.ts:consumer-reference | project/apps/api/src/modules/interest-engine/interest-engine.module.ts:InterestEngineModule.providers | project/apps/api/src/modules/interest-engine/trace/trace-exporter.service.ts:58","COLLECT_MISSING_EVIDENCE"
"INT-9CC5892AA884","SHARED PLATFORM / INFRASTRUCTURE","SnapshotCleanupOrchestratorService","IMPLEMENTED","true","false","false","false","0","","false","CODE_PRESENT_UNBOUND","P2","SnapshotCleanupOrchestratorService production-reachable provider kaydında veya doğrudan construction path'inde bulunamadı.","project/apps/api/src/modules/calc-preview/diagnostics/cleanup/snapshot-cleanup-orchestrator.service.ts:40","OWNER_REVIEW_BIND_OR_DISPOSITION"
"INT-9D288CC8F4FB","SHARED PLATFORM / INFRASTRUCTURE","DiagnosticsRBACGuard","IMPLEMENTED","true","true","true","true","3","","false","OPERABLE_UNVERIFIED","NONE","","project/apps/api/src/modules/calc-preview/diagnostics/diagnostics.controller.ts:consumer-reference | project/apps/api/src/modules/calc-preview/diagnostics/diagnostics.module.ts:DiagnosticsModule.providers | project/apps/api/src/modules/calc-preview/diagnostics/guards/diagnostics-rbac.guard.ts:47 | project/apps/api/src/modules/calc-preview/diagnostics/guards/index.ts:consumer-reference | project/apps/api/src/modules/calc-preview/diagnostics/index.ts:consumer-reference","ADD_REPRESENTATIVE_L6_VERIFICATION"
"INT-9D8E1D2DB347","UYAP CONNECTOR","TebligatService","CANONICAL | IMPLEMENTED | MERGED","true","true","true","true","7","","false","OPERABLE_UNVERIFIED","NONE","","project/apps/api/src/modules/case-debtor-lifecycle-guard/case-debtor-lifecycle-guard.service.ts:consumer-reference | project/apps/api/src/modules/debtor/debtor.service.ts:consumer-reference | project/apps/api/src/modules/legal-deadline/legal-service-date-rule-core.ts:consumer-reference | project/apps/api/src/modules/scheduler/scheduler.service.ts:consumer-reference | project/apps/api/src/modules/tebligat/dto/tebligat.dto.ts:consumer-reference | project/apps/api/src/modules/tebligat/service-occurrence/service-occurrence.types.ts:consumer-reference | project/apps/api/src/modules/tebligat/tebligat.controller.ts:consumer-reference | project/apps/api/src/modules/tebligat/tebligat.module.ts:TebligatModule.providers | project/apps/api/src/modules/tebligat/tebligat.service.ts:69","ADD_REPRESENTATIVE_L6_VERIFICATION"
"INT-9D9B2F0070E8","CLIENT / MÜVEKKİL","ClientAccountingJournalMovementsReaderService","IMPLEMENTED","true","true","true","true","1","","false","OPERABLE_UNVERIFIED","NONE","","project/apps/api/src/modules/client-settlement/client-accounting-journal-movements-reader.service.ts:60 | project/apps/api/src/modules/client-settlement/client-accounting-movements-read.service.ts:consumer-reference | project/apps/api/src/modules/client-settlement/client-settlement.module.ts:ClientSettlementModule.providers","ADD_REPRESENTATIVE_L6_VERIFICATION"
"INT-9E51734AAFEF","OFFICE / AVUKAT-PERSONEL","OfficeApprovalShadowService","MERGED","true","true","","true","2","","false","BOUND_DORMANT","P2","","project/apps/api/src/modules/case-status/case-status.controller.ts:consumer-reference | project/apps/api/src/modules/office-approval/office-approval-shadow.service.ts:69 | project/apps/api/src/modules/office-approval/office-approval.module.ts:OfficeApprovalModule.providers | project/apps/api/src/scripts/office-cap02-authorization-shadow.core.ts:consumer-reference","VERIFY_ACTIVATION_AUTHORITY_AND_DEPLOYED_VALUE"
"INT-9E7606B2502A","UYAP CONNECTOR","SeedService","IMPLEMENTED","true","true","true","true","6","","false","OPERABLE_UNVERIFIED","NONE","","project/apps/api/src/modules/icrabot/v28-engine/outbox.service.ts:consumer-reference | project/apps/api/src/modules/icrabot/v28-engine/seed.service.ts:19 | project/apps/api/src/modules/icrabot/v28-engine/tenant-resolver.ts:consumer-reference | project/apps/api/src/modules/icrabot/v28-engine/v28-engine.controller.ts:consumer-reference | project/apps/api/src/modules/icrabot/v28-engine/v28-engine.module.ts:V28EngineModule.providers | project/apps/api/src/modules/lookup/lookup-seed.ts:consumer-reference | project/apps/api/src/modules/seed/seed.controller.ts:consumer-reference | project/apps/api/src/modules/seed/seed.module.ts:SeedModule.providers | project/apps/api/src/modules/seed/seed.service.ts:consumer-reference","ADD_REPRESENTATIVE_L6_VERIFICATION"
"INT-9F9789B5BA7D","SHARED PLATFORM / INFRASTRUCTURE","InternalOpsGuard","IMPLEMENTED","true","false","false","false","5","","false","CODE_PRESENT_UNBOUND","P2","InternalOpsGuard production-reachable provider kaydında veya doğrudan construction path'inde bulunamadı.","project/apps/api/src/modules/calc-preview/break-glass/controllers/break-glass.controller.ts:consumer-reference | project/apps/api/src/modules/calc-preview/break-glass/controllers/cross-tenant-access.controller.ts:consumer-reference | project/apps/api/src/modules/calc-preview/break-glass/guards/index.ts:consumer-reference | project/apps/api/src/modules/calc-preview/break-glass/guards/internal-ops.guard.ts:28 | project/apps/api/src/modules/calc-preview/break-glass/index.ts:consumer-reference | project/apps/api/src/modules/calc-preview/break-glass/interceptors/cross-tenant-access.interceptor.ts:consumer-reference","OWNER_REVIEW_BIND_OR_DISPOSITION"
"INT-A04D836FF72A","UYAP CONNECTOR","QueuePolicyLoaderService","IMPLEMENTED","true","true","true","true","2","","false","OPERABLE_UNVERIFIED","NONE","","project/apps/api/src/modules/icrabot/icrabot.module.ts:IcrabotModule.providers | project/apps/api/src/modules/icrabot/ops/ops.controller.ts:consumer-reference | project/apps/api/src/modules/icrabot/scheduler/priority-dispatcher.service.ts:consumer-reference | project/apps/api/src/modules/icrabot/scheduler/queue-policy-loader.service.ts:37","ADD_REPRESENTATIVE_L6_VERIFICATION"
"INT-A05A3E171302","RECEIVABLE / ALACAK","RetentionService","IMPLEMENTED","true","true","","false","0","","false","UNKNOWN_REQUIRES_EVIDENCE","NONE","RetentionService production DI/constructor yüzeyinde mevcut fakat gerçek root consumer bulunamadı.","project/apps/api/src/modules/interest-engine/audit/retention.service.ts:64 | project/apps/api/src/modules/interest-engine/interest-engine.module.ts:InterestEngineModule.providers","COLLECT_MISSING_EVIDENCE"
"INT-A1886A399462","SHARED PLATFORM / INFRASTRUCTURE","CostPackageService","IMPLEMENTED","true","true","true","true","2","","false","OPERABLE_UNVERIFIED","NONE","","project/apps/api/src/modules/cost-package/cost-package.controller.ts:consumer-reference | project/apps/api/src/modules/cost-package/cost-package.module.ts:CostPackageModule.providers | project/apps/api/src/modules/cost-package/cost-package.service.ts:24 | project/apps/api/src/modules/stage-trigger/stage-trigger.service.ts:consumer-reference","ADD_REPRESENTATIVE_L6_VERIFICATION"
"INT-A1C02BBE50C1","AUTH / TENANT / SECURITY","AdminGuard","MERGED","true","true","true","true","11","","false","OPERABLE_UNVERIFIED","NONE","","project/apps/api/src/modules/accounting-journal/accounting-journal-cutover-readiness.controller.ts:consumer-reference | project/apps/api/src/modules/accounting-journal/accounting-journal-financial-statement.controller.ts:consumer-reference | project/apps/api/src/modules/accounting-journal/accounting-journal-trial-balance.controller.ts:consumer-reference | project/apps/api/src/modules/auth/guards/admin.guard.ts:6 | project/apps/api/src/modules/auth/invite/user-invite.controller.ts:consumer-reference | project/apps/api/src/modules/error-log/error-log.controller.ts:consumer-reference | project/apps/api/src/modules/icrabot/v28-engine/v28-engine.controller.ts:consumer-reference | project/apps/api/src/modules/reporting-line/reporting-line.controller.ts:consumer-reference | project/apps/web/src/app/(dashboard)/settings/reporting-lines/page.tsx:consumer-reference | project/apps/web/src/components/layout/sidebar.tsx:consumer-reference | project/apps/web/src/lib/api.ts:consumer-reference | project/apps/web/src/lib/api/financial-statement.ts:consumer-reference","ADD_REPRESENTATIVE_L6_VERIFICATION"
"INT-A41DA83040F2","DEBTOR / BORÇLU","DebtorCrossCaseNotificationTaskLinkService","IMPLEMENTED","true","true","true","true","1","","false","OPERABLE_UNVERIFIED","NONE","","project/apps/api/src/modules/debtor/debtor-cross-case-notification-task-link.service.ts:22 | project/apps/api/src/modules/debtor/debtor.controller.ts:consumer-reference | project/apps/api/src/modules/debtor/debtor.module.ts:DebtorModule.providers","ADD_REPRESENTATIVE_L6_VERIFICATION"
"INT-A5EA2CEAD034","SHARED PLATFORM / INFRASTRUCTURE","BreakGlassGrantService","IMPLEMENTED","true","false","false","false","6","","false","CODE_PRESENT_UNBOUND","P2","BreakGlassGrantService production-reachable provider kaydında veya doğrudan construction path'inde bulunamadı.","project/apps/api/src/modules/calc-preview/break-glass/controllers/break-glass.controller.ts:consumer-reference | project/apps/api/src/modules/calc-preview/break-glass/guards/break-glass-grant.guard.ts:consumer-reference | project/apps/api/src/modules/calc-preview/break-glass/interceptors/cross-tenant-access.interceptor.ts:consumer-reference | project/apps/api/src/modules/calc-preview/break-glass/services/approval/approval.service.ts:consumer-reference | project/apps/api/src/modules/calc-preview/break-glass/services/grant/grant.service.ts:183 | project/apps/api/src/modules/calc-preview/break-glass/services/grant/index.ts:consumer-reference | project/apps/api/src/modules/calc-preview/break-glass/services/request/request.service.ts:consumer-reference","OWNER_REVIEW_BIND_OR_DISPOSITION"
"INT-A609D69AA330","DEBTOR / BORÇLU","InstitutionLetterService","IMPLEMENTED | MERGED","true","true","true","true","2","","false","OPERABLE_UNVERIFIED","NONE","","project/apps/api/src/modules/address-discovery/address-discovery.controller.ts:consumer-reference | project/apps/api/src/modules/address-discovery/address-discovery.module.ts:AddressDiscoveryModule.providers | project/apps/api/src/modules/address-discovery/institution-letter.service.ts:14 | project/apps/api/src/modules/case-debtor-lifecycle-guard/case-debtor-lifecycle-guard.service.ts:consumer-reference","ADD_REPRESENTATIVE_L6_VERIFICATION"
"INT-A6160755FF84","SHARED PLATFORM / INFRASTRUCTURE","RiskService","IMPLEMENTED | MERGED","true","true","true","true","2","","false","OPERABLE_UNVERIFIED","NONE","","project/apps/api/src/common/collection-confirmed.util.ts:consumer-reference | project/apps/api/src/modules/risk/risk.controller.ts:consumer-reference | project/apps/api/src/modules/risk/risk.module.ts:RiskModule.providers | project/apps/api/src/modules/risk/risk.service.ts:24","ADD_REPRESENTATIVE_L6_VERIFICATION"
"INT-A73F96D9F97D","OFFICE / AVUKAT-PERSONEL","OfficeApprovalDomainSyncService","CANONICAL | IMPLEMENTED | MERGED","true","true","true","true","2","","false","OPERABLE_UNVERIFIED","NONE","","project/apps/api/src/modules/collection/collection.service.ts:consumer-reference | project/apps/api/src/modules/office-approval/office-approval-domain-sync.service.ts:60 | project/apps/api/src/modules/office-approval/office-approval.module.ts:OfficeApprovalModule.providers | project/apps/api/src/modules/office-approval/office-approval.service.ts:consumer-reference","ADD_REPRESENTATIVE_L6_VERIFICATION"
"INT-A797E7064862","SHARED PLATFORM / INFRASTRUCTURE","ExpenseGateService","IMPLEMENTED | MERGED","true","true","false","false","3","","false","SUPERSEDED","P3","","project/apps/api/src/modules/expense-block-reason/expense-block-reason.service.ts:consumer-reference | project/apps/api/src/modules/expense-request/expense-gate.service.ts:41 | project/apps/api/src/modules/expense-request/expense-request.controller.ts:consumer-reference | project/apps/api/src/modules/expense-request/expense-request.module.ts:ExpenseRequestModule.providers | project/apps/api/src/modules/uyap/authority/uyap-expense-blocking-fact.provider.ts:consumer-reference","PRESERVE_HISTORY_AND_PLAN_SAFE_RETIREMENT"
"INT-A8D86B977664","SHARED PLATFORM / INFRASTRUCTURE","BreakGlassCircuitBreakerService","IMPLEMENTED","true","false","false","false","2","","false","CODE_PRESENT_UNBOUND","P2","BreakGlassCircuitBreakerService production-reachable provider kaydında veya doğrudan construction path'inde bulunamadı.","project/apps/api/src/modules/calc-preview/break-glass/services/approval/approval.service.ts:consumer-reference | project/apps/api/src/modules/calc-preview/break-glass/services/circuit-breaker/circuit-breaker.service.ts:151 | project/apps/api/src/modules/calc-preview/break-glass/services/circuit-breaker/index.ts:consumer-reference","OWNER_REVIEW_BIND_OR_DISPOSITION"
"INT-A9F44955F1FA","SHARED PLATFORM / INFRASTRUCTURE","CalcPreviewRateLimitGuard","IMPLEMENTED","true","true","","true","1","","false","UNKNOWN_REQUIRES_EVIDENCE","NONE","","project/apps/api/src/modules/calc-preview/calc-preview.controller.ts:consumer-reference | project/apps/api/src/modules/calc-preview/calc-preview.module.ts:CalcPreviewModule.providers | project/apps/api/src/modules/calc-preview/rate-limit/calc-preview-rate-limit.guard.ts:38","COLLECT_MISSING_EVIDENCE"
"INT-AA5938A58FC1","SHARED PLATFORM / INFRASTRUCTURE","ReportService","IMPLEMENTED | MERGED","true","true","true","true","2","","false","OPERABLE_UNVERIFIED","NONE","","project/apps/api/src/modules/collection/collection.service.ts:consumer-reference | project/apps/api/src/modules/report/report.controller.ts:consumer-reference | project/apps/api/src/modules/report/report.module.ts:ReportModule.providers | project/apps/api/src/modules/report/report.service.ts:13","ADD_REPRESENTATIVE_L6_VERIFICATION"
"INT-ABFC932615DB","RECEIVABLE / ALACAK","PaymentAllocationService","IMPLEMENTED","true","true","","false","0","","false","SUPERSEDED","P3","PaymentAllocationService production DI/constructor yüzeyinde mevcut fakat gerçek root consumer bulunamadı.","project/apps/api/src/modules/interest-engine/interest-engine.module.ts:InterestEngineModule.providers | project/apps/api/src/modules/interest-engine/payment-allocation.service.ts:25","PRESERVE_HISTORY_AND_PLAN_SAFE_RETIREMENT"
"INT-ADA9F6D074D9","UYAP CONNECTOR","UyapOperationWriterService","MERGED","true","true","true","true","1","","false","BOUND_DORMANT","P2","","project/apps/api/src/modules/uyap/operation-writer/uyap-operation-evidence.orchestrator.ts:consumer-reference | project/apps/api/src/modules/uyap/operation-writer/uyap-operation-writer.service.ts:40 | project/apps/api/src/modules/uyap/uyap.module.ts:UyapModule.providers","VERIFY_ACTIVATION_AUTHORITY_AND_DEPLOYED_VALUE"
"INT-ADDFE2F2C510","SHARED PLATFORM / INFRASTRUCTURE","GroupService","IMPLEMENTED","true","true","true","true","1","","false","OPERABLE_UNVERIFIED","NONE","","project/apps/api/src/modules/group/group.controller.ts:consumer-reference | project/apps/api/src/modules/group/group.module.ts:GroupModule.providers | project/apps/api/src/modules/group/group.service.ts:5","ADD_REPRESENTATIVE_L6_VERIFICATION"
"INT-AE4491A142C8","UYAP CONNECTOR","EngineRunnerService","IMPLEMENTED | MERGED","true","true","true","true","3","","false","OPERABLE_UNVERIFIED","NONE","","project/apps/api/src/modules/icrabot/v28-engine/engine-runner.service.ts:74 | project/apps/api/src/modules/icrabot/v28-engine/index.ts:consumer-reference | project/apps/api/src/modules/icrabot/v28-engine/outbox.service.ts:consumer-reference | project/apps/api/src/modules/icrabot/v28-engine/uyap-event-ingest.service.ts:consumer-reference | project/apps/api/src/modules/icrabot/v28-engine/v28-engine.module.ts:V28EngineModule.providers","ADD_REPRESENTATIVE_L6_VERIFICATION"
"INT-AF017422CC46","SHARED PLATFORM / INFRASTRUCTURE","ActionPolicyGuard","IMPLEMENTED","true","false","false","false","3","","false","CODE_PRESENT_UNBOUND","P2","ActionPolicyGuard production-reachable provider kaydında veya doğrudan construction path'inde bulunamadı.","project/apps/api/src/modules/calc-preview/diagnostics/playbook/action-executor.service.ts:consumer-reference | project/apps/api/src/modules/calc-preview/diagnostics/playbook/action-policy-guard.service.ts:52 | project/apps/api/src/modules/calc-preview/diagnostics/playbook/index.ts:consumer-reference | project/apps/api/src/modules/calc-preview/diagnostics/playbook/playbook.service.ts:consumer-reference","OWNER_REVIEW_BIND_OR_DISPOSITION"
"INT-AF1A55030C4B","SHARED PLATFORM / INFRASTRUCTURE","CrossTenantAccessInterceptor","IMPLEMENTED","true","false","false","false","2","","false","CODE_PRESENT_UNBOUND","P2","CrossTenantAccessInterceptor production-reachable provider kaydında veya doğrudan construction path'inde bulunamadı.","project/apps/api/src/modules/calc-preview/break-glass/controllers/cross-tenant-access.controller.ts:consumer-reference | project/apps/api/src/modules/calc-preview/break-glass/interceptors/cross-tenant-access.interceptor.ts:43 | project/apps/api/src/modules/calc-preview/break-glass/interceptors/index.ts:consumer-reference","OWNER_REVIEW_BIND_OR_DISPOSITION"
"INT-AF4E8C1B871D","SHARED PLATFORM / INFRASTRUCTURE","CaseInstrumentService","IMPLEMENTED | MERGED","true","true","true","true","1","","false","OPERABLE_UNVERIFIED","NONE","","project/apps/api/src/modules/case-instrument/case-instrument.controller.ts:consumer-reference | project/apps/api/src/modules/case-instrument/case-instrument.module.ts:CaseInstrumentModule.providers | project/apps/api/src/modules/case-instrument/case-instrument.service.ts:44","ADD_REPRESENTATIVE_L6_VERIFICATION"
"INT-AFA258B36AD4","CLIENT / MÜVEKKİL","AccountingLedgerDryRunService","IMPLEMENTED | MERGED","true","false","false","false","0","","false","CODE_PRESENT_UNBOUND","P2","AccountingLedgerDryRunService production-reachable provider kaydında veya doğrudan construction path'inde bulunamadı.","project/apps/api/src/modules/client-settlement/accounting-ledger-dry-run.service.ts:305","OWNER_REVIEW_BIND_OR_DISPOSITION"
"INT-AFC043B97846","SHARED PLATFORM / INFRASTRUCTURE","ExpenseBlockReasonService","CANONICAL | MERGED","true","true","true","true","3","","false","OPERABLE_UNVERIFIED","NONE","","project/apps/api/src/modules/expense-block-reason/expense-block-reason.controller.ts:consumer-reference | project/apps/api/src/modules/expense-block-reason/expense-block-reason.module.ts:ExpenseBlockReasonModule.providers | project/apps/api/src/modules/expense-block-reason/expense-block-reason.service.ts:29 | project/apps/api/src/modules/uyap/authority/uyap-authority-snapshot.service.ts:consumer-reference | project/apps/api/src/modules/uyap/authority/uyap-expense-blocking-fact.provider.ts:consumer-reference","ADD_REPRESENTATIVE_L6_VERIFICATION"
"INT-AFF68453E6CC","AUTH / TENANT / SECURITY","TenantService","IMPLEMENTED","true","true","true","false","0","","false","ACTIVE_UNREACHABLE","P2","TenantService production DI/constructor yüzeyinde mevcut fakat gerçek root consumer bulunamadı.","project/apps/api/src/modules/tenant/tenant.module.ts:TenantModule.providers | project/apps/api/src/modules/tenant/tenant.service.ts:5","WIRE_REAL_ENTRYPOINT_OR_DISPOSITION"
"INT-AFF9A2789C94","AUTH / TENANT / SECURITY","JwtAuthGuard","IMPLEMENTED","true","true","true","true","97","","false","OPERABLE_UNVERIFIED","NONE","","project/apps/api/src/modules/accounting-journal/accounting-journal-cutover-readiness.controller.ts:consumer-reference | project/apps/api/src/modules/accounting-journal/accounting-journal-financial-statement.controller.ts:consumer-reference | project/apps/api/src/modules/accounting-journal/accounting-journal-manual-adjustment.controller.ts:consumer-reference | project/apps/api/src/modules/accounting-journal/accounting-journal-reversal.controller.ts:consumer-reference | project/apps/api/src/modules/accounting-journal/accounting-journal-trial-balance.controller.ts:consumer-reference | project/apps/api/src/modules/address-discovery/address-discovery.controller.ts:consumer-reference | project/apps/api/src/modules/address-task/address-task.controller.ts:consumer-reference | project/apps/api/src/modules/ai/ai.controller.ts:consumer-reference | project/apps/api/src/modules/asset-query/asset-query.controller.ts:consumer-reference | project/apps/api/src/modules/audit/audit.controller.ts:consumer-reference | project/apps/api/src/modules/auth/auth.controller.ts:consumer-reference | project/apps/api/src/modules/auth/guards/admin.guard.ts:consumer-reference | project/apps/api/src/modules/auth/guards/jwt-auth.guard.ts:5 | project/apps/api/src/modules/auth/invite/user-invite.controller.ts:consumer-reference | project/apps/api/src/modules/automation/automation.controller.ts:consumer-reference | project/apps/api/src/modules/balance-display-shadow-diff/balance-display-shadow-diff.controller.ts:consumer-reference | project/apps/api/src/modules/balance-shadow-compare/balance-shadow-compare.controller.ts:consumer-reference | project/apps/api/src/modules/bank/bank.controller.ts:consumer-reference | project/apps/api/src/modules/calendar/calendar.controller.ts:consumer-reference | project/apps/api/src/modules/case-collateral/case-collateral.controller.ts:consumer-reference | project/apps/api/src/modules/case-instrument/case-instrument.controller.ts:consumer-reference | project/apps/api/src/modules/case-judgment/case-judgment.controller.ts:consumer-reference | project/apps/api/src/modules/case-lease/case-lease.controller.ts:consumer-reference | project/apps/api/src/modules/case-status/case-status.controller.ts:consumer-reference | project/apps/api/src/modules/case/case-payment-preview.controller.ts:consumer-reference | project/apps/api/src/modules/case/case.controller.ts:consumer-reference | project/apps/api/src/modules/claim-engine/claim-engine.controller.ts:consumer-reference | project/apps/api/src/modules/claim-item/claim-item.controller.ts:consumer-reference | project/apps/api/src/modules/client-notification/client-notification.controller.ts:consumer-reference | project/apps/api/src/modules/client-settlement/case-fee-agreement.controller.ts:consumer-reference | project/apps/api/src/modules/client-settlement/client-accounting.controller.ts:consumer-reference | project/apps/api/src/modules/client-settlement/client-offset.controller.ts:consumer-reference | project/apps/api/src/modules/client-settlement/client-payout-manual-reversal.controller.ts:consumer-reference | project/apps/api/src/modules/client-settlement/client-payout.controller.ts:consumer-reference | project/apps/api/src/modules/client-settlement/client-payout.service.ts:consumer-reference | project/apps/api/src/modules/client-settlement/disposition.controller.ts:consumer-reference | project/apps/api/src/modules/client/client-address.controller.ts:consumer-reference | project/apps/api/src/modules/client/client.controller.ts:consumer-reference | project/apps/api/src/modules/collection/collection.controller.ts:consumer-reference | project/apps/api/src/modules/debtor/address.controller.ts:consumer-reference | project/apps/api/src/modules/debtor/case-debtor.controller.ts:consumer-reference | project/apps/api/src/modules/debtor/communication.controller.ts:consumer-reference | project/apps/api/src/modules/debtor/debtor.controller.ts:consumer-reference | project/apps/api/src/modules/debtor/third-party.controller.ts:consumer-reference | project/apps/api/src/modules/document/document.controller.ts:consumer-reference | project/apps/api/src/modules/error-log/error-log.controller.ts:consumer-reference | project/apps/api/src/modules/escalation/escalation.controller.ts:consumer-reference | project/apps/api/src/modules/esign/esign.controller.ts:consumer-reference | project/apps/api/src/modules/exchange-rate/exchange-rate.controller.ts:consumer-reference | project/apps/api/src/modules/execution-office/execution-office.controller.ts:consumer-reference | project/apps/api/src/modules/export-import/export-import.controller.ts:consumer-reference | project/apps/api/src/modules/fee-engine/fee-engine.controller.ts:consumer-reference | project/apps/api/src/modules/greeting/greeting.controller.ts:consumer-reference | project/apps/api/src/modules/group/group.controller.ts:consumer-reference | project/apps/api/src/modules/icrabot/admin/admin.controller.ts:consumer-reference | project/apps/api/src/modules/icrabot/bundle/bundle.controller.ts:consumer-reference | project/apps/api/src/modules/icrabot/health/health.controller.ts:consumer-reference | project/apps/api/src/modules/icrabot/icrabot.controller.ts:consumer-reference | project/apps/api/src/modules/icrabot/mvp/mvp.controller.ts:consumer-reference | project/apps/api/src/modules/icrabot/ops/ops.controller.ts:consumer-reference | project/apps/api/src/modules/icrabot/recorder/recorder.controller.ts:consumer-reference | project/apps/api/src/modules/icrabot/v28-engine/v28-engine.controller.ts:consumer-reference | project/apps/api/src/modules/interest-engine/interest-engine.controller.ts:consumer-reference | project/apps/api/src/modules/lawyer/lawyer.controller.ts:consumer-reference | project/apps/api/src/modules/legal-time-shadow/legal-time-shadow.controller.ts:consumer-reference | project/apps/api/src/modules/limitation-engine/limitation-engine.controller.ts:consumer-reference | project/apps/api/src/modules/lookup/lookup.controller.ts:consumer-reference | project/apps/api/src/modules/notification/notification.controller.ts:consumer-reference | project/apps/api/src/modules/ocr/ocr.controller.ts:consumer-reference | project/apps/api/src/modules/office-approval/office-approval.controller.ts:consumer-reference | project/apps/api/src/modules/office/office.controller.ts:consumer-reference | project/apps/api/src/modules/payment-instruction/payment-instruction.controller.ts:consumer-reference | project/apps/api/src/modules/pdf/pdf.controller.ts:consumer-reference | project/apps/api/src/modules/permission-diagnostics/permission-diagnostics.controller.ts:consumer-reference | project/apps/api/src/modules/poa/poa.controller.ts:consumer-reference | project/apps/api/src/modules/policy-engine/policy-engine.controller.ts:consumer-reference | project/apps/api/src/modules/portal/portal.controller.ts:consumer-reference | project/apps/api/src/modules/portal/portal.service.ts:consumer-reference | project/apps/api/src/modules/precautionary-order/precautionary-order.controller.ts:consumer-reference | project/apps/api/src/modules/related-lawsuits/related-lawsuits.controller.ts:consumer-reference | project/apps/api/src/modules/report/report.controller.ts:consumer-reference | project/apps/api/src/modules/reporting-line/reporting-line.controller.ts:consumer-reference | project/apps/api/src/modules/risk/risk.controller.ts:consumer-reference | project/apps/api/src/modules/scheduler/scheduler.controller.ts:consumer-reference | project/apps/api/src/modules/seed/seed.controller.ts:consumer-reference | project/apps/api/src/modules/seed/seed.service.ts:consumer-reference | project/apps/api/src/modules/staff/staff.controller.ts:consumer-reference | project/apps/api/src/modules/summary-engine/summary-engine.controller.ts:consumer-reference | project/apps/api/src/modules/tariff/tariff.controller.ts:consumer-reference | project/apps/api/src/modules/task/task.controller.ts:consumer-reference | project/apps/api/src/modules/tebligat/tebligat.controller.ts:consumer-reference | project/apps/api/src/modules/template-engine/template-engine.controller.ts:consumer-reference | project/apps/api/src/modules/user/user.controller.ts:consumer-reference | project/apps/api/src/modules/uyap-export/uyap-export.controller.ts:consumer-reference | project/apps/api/src/modules/uyap/uyap.controller.ts:consumer-reference | project/apps/api/src/modules/validation-gate/validation-gate.controller.ts:consumer-reference | project/apps/web/src/components/client-accounting/FinancialStatementPanel.tsx:consumer-reference | project/apps/web/src/lib/api.ts:consumer-reference","ADD_REPRESENTATIVE_L6_VERIFICATION"
"INT-B09B4F78EE5C","SHARED PLATFORM / INFRASTRUCTURE","PdfService","IMPLEMENTED","true","true","true","true","1","","false","OPERABLE_UNVERIFIED","NONE","","project/apps/api/src/modules/pdf/pdf.controller.ts:consumer-reference | project/apps/api/src/modules/pdf/pdf.module.ts:PdfModule.providers | project/apps/api/src/modules/pdf/pdf.service.ts:15","ADD_REPRESENTATIVE_L6_VERIFICATION"
"INT-B1025D3D6440","CLIENT / MÜVEKKİL","CollectionDispositionService","MERGED","true","true","true","true","1","","false","OPERABLE_UNVERIFIED","NONE","","project/apps/api/src/modules/client-settlement/client-settlement.module.ts:ClientSettlementModule.providers | project/apps/api/src/modules/client-settlement/collection-disposition.service.ts:27 | project/apps/api/src/modules/client-settlement/payment-received.registrar.ts:consumer-reference","ADD_REPRESENTATIVE_L6_VERIFICATION"
"INT-B10D56316D2F","SHARED PLATFORM / INFRASTRUCTURE","LegalResponsibleLawyerService","MERGED","true","true","true","true","3","","false","OPERABLE_UNVERIFIED","NONE","","project/apps/api/src/modules/case/case.controller.ts:consumer-reference | project/apps/api/src/modules/case/case.module.ts:CaseModule.providers | project/apps/api/src/modules/case/case.service.ts:consumer-reference | project/apps/api/src/modules/case/legal-responsible-lawyer.service.ts:35 | project/apps/api/src/modules/lawyer/lawyer.service.ts:consumer-reference","ADD_REPRESENTATIVE_L6_VERIFICATION"
"INT-B12A35825202","SHARED PLATFORM / INFRASTRUCTURE","SimulationRunStoreService","IMPLEMENTED","true","true","","true","4","","false","SUPERSEDED","P3","","project/apps/api/src/modules/calc-preview/diagnostics/persistence/truth-layer.module.ts:TruthLayerModule.providers | project/apps/api/src/modules/calc-preview/diagnostics/simulation-api/index.ts:consumer-reference | project/apps/api/src/modules/calc-preview/diagnostics/simulation-api/promote.service.ts:consumer-reference | project/apps/api/src/modules/calc-preview/diagnostics/simulation-api/simulation-api.module.ts:SimulationApiModule.providers | project/apps/api/src/modules/calc-preview/diagnostics/simulation-api/simulation-run-store.service.ts:80 | project/apps/api/src/modules/calc-preview/diagnostics/simulation-api/simulation-v1-alias.controller.ts:consumer-reference | project/apps/api/src/modules/calc-preview/diagnostics/simulation-api/simulation.controller.ts:consumer-reference","PRESERVE_HISTORY_AND_PLAN_SAFE_RETIREMENT"
"INT-B2117D113D9D","RECEIVABLE / ALACAK","BalanceShadowCompareService","IMPLEMENTED","true","true","true","true","2","","false","OPERABLE_UNVERIFIED","NONE","","project/apps/api/src/modules/balance-shadow-compare/balance-shadow-compare.controller.ts:consumer-reference | project/apps/api/src/modules/balance-shadow-compare/balance-shadow-compare.module.ts:BalanceShadowCompareModule.providers | project/apps/api/src/modules/balance-shadow-compare/balance-shadow-compare.service.ts:59 | project/apps/api/src/modules/interest-engine/orchestration/case-balance.service.ts:consumer-reference","ADD_REPRESENTATIVE_L6_VERIFICATION"
"INT-B3C5BD417D27","DEBTOR / BORÇLU","CaseDebtorService","IMPLEMENTED | MERGED","true","true","true","true","4","","false","OPERABLE_UNVERIFIED","NONE","","project/apps/api/src/modules/client-intel-statement/client-intel-statement.service.ts:consumer-reference | project/apps/api/src/modules/debtor/case-debtor-audit.util.ts:consumer-reference | project/apps/api/src/modules/debtor/case-debtor.controller.ts:consumer-reference | project/apps/api/src/modules/debtor/case-debtor.service.ts:22 | project/apps/api/src/modules/debtor/debtor.controller.ts:consumer-reference | project/apps/api/src/modules/debtor/debtor.module.ts:DebtorModule.providers","ADD_REPRESENTATIVE_L6_VERIFICATION"
"INT-B62DDC0AA46B","CLIENT / MÜVEKKİL","ClientAccountingSummaryReadService","IMPLEMENTED | MERGED","true","true","true","true","1","","false","OPERABLE_UNVERIFIED","NONE","","project/apps/api/src/modules/client-settlement/client-accounting-summary-read.service.ts:47 | project/apps/api/src/modules/client-settlement/client-accounting.controller.ts:consumer-reference | project/apps/api/src/modules/client-settlement/client-settlement.module.ts:ClientSettlementModule.providers","ADD_REPRESENTATIVE_L6_VERIFICATION"
"INT-B736DDA2925A","SHARED PLATFORM / INFRASTRUCTURE","SimulationFeatureFlagGuard","IMPLEMENTED","true","true","true","true","7","","false","OPERABLE_UNVERIFIED","NONE","","project/apps/api/src/modules/calc-preview/diagnostics/simulation-api/evidence-bundle.controller.ts:consumer-reference | project/apps/api/src/modules/calc-preview/diagnostics/simulation-api/guards/simulation-feature-flag.guard.ts:71 | project/apps/api/src/modules/calc-preview/diagnostics/simulation-api/index.ts:consumer-reference | project/apps/api/src/modules/calc-preview/diagnostics/simulation-api/legal-hold.controller.ts:consumer-reference | project/apps/api/src/modules/calc-preview/diagnostics/simulation-api/promote.controller.ts:consumer-reference | project/apps/api/src/modules/calc-preview/diagnostics/simulation-api/scenario-ranker.controller.ts:consumer-reference | project/apps/api/src/modules/calc-preview/diagnostics/simulation-api/simulation-api.module.ts:SimulationApiModule.providers | project/apps/api/src/modules/calc-preview/diagnostics/simulation-api/simulation-v1-alias.controller.ts:consumer-reference | project/apps/api/src/modules/calc-preview/diagnostics/simulation-api/simulation.controller.ts:consumer-reference","ADD_REPRESENTATIVE_L6_VERIFICATION"
"INT-B95A6AE15E4D","SHARED PLATFORM / INFRASTRUCTURE","PlaybookService","IMPLEMENTED","true","false","false","false","2","","false","CODE_PRESENT_UNBOUND","P2","PlaybookService production-reachable provider kaydında veya doğrudan construction path'inde bulunamadı.","project/apps/api/src/modules/calc-preview/diagnostics/playbook/index.ts:consumer-reference | project/apps/api/src/modules/calc-preview/diagnostics/playbook/playbook.controller.ts:consumer-reference | project/apps/api/src/modules/calc-preview/diagnostics/playbook/playbook.service.ts:91","OWNER_REVIEW_BIND_OR_DISPOSITION"
"INT-B9D28C2E2AE9","SHARED PLATFORM / INFRASTRUCTURE","JtiAnomalyDetectorService","IMPLEMENTED","true","false","false","false","0","","false","CODE_PRESENT_UNBOUND","P2","JtiAnomalyDetectorService production-reachable provider kaydında veya doğrudan construction path'inde bulunamadı.","project/apps/api/src/modules/calc-preview/break-glass/services/anomaly/jti-anomaly-detector.service.ts:76","OWNER_REVIEW_BIND_OR_DISPOSITION"
"INT-B9D2AD0FAA0E","SHARED PLATFORM / INFRASTRUCTURE","DiagnosticsAggregatorService","IMPLEMENTED","true","true","true","true","3","","false","OPERABLE_UNVERIFIED","NONE","","project/apps/api/src/modules/calc-preview/diagnostics/diagnostics-aggregator.service.ts:77 | project/apps/api/src/modules/calc-preview/diagnostics/diagnostics.module.ts:DiagnosticsModule.providers | project/apps/api/src/modules/calc-preview/diagnostics/diagnostics.service.ts:consumer-reference | project/apps/api/src/modules/calc-preview/diagnostics/evidence/evidence-aggregator.service.ts:consumer-reference | project/apps/api/src/modules/calc-preview/diagnostics/index.ts:consumer-reference","ADD_REPRESENTATIVE_L6_VERIFICATION"
"INT-B9F3925ADD71","SHARED PLATFORM / INFRASTRUCTURE","ExpensePaymentReversalContractService","IMPLEMENTED","true","true","true","true","1","","false","OPERABLE_UNVERIFIED","NONE","","project/apps/api/src/modules/expense-request/expense-payment-reversal-contract.service.ts:56 | project/apps/api/src/modules/expense-request/expense-request.module.ts:ExpenseRequestModule.providers | project/apps/api/src/modules/expense-request/expense-request.service.ts:consumer-reference","ADD_REPRESENTATIVE_L6_VERIFICATION"
"INT-BB284D088FAF","SHARED PLATFORM / INFRASTRUCTURE","AccountingJournalManualAdjustmentService","CANONICAL | MERGED","true","true","true","true","3","","false","OPERABLE_UNVERIFIED","NONE","","project/apps/api/src/modules/accounting-journal/accounting-journal-manual-adjustment.controller.ts:consumer-reference | project/apps/api/src/modules/accounting-journal/accounting-journal-manual-adjustment.service.ts:67 | project/apps/api/src/modules/accounting-journal/accounting-journal-trial-balance.module.ts:AccountingJournalTrialBalanceModule.providers | project/apps/api/src/modules/policy-engine/effective-permission-mapping.ts:consumer-reference | project/apps/api/src/modules/policy-engine/types/action-code.enum.ts:consumer-reference","ADD_REPRESENTATIVE_L6_VERIFICATION"
"INT-BC3D375BD8B4","OFFICE / AVUKAT-PERSONEL","OfficeApprovalService","IMPLEMENTED | MERGED","true","true","true","true","24","","false","SUPERSEDED","P3","","project/apps/api/src/modules/case-status/financial-case-close-approval.service.ts:consumer-reference | project/apps/api/src/modules/claim-item/claim-item.service.ts:consumer-reference | project/apps/api/src/modules/claim-item/formation-intent/claim-item-formation-office-approval.adapter.ts:consumer-reference | project/apps/api/src/modules/client-financial-disclosure/client-financial-disclosure-approval-eligibility.ts:consumer-reference | project/apps/api/src/modules/client-intake-link/client-intake-link.service.ts:consumer-reference | project/apps/api/src/modules/client-intake-promotion/client-intake-promotion.service.ts:consumer-reference | project/apps/api/src/modules/client-intel-statement/client-intel-statement.service.ts:consumer-reference | project/apps/api/src/modules/client-settlement/case-fee-agreement.service.ts:consumer-reference | project/apps/api/src/modules/client-settlement/client-payout.service.ts:consumer-reference | project/apps/api/src/modules/client-settlement/disposition-posting.service.ts:consumer-reference | project/apps/api/src/modules/client/client.service.ts:consumer-reference | project/apps/api/src/modules/collection/collection.service.ts:consumer-reference | project/apps/api/src/modules/debtor/case-debtor.service.ts:consumer-reference | project/apps/api/src/modules/debtor/debtor.service.ts:consumer-reference | project/apps/api/src/modules/lawyer/lawyer.service.ts:consumer-reference | project/apps/api/src/modules/office-approval/client-financial-disclosure-approval.policy.ts:consumer-reference | project/apps/api/src/modules/office-approval/client-payout-approval.policy.ts:consumer-reference | project/apps/api/src/modules/office-approval/office-approval-domain-sync.service.ts:consumer-reference | project/apps/api/src/modules/office-approval/office-approval-executor.service.ts:consumer-reference | project/apps/api/src/modules/office-approval/office-approval-shadow.service.ts:consumer-reference | project/apps/api/src/modules/office-approval/office-approval.controller.ts:consumer-reference | project/apps/api/src/modules/office-approval/office-approval.module.ts:OfficeApprovalModule.providers | project/apps/api/src/modules/office-approval/office-approval.service.ts:59 | project/apps/api/src/modules/poa/poa.service.ts:consumer-reference | project/apps/api/src/modules/portal/portal.service.ts:consumer-reference | project/apps/web/src/lib/api/client-intel-statement.ts:consumer-reference","PRESERVE_HISTORY_AND_PLAN_SAFE_RETIREMENT"
"INT-BCDAB0C53357","CLIENT / MÜVEKKİL","ClientService","CANONICAL | IMPLEMENTED | MERGED","true","true","true","true","21","","false","OPERABLE_UNVERIFIED","NONE","","project/apps/api/src/modules/audit/audit.service.ts:consumer-reference | project/apps/api/src/modules/automation/poa-expiry-delivery.service.ts:consumer-reference | project/apps/api/src/modules/case/case.service.ts:consumer-reference | project/apps/api/src/modules/client-intel-statement/client-intel-statement.service.ts:consumer-reference | project/apps/api/src/modules/client/client-audit.util.ts:consumer-reference | project/apps/api/src/modules/client/client-identity-checksum.util.ts:consumer-reference | project/apps/api/src/modules/client/client.controller.ts:consumer-reference | project/apps/api/src/modules/client/client.module.ts:ClientModule.providers | project/apps/api/src/modules/client/client.service.ts:259 | project/apps/api/src/modules/client/dto/create-client.dto.ts:consumer-reference | project/apps/api/src/modules/debtor/case-debtor.service.ts:consumer-reference | project/apps/api/src/modules/debtor/debtor-audit.util.ts:consumer-reference | project/apps/api/src/modules/debtor/debtor.service.ts:consumer-reference | project/apps/api/src/modules/export-import/export-import.service.ts:consumer-reference | project/apps/api/src/modules/lawyer/lawyer.service.ts:consumer-reference | project/apps/api/src/modules/poa/poa.service.ts:consumer-reference | project/apps/api/src/modules/portal/portal.service.ts:consumer-reference | project/apps/api/src/modules/seed/seed.service.ts:consumer-reference | project/apps/web/src/app/(dashboard)/cases/new/page.tsx:consumer-reference | project/apps/web/src/app/(dashboard)/clients/[clientId]/edit/page.tsx:consumer-reference | project/apps/web/src/app/(dashboard)/settings/clients/page.tsx:consumer-reference | project/apps/web/src/lib/client-write.ts:consumer-reference | project/apps/web/src/lib/poa-ux.ts:consumer-reference","ADD_REPRESENTATIVE_L6_VERIFICATION"
"INT-BD433F899780","SHARED PLATFORM / INFRASTRUCTURE","ExecutionRecorderService","IMPLEMENTED | MERGED","true","true","true","true","3","","false","OPERABLE_UNVERIFIED","NONE","","project/apps/api/src/modules/policy-engine/case-policy-engine.service.ts:consumer-reference | project/apps/api/src/modules/policy-engine/decision-logger/execution-recorder.service.ts:21 | project/apps/api/src/modules/policy-engine/decision-logger/index.ts:consumer-reference | project/apps/api/src/modules/policy-engine/index.ts:consumer-reference | project/apps/api/src/modules/policy-engine/policy-engine.module.ts:PolicyEngineModule.providers","ADD_REPRESENTATIVE_L6_VERIFICATION"
"INT-BE640A3AEF85","UYAP CONNECTOR","ScenarioHarnessService","IMPLEMENTED | MERGED","true","true","true","true","2","","false","OPERABLE_UNVERIFIED","NONE","","project/apps/api/src/modules/icrabot/v28-engine/factstore.service.ts:consumer-reference | project/apps/api/src/modules/icrabot/v28-engine/scenario-harness.service.ts:85 | project/apps/api/src/modules/icrabot/v28-engine/v28-engine.controller.ts:consumer-reference | project/apps/api/src/modules/icrabot/v28-engine/v28-engine.module.ts:V28EngineModule.providers","ADD_REPRESENTATIVE_L6_VERIFICATION"
"INT-C04D8D880754","SHARED PLATFORM / INFRASTRUCTURE","BreakGlassGrantGuard","IMPLEMENTED","true","false","false","false","4","","false","CODE_PRESENT_UNBOUND","P2","BreakGlassGrantGuard production-reachable provider kaydında veya doğrudan construction path'inde bulunamadı.","project/apps/api/src/modules/calc-preview/break-glass/controllers/cross-tenant-access.controller.ts:consumer-reference | project/apps/api/src/modules/calc-preview/break-glass/guards/break-glass-grant.guard.ts:46 | project/apps/api/src/modules/calc-preview/break-glass/guards/index.ts:consumer-reference | project/apps/api/src/modules/calc-preview/break-glass/index.ts:consumer-reference | project/apps/api/src/modules/calc-preview/break-glass/interceptors/cross-tenant-access.interceptor.ts:consumer-reference","OWNER_REVIEW_BIND_OR_DISPOSITION"
"INT-C090F01FF519","RECEIVABLE / ALACAK","StrategySelectorService","IMPLEMENTED","true","true","","true","1","","false","UNKNOWN_REQUIRES_EVIDENCE","NONE","","project/apps/api/src/modules/interest-engine/interest-engine.module.ts:InterestEngineModule.providers | project/apps/api/src/modules/interest-engine/interest-engine.service.ts:consumer-reference | project/apps/api/src/modules/interest-engine/strategy/strategy-selector.service.ts:18","COLLECT_MISSING_EVIDENCE"
"INT-C1635A0F8B0C","UYAP CONNECTOR","DecisionEngineService","IMPLEMENTED","true","true","true","false","0","","false","ACTIVE_UNREACHABLE","P2","DecisionEngineService production DI/constructor yüzeyinde mevcut fakat gerçek root consumer bulunamadı.","project/apps/api/src/modules/icrabot/extractor/decision-engine.service.ts:66 | project/apps/api/src/modules/icrabot/icrabot.module.ts:IcrabotModule.providers","WIRE_REAL_ENTRYPOINT_OR_DISPOSITION"
"INT-C2BA7EBCFB09","CLIENT / MÜVEKKİL","NotificationDispatcherService","MERGED","true","true","true","true","6","","false","OPERABLE_UNVERIFIED","NONE","","project/apps/api/src/modules/client-approval/client-approval.service.ts:consumer-reference | project/apps/api/src/modules/client-intake-link/client-intake-link.service.ts:consumer-reference | project/apps/api/src/modules/client-notification/client-notification.module.ts:ClientNotificationModule.providers | project/apps/api/src/modules/client-notification/notification-dispatch.controller.ts:consumer-reference | project/apps/api/src/modules/client-notification/notification-dispatcher.service.ts:37 | project/apps/api/src/modules/client-statement/client-statement.service.ts:consumer-reference | project/apps/api/src/modules/client/client.service.ts:consumer-reference | project/apps/api/src/modules/expense-request/expense-request.service.ts:consumer-reference","ADD_REPRESENTATIVE_L6_VERIFICATION"
"INT-C3ADFA78322F","SHARED PLATFORM / INFRASTRUCTURE","TemplateEngineService","CANONICAL | IMPLEMENTED | MERGED","true","true","true","true","3","","false","OPERABLE_UNVERIFIED","NONE","","project/apps/api/src/modules/pdf/pdf.controller.ts:consumer-reference | project/apps/api/src/modules/related-lawsuits/related-lawsuits.service.ts:consumer-reference | project/apps/api/src/modules/template-engine/template-engine.controller.ts:consumer-reference | project/apps/api/src/modules/template-engine/template-engine.module.ts:TemplateEngineModule.providers | project/apps/api/src/modules/template-engine/template-engine.service.ts:197","ADD_REPRESENTATIVE_L6_VERIFICATION"
"INT-C423360358F0","SHARED PLATFORM / INFRASTRUCTURE","DecisionLoggerService","IMPLEMENTED","true","true","true","true","4","","false","OPERABLE_UNVERIFIED","NONE","","project/apps/api/src/modules/policy-engine/case-policy-engine.service.ts:consumer-reference | project/apps/api/src/modules/policy-engine/decision-logger/decision-logger.service.ts:65 | project/apps/api/src/modules/policy-engine/decision-logger/index.ts:consumer-reference | project/apps/api/src/modules/policy-engine/index.ts:consumer-reference | project/apps/api/src/modules/policy-engine/policy-engine.controller.ts:consumer-reference | project/apps/api/src/modules/policy-engine/policy-engine.module.ts:PolicyEngineModule.providers","ADD_REPRESENTATIVE_L6_VERIFICATION"
"INT-C47B5DC4F361","SHARED PLATFORM / INFRASTRUCTURE","CalcPreviewCircuitBreakerService","IMPLEMENTED","true","true","true","true","4","","false","OPERABLE_UNVERIFIED","NONE","","project/apps/api/src/modules/calc-preview/calc-preview.controller.ts:consumer-reference | project/apps/api/src/modules/calc-preview/calc-preview.module.ts:CalcPreviewModule.providers | project/apps/api/src/modules/calc-preview/calc-preview.service.ts:consumer-reference | project/apps/api/src/modules/calc-preview/circuit-breaker/calc-preview-circuit-breaker.service.ts:181 | project/apps/api/src/modules/calc-preview/diagnostics/diagnostics-aggregator.service.ts:consumer-reference | project/apps/api/src/modules/calc-preview/diagnostics/diagnostics.module.ts:DiagnosticsModule.providers | project/apps/api/src/modules/calc-preview/diagnostics/playbook/action-executor.service.ts:consumer-reference","ADD_REPRESENTATIVE_L6_VERIFICATION"
"INT-C50A81A0DCF9","UYAP CONNECTOR","AuditChainService","IMPLEMENTED","true","true","true","true","2","","false","OPERABLE_UNVERIFIED","NONE","","project/apps/api/src/modules/icrabot/enterprise/audit-chain.service.ts:35 | project/apps/api/src/modules/icrabot/enterprise/enterprise.controller.ts:consumer-reference | project/apps/api/src/modules/icrabot/enterprise/index.ts:consumer-reference | project/apps/api/src/modules/icrabot/icrabot.module.ts:IcrabotModule.providers","ADD_REPRESENTATIVE_L6_VERIFICATION"
"INT-C5820806FA75","DEBTOR / BORÇLU","LegalDeadlineService","CANONICAL | MERGED","true","true","true","true","5","","false","SUPERSEDED","P3","","project/apps/api/src/modules/legal-deadline/legal-deadline.module.ts:LegalDeadlineModule.providers | project/apps/api/src/modules/legal-deadline/legal-deadline.service.ts:64 | project/apps/api/src/modules/legal-deadline/legal-period-calculation.service.ts:consumer-reference | project/apps/api/src/modules/legal-deadline/legal-service-date-rule-core.ts:consumer-reference | project/apps/api/src/modules/legal-deadline/service-occurrence-deadline-calculation-lock.ts:consumer-reference | project/apps/api/src/modules/legal-deadline/service-occurrence-deadline-calculation.service.ts:consumer-reference | project/apps/api/src/modules/legal-time-shadow/legal-time-shadow.service.ts:consumer-reference","PRESERVE_HISTORY_AND_PLAN_SAFE_RETIREMENT"
"INT-C5C441B719A8","DEBTOR / BORÇLU","AddressTaskSchedulerService","IMPLEMENTED | MERGED","true","true","true","true","3","","false","OPERABLE_UNVERIFIED","NONE","","project/apps/api/src/modules/address-task/address-task-scheduler.service.ts:24 | project/apps/api/src/modules/address-task/address-task.module.ts:AddressTaskModule.providers | project/apps/api/src/modules/address-task/address-task.service.ts:consumer-reference | project/apps/api/src/modules/case-debtor-lifecycle-guard/case-debtor-lifecycle-guard.service.ts:consumer-reference","ADD_REPRESENTATIVE_L6_VERIFICATION"
"INT-C634C826F036","CLIENT / MÜVEKKİL","ClientFinancialDisclosurePortalService","MERGED","true","true","","true","1","","false","BOUND_DORMANT","P2","","project/apps/api/src/modules/portal/client-financial-disclosure-portal.service.ts:26 | project/apps/api/src/modules/portal/portal.controller.ts:consumer-reference | project/apps/api/src/modules/portal/portal.module.ts:PortalModule.providers","VERIFY_ACTIVATION_AUTHORITY_AND_DEPLOYED_VALUE"
"INT-C80D765806D8","SHARED PLATFORM / INFRASTRUCTURE","BankCandidateSettlementTransitionService","IMPLEMENTED","true","true","true","false","0","","false","ACTIVE_UNREACHABLE","P2","BankCandidateSettlementTransitionService production DI/constructor yüzeyinde mevcut fakat gerçek root consumer bulunamadı.","project/apps/api/src/modules/bank/bank-candidate-settlement-transition.service.ts:68 | project/apps/api/src/modules/bank/bank.module.ts:BankModule.providers","WIRE_REAL_ENTRYPOINT_OR_DISPOSITION"
"INT-C8AE72D6509F","SHARED PLATFORM / INFRASTRUCTURE","AccountingJournalTrialBalanceService","IMPLEMENTED","true","true","true","true","2","","false","OPERABLE_UNVERIFIED","NONE","","project/apps/api/src/modules/accounting-journal/accounting-journal-cutover-readiness.service.ts:consumer-reference | project/apps/api/src/modules/accounting-journal/accounting-journal-trial-balance.controller.ts:consumer-reference | project/apps/api/src/modules/accounting-journal/accounting-journal-trial-balance.module.ts:AccountingJournalTrialBalanceModule.providers | project/apps/api/src/modules/accounting-journal/accounting-journal-trial-balance.service.ts:67","ADD_REPRESENTATIVE_L6_VERIFICATION"
"INT-C8F3E80DF7CA","CLIENT / MÜVEKKİL","ClientPayoutManualReversalReadService","MERGED","true","true","true","true","1","","false","OPERABLE_UNVERIFIED","NONE","","project/apps/api/src/modules/client-settlement/client-payout-manual-reversal-read.service.ts:190 | project/apps/api/src/modules/client-settlement/client-payout-manual-reversal.controller.ts:consumer-reference | project/apps/api/src/modules/client-settlement/client-settlement.module.ts:ClientSettlementModule.providers","ADD_REPRESENTATIVE_L6_VERIFICATION"
"INT-C9106D716590","CLIENT / MÜVEKKİL","ClientAccountingJournalSummaryReaderService","IMPLEMENTED","true","true","true","true","1","","false","OPERABLE_UNVERIFIED","NONE","","project/apps/api/src/modules/client-settlement/client-accounting-journal-summary-reader.service.ts:94 | project/apps/api/src/modules/client-settlement/client-accounting-summary-shadow-report.service.ts:consumer-reference | project/apps/api/src/modules/client-settlement/client-settlement.module.ts:ClientSettlementModule.providers","ADD_REPRESENTATIVE_L6_VERIFICATION"
"INT-C9887427646B","SHARED PLATFORM / INFRASTRUCTURE","ESignService","IMPLEMENTED | MERGED","true","true","","true","1","","false","UNKNOWN_REQUIRES_EVIDENCE","NONE","","project/apps/api/src/modules/esign/esign.controller.ts:consumer-reference | project/apps/api/src/modules/esign/esign.module.ts:ESignModule.providers | project/apps/api/src/modules/esign/esign.service.ts:79","COLLECT_MISSING_EVIDENCE"
"INT-C9FD18D2EE1E","AUTH / TENANT / SECURITY","PermissionDiagnosticsService","MERGED","true","true","true","true","1","","false","OPERABLE_UNVERIFIED","NONE","","project/apps/api/src/modules/permission-diagnostics/permission-diagnostics.controller.ts:consumer-reference | project/apps/api/src/modules/permission-diagnostics/permission-diagnostics.module.ts:PermissionDiagnosticsModule.providers | project/apps/api/src/modules/permission-diagnostics/permission-diagnostics.service.ts:34","ADD_REPRESENTATIVE_L6_VERIFICATION"
"INT-CB5D3A52AE1C","SHARED PLATFORM / INFRASTRUCTURE","AccountingJournalReversalService","CANONICAL | IMPLEMENTED | MERGED","true","true","true","true","3","","false","OPERABLE_UNVERIFIED","NONE","","project/apps/api/src/modules/accounting-journal/accounting-journal-reversal.controller.ts:consumer-reference | project/apps/api/src/modules/accounting-journal/accounting-journal-reversal.service.ts:87 | project/apps/api/src/modules/accounting-journal/accounting-journal-trial-balance.module.ts:AccountingJournalTrialBalanceModule.providers | project/apps/api/src/modules/policy-engine/effective-permission-mapping.ts:consumer-reference | project/apps/api/src/modules/policy-engine/types/action-code.enum.ts:consumer-reference","ADD_REPRESENTATIVE_L6_VERIFICATION"
"INT-CBD46DF278E8","SHARED PLATFORM / INFRASTRUCTURE","ExplanationService","IMPLEMENTED","true","true","true","true","4","","false","OPERABLE_UNVERIFIED","NONE","","project/apps/api/src/modules/calc-preview/calc-preview.module.ts:CalcPreviewModule.providers | project/apps/api/src/modules/calc-preview/calc-preview.service.ts:consumer-reference | project/apps/api/src/modules/calc-preview/explanation/explanation.service.ts:59 | project/apps/api/src/modules/calc-preview/explanation/explanation.types.ts:consumer-reference | project/apps/api/src/modules/calc-preview/explanation/index.ts:consumer-reference | project/apps/api/src/modules/calc-preview/types.ts:consumer-reference","ADD_REPRESENTATIVE_L6_VERIFICATION"
"INT-CC0E45246F51","UYAP CONNECTOR","ServiceOccurrenceRecordedConsumerService","MERGED","true","true","true","true","3","","false","SUPERSEDED","P3","","project/apps/api/src/modules/legal-deadline/service-occurrence-deadline-calculation.service.ts:consumer-reference | project/apps/api/src/modules/tebligat/service-occurrence/service-occurrence-recorded-consumer.errors.ts:consumer-reference | project/apps/api/src/modules/tebligat/service-occurrence/service-occurrence-recorded.consumer.ts:54 | project/apps/api/src/modules/tebligat/service-occurrence/service-occurrence-recorded.registrar.ts:consumer-reference | project/apps/api/src/modules/tebligat/tebligat.module.ts:TebligatModule.providers","PRESERVE_HISTORY_AND_PLAN_SAFE_RETIREMENT"
"INT-CC6876A89D62","SHARED PLATFORM / INFRASTRUCTURE","DiagnosticsIncidentService","IMPLEMENTED","true","true","true","true","3","","false","OPERABLE_UNVERIFIED","NONE","","project/apps/api/src/modules/calc-preview/diagnostics/diagnostics-incident.service.ts:66 | project/apps/api/src/modules/calc-preview/diagnostics/diagnostics.module.ts:DiagnosticsModule.providers | project/apps/api/src/modules/calc-preview/diagnostics/diagnostics.service.ts:consumer-reference | project/apps/api/src/modules/calc-preview/diagnostics/index.ts:consumer-reference | project/apps/api/src/modules/calc-preview/diagnostics/playbook/playbook.service.ts:consumer-reference","ADD_REPRESENTATIVE_L6_VERIFICATION"
"INT-CCA56FD35876","SHARED PLATFORM / INFRASTRUCTURE","ClockService","IMPLEMENTED","true","true","true","true","5","","false","OPERABLE_UNVERIFIED","NONE","","project/apps/api/src/modules/calc-preview/diagnostics/evidence/clock.service.ts:67 | project/apps/api/src/modules/calc-preview/diagnostics/simulation-api/simulation-api.module.ts:SimulationApiModule.providers","ADD_REPRESENTATIVE_L6_VERIFICATION"
"INT-CD382B7B1732","SHARED PLATFORM / INFRASTRUCTURE","BaselineResolverService","IMPLEMENTED","true","true","true","true","2","","false","OPERABLE_UNVERIFIED","NONE","","project/apps/api/src/modules/calc-preview/diagnostics/simulation-api/simulation-api.module.ts:SimulationApiModule.providers | project/apps/api/src/modules/calc-preview/diagnostics/simulation/baseline-resolver.service.ts:39 | project/apps/api/src/modules/calc-preview/diagnostics/simulation/snapshot-ordering.ts:consumer-reference | project/apps/api/src/modules/calc-preview/diagnostics/simulation/snapshot-query.service.ts:consumer-reference","ADD_REPRESENTATIVE_L6_VERIFICATION"
"INT-CDF99920157C","SHARED PLATFORM / INFRASTRUCTURE","TraceStorageService","IMPLEMENTED","true","true","true","true","4","","false","OPERABLE_UNVERIFIED","NONE","","project/apps/api/src/modules/calc-preview/calc-preview.controller.ts:consumer-reference | project/apps/api/src/modules/calc-preview/calc-preview.module.ts:CalcPreviewModule.providers | project/apps/api/src/modules/calc-preview/diagnostics/diagnostics-aggregator.service.ts:consumer-reference | project/apps/api/src/modules/calc-preview/diagnostics/diagnostics.module.ts:DiagnosticsModule.providers | project/apps/api/src/modules/calc-preview/trace/trace-collector.service.ts:consumer-reference | project/apps/api/src/modules/calc-preview/trace/trace-retention.service.ts:consumer-reference | project/apps/api/src/modules/calc-preview/trace/trace-storage.service.ts:40","ADD_REPRESENTATIVE_L6_VERIFICATION"
"INT-CF8D41619C0A","RECEIVABLE / ALACAK","AccessLogService","IMPLEMENTED","true","true","","false","0","","false","UNKNOWN_REQUIRES_EVIDENCE","NONE","AccessLogService production DI/constructor yüzeyinde mevcut fakat gerçek root consumer bulunamadı.","project/apps/api/src/modules/interest-engine/audit/access-log.service.ts:64 | project/apps/api/src/modules/interest-engine/interest-engine.module.ts:InterestEngineModule.providers","COLLECT_MISSING_EVIDENCE"
"INT-CFBA5BB4E6D6","SHARED PLATFORM / INFRASTRUCTURE","ScenarioRankerService","IMPLEMENTED","true","true","true","true","1","","false","OPERABLE_UNVERIFIED","NONE","","project/apps/api/src/modules/calc-preview/diagnostics/simulation-api/scenario-ranker.controller.ts:consumer-reference | project/apps/api/src/modules/calc-preview/diagnostics/simulation-api/scenario-ranker.service.ts:22 | project/apps/api/src/modules/calc-preview/diagnostics/simulation-api/simulation-api.module.ts:SimulationApiModule.providers","ADD_REPRESENTATIVE_L6_VERIFICATION"
"INT-D0D17D782264","SHARED PLATFORM / INFRASTRUCTURE","CrossTenantAuditService","IMPLEMENTED","true","false","false","false","6","","false","CODE_PRESENT_UNBOUND","P2","CrossTenantAuditService production-reachable provider kaydında veya doğrudan construction path'inde bulunamadı.","project/apps/api/src/modules/calc-preview/break-glass/controllers/break-glass.controller.ts:consumer-reference | project/apps/api/src/modules/calc-preview/break-glass/guards/break-glass-grant.guard.ts:consumer-reference | project/apps/api/src/modules/calc-preview/break-glass/interceptors/cross-tenant-access.interceptor.ts:consumer-reference | project/apps/api/src/modules/calc-preview/break-glass/services/approval/approval.service.ts:consumer-reference | project/apps/api/src/modules/calc-preview/break-glass/services/audit/cross-tenant-audit.service.ts:138 | project/apps/api/src/modules/calc-preview/break-glass/services/audit/index.ts:consumer-reference | project/apps/api/src/modules/calc-preview/break-glass/services/request/request.service.ts:consumer-reference","OWNER_REVIEW_BIND_OR_DISPOSITION"
"INT-D309154CE568","SHARED PLATFORM / INFRASTRUCTURE","DocumentService","IMPLEMENTED | MERGED","true","true","true","true","1","","false","OPERABLE_UNVERIFIED","NONE","","project/apps/api/src/modules/document/document.controller.ts:consumer-reference | project/apps/api/src/modules/document/document.module.ts:DocumentModule.providers | project/apps/api/src/modules/document/document.service.ts:7","ADD_REPRESENTATIVE_L6_VERIFICATION"
"INT-D3C58D20ACB2","UYAP CONNECTOR","UyapExportService","IMPLEMENTED | MERGED","true","true","true","true","2","","false","OPERABLE_UNVERIFIED","NONE","","project/apps/api/src/modules/uyap-export/uyap-case-mapper.service.ts:consumer-reference | project/apps/api/src/modules/uyap-export/uyap-export.controller.ts:consumer-reference | project/apps/api/src/modules/uyap-export/uyap-export.module.ts:UyapExportModule.providers | project/apps/api/src/modules/uyap-export/uyap-export.service.ts:14","ADD_REPRESENTATIVE_L6_VERIFICATION"
"INT-D47EBFA36E5C","UYAP CONNECTOR","BackpressureService","IMPLEMENTED","true","true","true","true","2","","false","OPERABLE_UNVERIFIED","NONE","","project/apps/api/src/modules/icrabot/enterprise/backpressure.service.ts:26 | project/apps/api/src/modules/icrabot/enterprise/enterprise.controller.ts:consumer-reference | project/apps/api/src/modules/icrabot/enterprise/index.ts:consumer-reference | project/apps/api/src/modules/icrabot/icrabot.module.ts:IcrabotModule.providers","ADD_REPRESENTATIVE_L6_VERIFICATION"
"INT-D487684B050D","UYAP CONNECTOR","LocatorResolverService","IMPLEMENTED","true","true","true","false","0","","false","ACTIVE_UNREACHABLE","P2","LocatorResolverService production DI/constructor yüzeyinde mevcut fakat gerçek root consumer bulunamadı.","project/apps/api/src/modules/icrabot/icrabot.module.ts:IcrabotModule.providers | project/apps/api/src/modules/icrabot/ui-worker/locator-resolver.service.ts:34","WIRE_REAL_ENTRYPOINT_OR_DISPOSITION"
"INT-D54010B43E31","SHARED PLATFORM / INFRASTRUCTURE","CalcPreviewRateLimitService","IMPLEMENTED","true","true","true","true","3","","false","OPERABLE_UNVERIFIED","NONE","","project/apps/api/src/modules/calc-preview/calc-preview.controller.ts:consumer-reference | project/apps/api/src/modules/calc-preview/calc-preview.module.ts:CalcPreviewModule.providers | project/apps/api/src/modules/calc-preview/diagnostics/diagnostics-aggregator.service.ts:consumer-reference | project/apps/api/src/modules/calc-preview/diagnostics/diagnostics.module.ts:DiagnosticsModule.providers | project/apps/api/src/modules/calc-preview/rate-limit/calc-preview-rate-limit.guard.ts:consumer-reference | project/apps/api/src/modules/calc-preview/rate-limit/calc-preview-rate-limit.service.ts:84","ADD_REPRESENTATIVE_L6_VERIFICATION"
"INT-D5DC51A1C967","CLIENT / MÜVEKKİL","ClientPayoutService","CANONICAL | IMPLEMENTED | MERGED","true","true","true","true","8","","false","BOUND_DORMANT","P2","","project/apps/api/src/modules/accounting-journal/accounting-journal.writer.ts:consumer-reference | project/apps/api/src/modules/client-settlement/client-offset.service.ts:consumer-reference | project/apps/api/src/modules/client-settlement/client-payout.controller.ts:consumer-reference | project/apps/api/src/modules/client-settlement/client-payout.service.ts:144 | project/apps/api/src/modules/client-settlement/client-settlement-read.service.ts:consumer-reference | project/apps/api/src/modules/client-settlement/client-settlement.module.ts:ClientSettlementModule.providers | project/apps/api/src/modules/client-settlement/payout-lock.ts:consumer-reference | project/apps/api/src/modules/office-approval/client-payout-approval.policy.ts:consumer-reference | project/apps/api/src/modules/office-approval/office-approval.service.ts:consumer-reference | project/apps/api/src/modules/policy-engine/effective-permission-mapping.ts:consumer-reference","VERIFY_ACTIVATION_AUTHORITY_AND_DEPLOYED_VALUE"
"INT-D66E680985AB","UYAP CONNECTOR","SlaBoostService","IMPLEMENTED","true","true","true","true","1","","false","OPERABLE_UNVERIFIED","NONE","","project/apps/api/src/modules/icrabot/icrabot.module.ts:IcrabotModule.providers | project/apps/api/src/modules/icrabot/ops/ops.controller.ts:consumer-reference | project/apps/api/src/modules/icrabot/ops/sla-boost.service.ts:31","ADD_REPRESENTATIVE_L6_VERIFICATION"
"INT-D7880017BF80","RECEIVABLE / ALACAK","PolicyGateService","IMPLEMENTED","true","true","","false","0","","false","UNKNOWN_REQUIRES_EVIDENCE","NONE","PolicyGateService production DI/constructor yüzeyinde mevcut fakat gerçek root consumer bulunamadı.","project/apps/api/src/modules/interest-engine/interest-engine.module.ts:InterestEngineModule.providers | project/apps/api/src/modules/interest-engine/policy-gate.service.ts:19","COLLECT_MISSING_EVIDENCE"
"INT-D7A91C5DC404","SHARED PLATFORM / INFRASTRUCTURE","TraceInterceptor","IMPLEMENTED","true","true","true","true","1","","false","OPERABLE_UNVERIFIED","NONE","","project/apps/api/src/modules/calc-preview/calc-preview.module.ts:CalcPreviewModule.providers | project/apps/api/src/modules/calc-preview/calc-preview.service.ts:consumer-reference | project/apps/api/src/modules/calc-preview/trace/trace.interceptor.ts:29","ADD_REPRESENTATIVE_L6_VERIFICATION"
"INT-D7C4EBC8F8B9","SHARED PLATFORM / INFRASTRUCTURE","LookupService","IMPLEMENTED | MERGED","true","true","true","true","1","","false","OPERABLE_UNVERIFIED","NONE","","project/apps/api/src/modules/lookup/lookup.controller.ts:consumer-reference | project/apps/api/src/modules/lookup/lookup.module.ts:LookupModule.providers | project/apps/api/src/modules/lookup/lookup.service.ts:7","ADD_REPRESENTATIVE_L6_VERIFICATION"
"INT-D98CB70238B4","UYAP CONNECTOR","EngineRunService","IMPLEMENTED | MERGED","true","true","true","true","3","","false","OPERABLE_UNVERIFIED","NONE","","project/apps/api/src/modules/icrabot/v28-engine/case-scope.ts:consumer-reference | project/apps/api/src/modules/icrabot/v28-engine/engine-run.service.ts:35 | project/apps/api/src/modules/icrabot/v28-engine/seed.service.ts:consumer-reference | project/apps/api/src/modules/icrabot/v28-engine/v28-engine.controller.ts:consumer-reference | project/apps/api/src/modules/icrabot/v28-engine/v28-engine.module.ts:V28EngineModule.providers","ADD_REPRESENTATIVE_L6_VERIFICATION"
"INT-D98EA9E329D6","SHARED PLATFORM / INFRASTRUCTURE","BreakGlassConfigService","IMPLEMENTED","true","false","false","false","7","","false","CODE_PRESENT_UNBOUND","P2","BreakGlassConfigService production-reachable provider kaydında veya doğrudan construction path'inde bulunamadı.","project/apps/api/src/modules/calc-preview/break-glass/break-glass.config.ts:191 | project/apps/api/src/modules/calc-preview/break-glass/guards/break-glass-grant.guard.ts:consumer-reference | project/apps/api/src/modules/calc-preview/break-glass/guards/kill-switch.guard.ts:consumer-reference | project/apps/api/src/modules/calc-preview/break-glass/guards/network-allowlist.guard.ts:consumer-reference | project/apps/api/src/modules/calc-preview/break-glass/index.ts:consumer-reference | project/apps/api/src/modules/calc-preview/break-glass/services/circuit-breaker/circuit-breaker.service.ts:consumer-reference | project/apps/api/src/modules/calc-preview/break-glass/services/grant/grant.service.ts:consumer-reference | project/apps/api/src/modules/calc-preview/break-glass/services/request/request.service.ts:consumer-reference","OWNER_REVIEW_BIND_OR_DISPOSITION"
"INT-DA1982FCA4F1","SHARED PLATFORM / INFRASTRUCTURE","TemplateService","IMPLEMENTED","true","true","true","true","1","","false","OPERABLE_UNVERIFIED","NONE","","project/apps/api/src/modules/document/document.module.ts:DocumentModule.providers | project/apps/api/src/modules/document/document.service.ts:consumer-reference | project/apps/api/src/modules/document/template.service.ts:45","ADD_REPRESENTATIVE_L6_VERIFICATION"
"INT-DB9711EC0792","SHARED PLATFORM / INFRASTRUCTURE","TraceAccessService","IMPLEMENTED","true","true","true","true","1","","false","OPERABLE_UNVERIFIED","NONE","","project/apps/api/src/modules/calc-preview/calc-preview.controller.ts:consumer-reference | project/apps/api/src/modules/calc-preview/calc-preview.module.ts:CalcPreviewModule.providers | project/apps/api/src/modules/calc-preview/trace/trace-access.service.ts:48","ADD_REPRESENTATIVE_L6_VERIFICATION"
"INT-DC0B19A9C015","UYAP CONNECTOR","IcrabotV28SurfaceGuard","MERGED","true","false","false","false","0","","false","CODE_PRESENT_UNBOUND","P2","IcrabotV28SurfaceGuard production-reachable provider kaydında veya doğrudan construction path'inde bulunamadı.","project/apps/api/src/modules/icrabot/v28-engine/guards/v28-surface.guard.ts:15","OWNER_REVIEW_BIND_OR_DISPOSITION"
"INT-DC4DCAB75C27","SHARED PLATFORM / INFRASTRUCTURE","CaseJudgmentService","IMPLEMENTED","true","true","true","true","1","","false","OPERABLE_UNVERIFIED","NONE","","project/apps/api/src/modules/case-judgment/case-judgment.controller.ts:consumer-reference | project/apps/api/src/modules/case-judgment/case-judgment.module.ts:CaseJudgmentModule.providers | project/apps/api/src/modules/case-judgment/case-judgment.service.ts:37","ADD_REPRESENTATIVE_L6_VERIFICATION"
"INT-DC52B2D2C640","SHARED PLATFORM / INFRASTRUCTURE","NotificationService","IMPLEMENTED","true","true","true","true","9","","false","OPERABLE_UNVERIFIED","NONE","","project/apps/api/src/modules/automation/workflow-engine.service.ts:consumer-reference | project/apps/api/src/modules/calc-preview/diagnostics/playbook/action-executor.service.ts:consumer-reference | project/apps/api/src/modules/calc-preview/diagnostics/playbook/escalation.service.ts:consumer-reference | project/apps/api/src/modules/calc-preview/diagnostics/playbook/index.ts:consumer-reference | project/apps/api/src/modules/calc-preview/diagnostics/playbook/notification.service.ts:80 | project/apps/api/src/modules/calc-preview/diagnostics/playbook/playbook.service.ts:consumer-reference | project/apps/api/src/modules/expense-request/expense-request.service.ts:consumer-reference | project/apps/api/src/modules/notification/notification.controller.ts:consumer-reference | project/apps/api/src/modules/notification/notification.module.ts:NotificationModule.providers | project/apps/api/src/modules/notification/notification.service.ts:consumer-reference","ADD_REPRESENTATIVE_L6_VERIFICATION"
"INT-DC645C56CCA1","SHARED PLATFORM / INFRASTRUCTURE","OperationalEscalationService","MERGED","true","true","","true","4","","false","UNKNOWN_REQUIRES_EVIDENCE","NONE","","project/apps/api/src/modules/escalation/case-task-escalation.service.ts:consumer-reference | project/apps/api/src/modules/escalation/escalation.controller.ts:consumer-reference | project/apps/api/src/modules/escalation/escalation.module.ts:EscalationModule.providers | project/apps/api/src/modules/escalation/operational-escalation.service.ts:43 | project/apps/api/src/modules/escalation/tenant-notifier.service.ts:consumer-reference","COLLECT_MISSING_EVIDENCE"
"INT-DC664BDE723D","UYAP CONNECTOR","RecipePauseService","IMPLEMENTED","true","true","true","true","1","","false","OPERABLE_UNVERIFIED","NONE","","project/apps/api/src/modules/icrabot/icrabot.module.ts:IcrabotModule.providers | project/apps/api/src/modules/icrabot/ops/ops.controller.ts:consumer-reference | project/apps/api/src/modules/icrabot/ops/recipe-pause.service.ts:19","ADD_REPRESENTATIVE_L6_VERIFICATION"
"INT-DC924606FCD8","CLIENT / MÜVEKKİL","ClientIntakePublicService","MERGED","true","true","true","true","1","","false","OPERABLE_UNVERIFIED","NONE","","project/apps/api/src/modules/client-intake-public/client-intake-public.controller.ts:consumer-reference | project/apps/api/src/modules/client-intake-public/client-intake-public.module.ts:ClientIntakePublicModule.providers | project/apps/api/src/modules/client-intake-public/client-intake-public.service.ts:30","ADD_REPRESENTATIVE_L6_VERIFICATION"
"INT-DD2D7DEB79D5","DEBTOR / BORÇLU","ClientInfoRequestService","IMPLEMENTED","true","true","true","true","3","","false","OPERABLE_UNVERIFIED","NONE","","project/apps/api/src/modules/address-discovery/address-discovery.controller.ts:consumer-reference | project/apps/api/src/modules/address-discovery/address-discovery.module.ts:AddressDiscoveryModule.providers | project/apps/api/src/modules/address-discovery/address-discovery.service.ts:consumer-reference | project/apps/api/src/modules/address-discovery/client-info-request.service.ts:16 | project/apps/api/src/modules/case/case.service.ts:consumer-reference","ADD_REPRESENTATIVE_L6_VERIFICATION"
"INT-DDA71D0FAA6B","UYAP CONNECTOR","DecisionRulesLoaderService","IMPLEMENTED","true","true","true","true","1","","false","OPERABLE_UNVERIFIED","NONE","","project/apps/api/src/modules/icrabot/decision/decision-engine-v2.service.ts:consumer-reference | project/apps/api/src/modules/icrabot/decision/decision-rules-loader.service.ts:37 | project/apps/api/src/modules/icrabot/icrabot.module.ts:IcrabotModule.providers","ADD_REPRESENTATIVE_L6_VERIFICATION"
"INT-DDB223E42384","CLIENT / MÜVEKKİL","PortalService","IMPLEMENTED | MERGED","true","true","","true","3","","false","SUPERSEDED","P3","","project/apps/api/src/modules/client/client-audit.util.ts:consumer-reference | project/apps/api/src/modules/debtor/debtor.service.ts:consumer-reference | project/apps/api/src/modules/portal/portal.controller.ts:consumer-reference | project/apps/api/src/modules/portal/portal.module.ts:PortalModule.providers | project/apps/api/src/modules/portal/portal.service.ts:190","PRESERVE_HISTORY_AND_PLAN_SAFE_RETIREMENT"
"INT-E0C88197AB41","SHARED PLATFORM / INFRASTRUCTURE","CalcPreviewMetricsService","IMPLEMENTED","true","true","true","true","5","","false","OPERABLE_UNVERIFIED","NONE","","project/apps/api/src/modules/calc-preview/calc-preview.controller.ts:consumer-reference | project/apps/api/src/modules/calc-preview/calc-preview.module.ts:CalcPreviewModule.providers | project/apps/api/src/modules/calc-preview/calc-preview.service.ts:consumer-reference | project/apps/api/src/modules/calc-preview/diagnostics/diagnostics-aggregator.service.ts:consumer-reference | project/apps/api/src/modules/calc-preview/diagnostics/diagnostics.module.ts:DiagnosticsModule.providers | project/apps/api/src/modules/calc-preview/explanation/explanation.service.ts:consumer-reference | project/apps/api/src/modules/calc-preview/metrics/calc-preview-metrics.service.ts:75 | project/apps/api/src/modules/calc-preview/rate-limit/calc-preview-rate-limit.guard.ts:consumer-reference","ADD_REPRESENTATIVE_L6_VERIFICATION"
"INT-E0EC2A161C83","AUTH / TENANT / SECURITY","WarnOnlyAuditService","MERGED","true","true","true","true","2","","false","OPERABLE_UNVERIFIED","NONE","","project/apps/api/src/modules/case/case.controller.ts:consumer-reference | project/apps/api/src/modules/permission-diagnostics/permission-diagnostics.module.ts:PermissionDiagnosticsModule.providers | project/apps/api/src/modules/permission-diagnostics/warn-only-audit.service.ts:21 | project/apps/api/src/modules/report/report.controller.ts:consumer-reference","ADD_REPRESENTATIVE_L6_VERIFICATION"
"INT-E2874C90FCA6","SHARED PLATFORM / INFRASTRUCTURE","SnapshotStoreService","IMPLEMENTED","true","true","","true","7","","false","UNKNOWN_REQUIRES_EVIDENCE","NONE","","project/apps/api/src/modules/calc-preview/diagnostics/persistence/index.ts:consumer-reference | project/apps/api/src/modules/calc-preview/diagnostics/persistence/snapshot-store.service.ts:110 | project/apps/api/src/modules/calc-preview/diagnostics/persistence/truth-layer.module.ts:TruthLayerModule.providers","COLLECT_MISSING_EVIDENCE"
"INT-E35CAC8A498F","UYAP CONNECTOR","UiMapValidatorService","IMPLEMENTED","true","true","true","true","1","","false","OPERABLE_UNVERIFIED","NONE","","project/apps/api/src/modules/icrabot/health/health.controller.ts:consumer-reference | project/apps/api/src/modules/icrabot/health/uimap-validator.service.ts:31 | project/apps/api/src/modules/icrabot/icrabot.module.ts:IcrabotModule.providers","ADD_REPRESENTATIVE_L6_VERIFICATION"
"INT-E389FCF2A238","UYAP CONNECTOR","PiiMaskingService","IMPLEMENTED","true","true","true","true","2","","false","OPERABLE_UNVERIFIED","NONE","","project/apps/api/src/modules/icrabot/enterprise/enterprise.controller.ts:consumer-reference | project/apps/api/src/modules/icrabot/enterprise/index.ts:consumer-reference | project/apps/api/src/modules/icrabot/enterprise/pii-masking.service.ts:19 | project/apps/api/src/modules/icrabot/icrabot.module.ts:IcrabotModule.providers","ADD_REPRESENTATIVE_L6_VERIFICATION"
"INT-E4014AF87923","RECEIVABLE / ALACAK","ClaimItemSourceIntegrityGuard","MERGED","true","true","true","true","4","","false","OPERABLE_UNVERIFIED","NONE","","project/apps/api/src/modules/case/backfill/due-to-claimitem-backfill.core.ts:consumer-reference | project/apps/api/src/modules/claim-item/claim-item-source-integrity.guard.ts:126 | project/apps/api/src/modules/claim-item/claim-item-writer-router.service.ts:consumer-reference | project/apps/api/src/modules/claim-item/formation-finalizer/transactional-claim-item-formation-finalizer.service.ts:consumer-reference | project/apps/api/src/modules/office-approval/office-approval-domain-sync.service.ts:consumer-reference","ADD_REPRESENTATIVE_L6_VERIFICATION"
"INT-E57636360EE0","AUTH / TENANT / SECURITY","OfficeForgotPasswordRateLimitGuard","MERGED","true","true","true","true","2","","false","OPERABLE_UNVERIFIED","NONE","","project/apps/api/src/modules/auth/guards/office-forgot-password-rate-limit.guard.ts:34 | project/apps/api/src/modules/auth/guards/office-reset-password-rate-limit.guard.ts:consumer-reference | project/apps/api/src/modules/auth/password-reset/password-reset.controller.ts:consumer-reference","ADD_REPRESENTATIVE_L6_VERIFICATION"
"INT-E5AF3324BB44","SHARED PLATFORM / INFRASTRUCTURE","DecisionLogRetentionService","IMPLEMENTED | MERGED","true","true","true","true","2","","false","OPERABLE_UNVERIFIED","NONE","","project/apps/api/src/modules/policy-engine/decision-logger/decision-log-retention.service.ts:58 | project/apps/api/src/modules/policy-engine/decision-logger/index.ts:consumer-reference | project/apps/api/src/modules/policy-engine/policy-engine.module.ts:PolicyEngineModule.providers","ADD_REPRESENTATIVE_L6_VERIFICATION"
"INT-E5E8EDC2542F","SHARED PLATFORM / INFRASTRUCTURE","DiagnosticsAuditService","IMPLEMENTED","true","true","true","true","3","","false","OPERABLE_UNVERIFIED","NONE","","project/apps/api/src/modules/calc-preview/diagnostics/diagnostics-audit.service.ts:28 | project/apps/api/src/modules/calc-preview/diagnostics/diagnostics.module.ts:DiagnosticsModule.providers | project/apps/api/src/modules/calc-preview/diagnostics/diagnostics.service.ts:consumer-reference | project/apps/api/src/modules/calc-preview/diagnostics/index.ts:consumer-reference | project/apps/api/src/modules/calc-preview/diagnostics/simulation-api/simulation-api.module.ts:SimulationApiModule.providers | project/apps/api/src/modules/calc-preview/diagnostics/simulation-api/simulation-audit.adapter.ts:consumer-reference","ADD_REPRESENTATIVE_L6_VERIFICATION"
"INT-E62408D32841","UYAP CONNECTOR","IcrabotV28UnsafeMutationGuard","MERGED","true","true","true","true","1","","false","OPERABLE_UNVERIFIED","NONE","","project/apps/api/src/modules/icrabot/v28-engine/guards/v28-surface.guard.ts:33 | project/apps/api/src/modules/icrabot/v28-engine/v28-engine.controller.ts:consumer-reference","ADD_REPRESENTATIVE_L6_VERIFICATION"
"INT-E868273A0AB5","SHARED PLATFORM / INFRASTRUCTURE","FinancialCaseCloseApprovalService","IMPLEMENTED","true","true","true","true","1","","false","OPERABLE_UNVERIFIED","NONE","","project/apps/api/src/modules/case-status/case-status.controller.ts:consumer-reference | project/apps/api/src/modules/case-status/case-status.module.ts:CaseStatusModule.providers | project/apps/api/src/modules/case-status/financial-case-close-approval.service.ts:26","ADD_REPRESENTATIVE_L6_VERIFICATION"
"INT-E9AE1D631FFB","SHARED PLATFORM / INFRASTRUCTURE","DefaultTenantResolver","IMPLEMENTED","true","false","false","false","0","","false","CODE_PRESENT_UNBOUND","P2","DefaultTenantResolver production-reachable provider kaydında veya doğrudan construction path'inde bulunamadı.","project/apps/api/src/modules/calc-preview/diagnostics/simulation-api/guards/guard-interceptor.ts:140","OWNER_REVIEW_BIND_OR_DISPOSITION"
"INT-EB9A0C4D7387","UYAP CONNECTOR","FactExtractorService","IMPLEMENTED","true","true","true","true","1","","false","OPERABLE_UNVERIFIED","NONE","","project/apps/api/src/modules/icrabot/config/extractor-library.config.ts:consumer-reference | project/apps/api/src/modules/icrabot/extractor/fact-extractor.service.ts:27 | project/apps/api/src/modules/icrabot/icrabot.module.ts:IcrabotModule.providers","ADD_REPRESENTATIVE_L6_VERIFICATION"
"INT-EC4A8FFB6463","SHARED PLATFORM / INFRASTRUCTURE","GuardInterceptor","IMPLEMENTED","true","false","false","false","1","","false","CODE_PRESENT_UNBOUND","P2","GuardInterceptor production-reachable provider kaydında veya doğrudan construction path'inde bulunamadı.","project/apps/api/src/modules/calc-preview/diagnostics/simulation-api/guards/adaptive-shadow-evaluator.ts:consumer-reference | project/apps/api/src/modules/calc-preview/diagnostics/simulation-api/guards/guard-interceptor.ts:225","OWNER_REVIEW_BIND_OR_DISPOSITION"
"INT-ED0F5E26BAC1","UYAP CONNECTOR","IcrabotV28ExternalIngestGuard","MERGED","true","true","true","true","1","","false","OPERABLE_UNVERIFIED","NONE","","project/apps/api/src/modules/icrabot/v28-engine/guards/v28-surface.guard.ts:38 | project/apps/api/src/modules/icrabot/v28-engine/v28-engine.controller.ts:consumer-reference","ADD_REPRESENTATIVE_L6_VERIFICATION"
"INT-ED66A22B2CD5","SHARED PLATFORM / INFRASTRUCTURE","EffectivePermissionResolver","CANONICAL | MERGED","true","true","true","true","6","","false","OPERABLE_UNVERIFIED","NONE","","project/apps/api/src/modules/client-settlement/client-offset.service.ts:consumer-reference | project/apps/api/src/modules/collection/receipt-object-scope-authorization.service.ts:consumer-reference | project/apps/api/src/modules/permission-diagnostics/guided-edge/guided-edge-gate.service.ts:consumer-reference | project/apps/api/src/modules/permission-diagnostics/guided-open-observe.service.ts:consumer-reference | project/apps/api/src/modules/policy-engine/diagnostics/k1-capacity-linkage.core.ts:consumer-reference | project/apps/api/src/modules/policy-engine/effective-permission-mapping.ts:consumer-reference | project/apps/api/src/modules/policy-engine/effective-permission-resolver.service.ts:30 | project/apps/api/src/modules/policy-engine/policy-engine.module.ts:PolicyEngineModule.providers","ADD_REPRESENTATIVE_L6_VERIFICATION"
"INT-EEF2F8150FFD","SHARED PLATFORM / INFRASTRUCTURE","TemporalResponsibilityService","MERGED","true","true","true","true","2","","false","OPERABLE_UNVERIFIED","NONE","","project/apps/api/src/modules/case/case.controller.ts:consumer-reference | project/apps/api/src/modules/case/case.module.ts:CaseModule.providers | project/apps/api/src/modules/case/responsibility-history.service.ts:consumer-reference | project/apps/api/src/modules/case/temporal-responsibility.service.ts:75","ADD_REPRESENTATIVE_L6_VERIFICATION"
"INT-EF211B27326C","SHARED PLATFORM / INFRASTRUCTURE","PoaService","CANONICAL | IMPLEMENTED | MERGED","true","true","true","true","6","","false","OPERABLE_UNVERIFIED","NONE","","project/apps/api/src/modules/client-intel-statement/client-intel-statement.service.ts:consumer-reference | project/apps/api/src/modules/client/client.controller.ts:consumer-reference | project/apps/api/src/modules/debtor/case-debtor.service.ts:consumer-reference | project/apps/api/src/modules/poa/poa.controller.ts:consumer-reference | project/apps/api/src/modules/poa/poa.module.ts:PoaModule.providers | project/apps/api/src/modules/poa/poa.service.ts:110 | project/apps/api/src/modules/uyap/uyap.service.ts:consumer-reference | project/apps/web/src/lib/poa-ux.ts:consumer-reference","ADD_REPRESENTATIVE_L6_VERIFICATION"
"INT-EFE283434071","RECEIVABLE / ALACAK","SummaryEngineService","CANONICAL | IMPLEMENTED | MERGED","true","true","true","true","5","","false","SUPERSEDED","P3","","project/apps/api/src/modules/balance-shadow-compare/balance-shadow-compare.service.ts:consumer-reference | project/apps/api/src/modules/collection/collection.service.ts:consumer-reference | project/apps/api/src/modules/interest-engine/allocation/tbk100-allocator.service.ts:consumer-reference | project/apps/api/src/modules/summary-engine/summary-engine.controller.ts:consumer-reference | project/apps/api/src/modules/summary-engine/summary-engine.module.ts:SummaryEngineModule.providers | project/apps/api/src/modules/summary-engine/summary-engine.service.ts:209","PRESERVE_HISTORY_AND_PLAN_SAFE_RETIREMENT"
"INT-F068A5FF2993","SHARED PLATFORM / INFRASTRUCTURE","RelatedLawsuitsService","IMPLEMENTED | MERGED","true","true","true","true","3","","false","OPERABLE_UNVERIFIED","NONE","","project/apps/api/src/modules/related-lawsuits/related-lawsuits.controller.ts:consumer-reference | project/apps/api/src/modules/related-lawsuits/related-lawsuits.module.ts:RelatedLawsuitsModule.providers | project/apps/api/src/modules/related-lawsuits/related-lawsuits.service.ts:90 | project/apps/api/src/modules/template-engine/template-engine.service.ts:consumer-reference","ADD_REPRESENTATIVE_L6_VERIFICATION"
"INT-F090F834FD77","UYAP CONNECTOR","ActionFeedbackService","IMPLEMENTED | MERGED","true","true","true","true","2","","false","OPERABLE_UNVERIFIED","NONE","","project/apps/api/src/modules/icrabot/v28-engine/action-feedback.service.ts:32 | project/apps/api/src/modules/icrabot/v28-engine/tenant-resolver.ts:consumer-reference | project/apps/api/src/modules/icrabot/v28-engine/v28-engine.controller.ts:consumer-reference | project/apps/api/src/modules/icrabot/v28-engine/v28-engine.module.ts:V28EngineModule.providers","ADD_REPRESENTATIVE_L6_VERIFICATION"
"INT-F147795E12F4","RECEIVABLE / ALACAK","AuditWriterService","IMPLEMENTED","true","true","","true","3","","false","UNKNOWN_REQUIRES_EVIDENCE","NONE","","project/apps/api/src/modules/interest-engine/audit/audit-writer.service.ts:46 | project/apps/api/src/modules/interest-engine/interest-engine.controller.ts:consumer-reference | project/apps/api/src/modules/interest-engine/interest-engine.module.ts:InterestEngineModule.providers | project/apps/api/src/modules/interest-engine/interest-engine.service.ts:consumer-reference | project/apps/api/src/modules/interest-engine/trace/trace-exporter.service.ts:consumer-reference","COLLECT_MISSING_EVIDENCE"
"INT-F38F369DEA80","SHARED PLATFORM / INFRASTRUCTURE","SimulationEngineService","IMPLEMENTED","true","true","true","true","2","","false","OPERABLE_UNVERIFIED","NONE","","project/apps/api/src/modules/calc-preview/diagnostics/simulation-api/simulation-api.module.ts:SimulationApiModule.providers | project/apps/api/src/modules/calc-preview/diagnostics/simulation-api/simulation-v1-alias.controller.ts:consumer-reference | project/apps/api/src/modules/calc-preview/diagnostics/simulation-api/simulation.controller.ts:consumer-reference | project/apps/api/src/modules/calc-preview/diagnostics/simulation/simulation-engine.service.ts:31","ADD_REPRESENTATIVE_L6_VERIFICATION"
"INT-F3CC349A07F3","CLIENT / MÜVEKKİL","CollectionReversalService","IMPLEMENTED | MERGED","true","true","true","true","4","","false","OPERABLE_UNVERIFIED","NONE","","project/apps/api/src/modules/client-settlement/client-offset.service.ts:consumer-reference | project/apps/api/src/modules/client-settlement/client-settlement.module.ts:ClientSettlementModule.providers | project/apps/api/src/modules/client-settlement/collection-reversal.service.ts:123 | project/apps/api/src/modules/client-settlement/payment-reversed.registrar.ts:consumer-reference | project/apps/api/src/modules/client-settlement/payout-lock.ts:consumer-reference","ADD_REPRESENTATIVE_L6_VERIFICATION"
"INT-F4993DBB2588","SHARED PLATFORM / INFRASTRUCTURE","BankService","CANONICAL | IMPLEMENTED | MERGED","true","true","true","true","2","","false","OPERABLE_UNVERIFIED","NONE","","project/apps/api/src/modules/bank/bank.controller.ts:consumer-reference | project/apps/api/src/modules/bank/bank.module.ts:BankModule.providers | project/apps/api/src/modules/bank/bank.service.ts:91 | project/apps/api/src/modules/collection/collection.service.ts:consumer-reference","ADD_REPRESENTATIVE_L6_VERIFICATION"
"INT-F57937837F5E","SHARED PLATFORM / INFRASTRUCTURE","AccountingJournalLegalShadowCompareService","IMPLEMENTED","true","true","true","true","1","","false","OPERABLE_UNVERIFIED","NONE","","project/apps/api/src/modules/accounting-journal/accounting-journal-cutover-readiness.service.ts:consumer-reference | project/apps/api/src/modules/accounting-journal/accounting-journal-legal-shadow-compare.service.ts:342 | project/apps/api/src/modules/accounting-journal/accounting-journal-trial-balance.module.ts:AccountingJournalTrialBalanceModule.providers","ADD_REPRESENTATIVE_L6_VERIFICATION"
"INT-F844EA945E1B","SHARED PLATFORM / INFRASTRUCTURE","MessageTemplateService","IMPLEMENTED | MERGED","true","true","true","true","2","","false","OPERABLE_UNVERIFIED","NONE","","project/apps/api/src/modules/client-notification/notification-dispatcher.service.ts:consumer-reference | project/apps/api/src/modules/message-template/message-template.controller.ts:consumer-reference | project/apps/api/src/modules/message-template/message-template.module.ts:MessageTemplateModule.providers | project/apps/api/src/modules/message-template/message-template.service.ts:44","ADD_REPRESENTATIVE_L6_VERIFICATION"
"INT-F85DCE85C046","UYAP CONNECTOR","PlanLimitsService","IMPLEMENTED","true","true","true","true","2","","false","OPERABLE_UNVERIFIED","NONE","","project/apps/api/src/modules/icrabot/enterprise/enterprise.controller.ts:consumer-reference | project/apps/api/src/modules/icrabot/enterprise/index.ts:consumer-reference | project/apps/api/src/modules/icrabot/enterprise/plan-limits.service.ts:36 | project/apps/api/src/modules/icrabot/icrabot.module.ts:IcrabotModule.providers","ADD_REPRESENTATIVE_L6_VERIFICATION"
"INT-F9C7FBE6B27F","RECEIVABLE / ALACAK","SegmentReporterService","IMPLEMENTED","true","true","","true","1","","false","UNKNOWN_REQUIRES_EVIDENCE","NONE","","project/apps/api/src/modules/interest-engine/interest-engine.module.ts:InterestEngineModule.providers | project/apps/api/src/modules/interest-engine/reporter/legal-report-renderer.service.ts:consumer-reference | project/apps/api/src/modules/interest-engine/reporter/segment-reporter.service.ts:45","COLLECT_MISSING_EVIDENCE"
"INT-FAA12C688910","UYAP CONNECTOR","ComputeParamsLoaderService","IMPLEMENTED","true","true","true","true","1","","false","OPERABLE_UNVERIFIED","NONE","","project/apps/api/src/modules/icrabot/compute/compute-modules.service.ts:consumer-reference | project/apps/api/src/modules/icrabot/compute/compute-params-loader.service.ts:57 | project/apps/api/src/modules/icrabot/icrabot.module.ts:IcrabotModule.providers","ADD_REPRESENTATIVE_L6_VERIFICATION"
"INT-FBA05675E658","UYAP CONNECTOR","PredicateEvaluatorService","IMPLEMENTED","true","true","true","true","1","","false","OPERABLE_UNVERIFIED","NONE","","project/apps/api/src/modules/icrabot/decision/decision-engine-v2.service.ts:consumer-reference | project/apps/api/src/modules/icrabot/decision/predicate-evaluator.service.ts:19 | project/apps/api/src/modules/icrabot/icrabot.module.ts:IcrabotModule.providers","ADD_REPRESENTATIVE_L6_VERIFICATION"
"INT-FC94C7E22076","UYAP CONNECTOR","ApprovalWorkflowService","IMPLEMENTED","true","true","true","true","2","","false","OPERABLE_UNVERIFIED","NONE","","project/apps/api/src/modules/icrabot/enterprise/approval-workflow.service.ts:45 | project/apps/api/src/modules/icrabot/enterprise/enterprise.controller.ts:consumer-reference | project/apps/api/src/modules/icrabot/enterprise/index.ts:consumer-reference | project/apps/api/src/modules/icrabot/icrabot.module.ts:IcrabotModule.providers","ADD_REPRESENTATIVE_L6_VERIFICATION"
"INT-FCCC8CA40C52","SHARED PLATFORM / INFRASTRUCTURE","UyapAvailabilityService","IMPLEMENTED | MERGED","true","true","true","true","3","","false","OPERABLE_UNVERIFIED","NONE","","project/apps/api/src/modules/policy-engine/fact-store/computed-fact-registry.ts:consumer-reference | project/apps/api/src/modules/policy-engine/fact-store/index.ts:consumer-reference | project/apps/api/src/modules/policy-engine/fact-store/uyap-availability.service.ts:66 | project/apps/api/src/modules/policy-engine/policy-engine.module.ts:PolicyEngineModule.providers | project/apps/api/src/modules/uyap/authority/uyap-authority-snapshot.service.ts:consumer-reference","ADD_REPRESENTATIVE_L6_VERIFICATION"
"INT-FE50AE4CBE1A","UYAP CONNECTOR","RuleLoaderService","IMPLEMENTED","true","true","true","true","4","","false","OPERABLE_UNVERIFIED","NONE","","project/apps/api/src/modules/icrabot/v28-engine/index.ts:consumer-reference | project/apps/api/src/modules/icrabot/v28-engine/rule-loader.service.ts:55 | project/apps/api/src/modules/icrabot/v28-engine/uyap-event-ingest.service.ts:consumer-reference | project/apps/api/src/modules/icrabot/v28-engine/v28-engine.controller.ts:consumer-reference | project/apps/api/src/modules/icrabot/v28-engine/v28-engine.module.ts:V28EngineModule.providers","ADD_REPRESENTATIVE_L6_VERIFICATION"
"INT-FE9DC99F8D76","UYAP CONNECTOR","ExpressionEvaluatorService","IMPLEMENTED","true","true","true","true","2","","false","OPERABLE_UNVERIFIED","NONE","","project/apps/api/src/modules/icrabot/v28-engine/engine-runner.service.ts:consumer-reference | project/apps/api/src/modules/icrabot/v28-engine/expression-evaluator.service.ts:36 | project/apps/api/src/modules/icrabot/v28-engine/index.ts:consumer-reference | project/apps/api/src/modules/icrabot/v28-engine/v28-engine.module.ts:V28EngineModule.providers","ADD_REPRESENTATIVE_L6_VERIFICATION"
"INT-FF8949ADFB02","CLIENT / MÜVEKKİL","ClientNotificationService","IMPLEMENTED | MERGED","true","true","true","true","4","","false","OPERABLE_UNVERIFIED","NONE","","project/apps/api/src/modules/address-task/address-task.service.ts:consumer-reference | project/apps/api/src/modules/client-notification/client-notification.controller.ts:consumer-reference | project/apps/api/src/modules/client-notification/client-notification.module.ts:ClientNotificationModule.providers | project/apps/api/src/modules/client-notification/client-notification.service.ts:106 | project/apps/api/src/modules/client-notification/notification-dispatcher.service.ts:consumer-reference | project/apps/api/src/modules/greeting/greeting.service.ts:consumer-reference","ADD_REPRESENTATIVE_L6_VERIFICATION"
"MIG-3067EFC7FD59","SHARED PLATFORM / INFRASTRUCTURE","Prisma migration chain (109 migrations)","CANONICAL | IMPLEMENTED | MERGED","true","true","","true","2","","false","UNKNOWN_REQUIRES_EVIDENCE","NONE","",".github/workflows/ci.yml:Prisma migrate deploy | project/apps/api/prisma/schema.prisma","COLLECT_MISSING_EVIDENCE"
"SCH-03F61FAD29BD","UYAP CONNECTOR","ActionHandlerService.processRetryableActions — Cron(EVERY_MINUTE)","IMPLEMENTED | MERGED","true","true","true","true","1","","false","OPERABLE_UNVERIFIED","NONE","","project/apps/api/src/modules/icrabot/v28-engine/action-handler.service.ts:503","ADD_REPRESENTATIVE_L6_VERIFICATION"
"SCH-0B3D584B0889","SHARED PLATFORM / INFRASTRUCTURE","SchedulerService.updateInterestAmounts — Cron('0 2 * * *')","IMPLEMENTED | MERGED","true","true","true","true","1","","false","OPERABLE_UNVERIFIED","NONE","","project/apps/api/src/modules/scheduler/scheduler.service.ts:845","ADD_REPRESENTATIVE_L6_VERIFICATION"
"SCH-106E008A82AA","SHARED PLATFORM / INFRASTRUCTURE","ErrorLogRetentionService.handleCron — Cron('30 3 * * *', { name: 'errorLogRetention', timeZone: 'Europe/Istanbul' })","MERGED","true","true","true","true","1","","false","OPERABLE_UNVERIFIED","NONE","","project/apps/api/src/modules/error-log/retention/error-log-retention.service.ts:25","ADD_REPRESENTATIVE_L6_VERIFICATION"
"SCH-138DA5A54064","RECEIVABLE / ALACAK","RateSyncService.syncTcmbRates — Cron('30 9 * * *')","IMPLEMENTED","true","true","","true","1","","false","UNKNOWN_REQUIRES_EVIDENCE","NONE","","project/apps/api/src/modules/interest-engine/rate-sync.service.ts:41","COLLECT_MISSING_EVIDENCE"
"SCH-1AC5CC095D07","SHARED PLATFORM / INFRASTRUCTURE","SchedulerService.sendDueReminders — Cron(CronExpression.EVERY_DAY_AT_8AM)","IMPLEMENTED | MERGED","true","true","true","true","1","","false","OPERABLE_UNVERIFIED","NONE","","project/apps/api/src/modules/scheduler/scheduler.service.ts:820","ADD_REPRESENTATIVE_L6_VERIFICATION"
"SCH-33525591672E","SHARED PLATFORM / INFRASTRUCTURE","AutomationService.expireInactiveRecipientCrossCaseNotifications — Cron(CronExpression.EVERY_HOUR)","IMPLEMENTED | MERGED","true","true","false","false","1","","false","BOUND_DORMANT","P2","","project/apps/api/src/modules/automation/automation.service.ts:180","VERIFY_ACTIVATION_AUTHORITY_AND_DEPLOYED_VALUE"
"SCH-34D986243BC9","SHARED PLATFORM / INFRASTRUCTURE","AutomationService.checkNotificationExpiries — Cron(CronExpression.EVERY_HOUR)","IMPLEMENTED | MERGED","true","true","false","false","1","","false","BOUND_DORMANT","P2","","project/apps/api/src/modules/automation/automation.service.ts:135","VERIFY_ACTIVATION_AUTHORITY_AND_DEPLOYED_VALUE"
"SCH-35D57E7E8131","SHARED PLATFORM / INFRASTRUCTURE","AutomationService.sendExpiringPoaNotifications — Cron(CronExpression.EVERY_DAY_AT_9AM)","IMPLEMENTED | MERGED","true","true","false","false","1","","false","BOUND_DORMANT","P2","","project/apps/api/src/modules/automation/automation.service.ts:217","VERIFY_ACTIVATION_AUTHORITY_AND_DEPLOYED_VALUE"
"SCH-3790966FB3E7","SHARED PLATFORM / INFRASTRUCTURE","AutomationService.updateExpiredPoas — Cron(CronExpression.EVERY_DAY_AT_2AM)","IMPLEMENTED | MERGED","true","true","false","false","1","","false","BOUND_DORMANT","P2","","project/apps/api/src/modules/automation/automation.service.ts:189","VERIFY_ACTIVATION_AUTHORITY_AND_DEPLOYED_VALUE"
"SCH-3829173BBEB2","SHARED PLATFORM / INFRASTRUCTURE","SchedulerService.checkIhbarnameDeadlines — Cron(CronExpression.EVERY_DAY_AT_10AM)","IMPLEMENTED | MERGED","true","true","true","true","1","","false","OPERABLE_UNVERIFIED","NONE","","project/apps/api/src/modules/scheduler/scheduler.service.ts:454","ADD_REPRESENTATIVE_L6_VERIFICATION"
"SCH-42CB8FB77BE9","SHARED PLATFORM / INFRASTRUCTURE","GreetingService.greetingSchedulerTick — Cron(EVERY_MINUTE)","IMPLEMENTED | MERGED","true","true","true","true","1","","false","OPERABLE_UNVERIFIED","NONE","","project/apps/api/src/modules/greeting/greeting.service.ts:347","ADD_REPRESENTATIVE_L6_VERIFICATION"
"SCH-4C1A1B158204","UYAP CONNECTOR","SchedulerService.tick — Cron(CronExpression.EVERY_10_MINUTES)","IMPLEMENTED","true","true","true","true","1","","false","OPERABLE_UNVERIFIED","NONE","","project/apps/api/src/modules/icrabot/scheduler/scheduler.service.ts:39","ADD_REPRESENTATIVE_L6_VERIFICATION"
"SCH-4FC349EC58CC","SHARED PLATFORM / INFRASTRUCTURE","case-task-escalation.service.ts.scheduledRun — Cron(EVERY_HOUR)","MERGED","true","false","false","false","0","","false","CODE_PRESENT_UNBOUND","P2","case-task-escalation.service.ts production ScheduleModule graph'ında provider değil.","project/apps/api/src/modules/escalation/case-task-escalation.service.ts:27","OWNER_REVIEW_BIND_OR_DISPOSITION"
"SCH-50CC769688FC","DEBTOR / BORÇLU","AddressTaskSchedulerService.checkOverdueTasks — Cron(CronExpression.EVERY_HOUR)","IMPLEMENTED | MERGED","true","true","true","true","1","","false","OPERABLE_UNVERIFIED","NONE","","project/apps/api/src/modules/address-task/address-task-scheduler.service.ts:37","ADD_REPRESENTATIVE_L6_VERIFICATION"
"SCH-529451B7EF60","SHARED PLATFORM / INFRASTRUCTURE","AutomationService.updateDaysLeft — Cron(CronExpression.EVERY_DAY_AT_1AM)","IMPLEMENTED | MERGED","true","true","false","false","1","","false","BOUND_DORMANT","P2","","project/apps/api/src/modules/automation/automation.service.ts:106","VERIFY_ACTIVATION_AUTHORITY_AND_DEPLOYED_VALUE"
"SCH-563E037047CA","SHARED PLATFORM / INFRASTRUCTURE","AutomationService.expireCrossCaseNotifications — Cron(CronExpression.EVERY_HOUR)","IMPLEMENTED | MERGED","true","true","false","false","1","","false","BOUND_DORMANT","P2","","project/apps/api/src/modules/automation/automation.service.ts:169","VERIFY_ACTIVATION_AUTHORITY_AND_DEPLOYED_VALUE"
"SCH-597826740AC6","SHARED PLATFORM / INFRASTRUCTURE","CaseTaskEscalationService.scheduledRun — Cron(CronExpression.EVERY_HOUR)","MERGED","true","true","false","false","1","","false","BOUND_DORMANT","P2","","project/apps/api/src/modules/escalation/case-task-escalation.service.ts:44","VERIFY_ACTIVATION_AUTHORITY_AND_DEPLOYED_VALUE"
"SCH-5AB211F056C4","UYAP CONNECTOR","ActionHandlerService.processPendingActions — Cron(EVERY_MINUTE)","IMPLEMENTED | MERGED","true","true","true","true","1","","false","OPERABLE_UNVERIFIED","NONE","","project/apps/api/src/modules/icrabot/v28-engine/action-handler.service.ts:479","ADD_REPRESENTATIVE_L6_VERIFICATION"
"SCH-5C8CB4DA3F82","SHARED PLATFORM / INFRASTRUCTURE","SchedulerService.calculateDailyStats — Cron(CronExpression.EVERY_DAY_AT_MIDNIGHT)","IMPLEMENTED | MERGED","true","true","true","true","1","","false","OPERABLE_UNVERIFIED","NONE","","project/apps/api/src/modules/scheduler/scheduler.service.ts:380","ADD_REPRESENTATIVE_L6_VERIFICATION"
"SCH-6AECF0F05B72","SHARED PLATFORM / INFRASTRUCTURE","SchedulerService.checkUpcomingTasks — Cron(CronExpression.EVERY_HOUR)","IMPLEMENTED | MERGED","true","true","true","true","1","","false","OPERABLE_UNVERIFIED","NONE","","project/apps/api/src/modules/scheduler/scheduler.service.ts:413","ADD_REPRESENTATIVE_L6_VERIFICATION"
"SCH-72F9349C2CA3","RECEIVABLE / ALACAK","RateSyncService.syncMonthlyMevduatRates — Cron('0 10 2 * *')","IMPLEMENTED","true","true","","true","1","","false","UNKNOWN_REQUIRES_EVIDENCE","NONE","","project/apps/api/src/modules/interest-engine/rate-sync.service.ts:65","COLLECT_MISSING_EVIDENCE"
"SCH-75D647D57B59","SHARED PLATFORM / INFRASTRUCTURE","DeprecatedUsageTrackerService.cleanupOldRecords — Cron('0 3 * * *')","IMPLEMENTED","true","true","true","true","1","","false","OPERABLE_UNVERIFIED","NONE","","project/apps/api/src/modules/policy-engine/deprecated-usage-tracker.service.ts:270","ADD_REPRESENTATIVE_L6_VERIFICATION"
"SCH-81C1BDFC6943","SHARED PLATFORM / INFRASTRUCTURE","SchedulerService.checkPaymentOrderDeadlines — Cron(CronExpression.EVERY_DAY_AT_9AM)","IMPLEMENTED | MERGED","true","true","true","true","1","","false","OPERABLE_UNVERIFIED","NONE","","project/apps/api/src/modules/scheduler/scheduler.service.ts:59","ADD_REPRESENTATIVE_L6_VERIFICATION"
"SCH-8678FAF7623B","SHARED PLATFORM / INFRASTRUCTURE","OperationalEscalationService.scheduledRun — Cron(CronExpression.EVERY_HOUR)","MERGED","true","true","","true","1","","false","UNKNOWN_REQUIRES_EVIDENCE","NONE","","project/apps/api/src/modules/escalation/operational-escalation.service.ts:51","COLLECT_MISSING_EVIDENCE"
"SCH-88A21D0AF009","SHARED PLATFORM / INFRASTRUCTURE","DeprecatedUsageTrackerService.flushBuffer — Cron(CronExpression.EVERY_HOUR)","IMPLEMENTED","true","true","true","true","1","","false","OPERABLE_UNVERIFIED","NONE","","project/apps/api/src/modules/policy-engine/deprecated-usage-tracker.service.ts:249","ADD_REPRESENTATIVE_L6_VERIFICATION"
"SCH-8F2AB45B78B2","UYAP CONNECTOR","OutboxCronService.processOutboxActions — Cron(CronExpression.EVERY_MINUTE)","IMPLEMENTED | MERGED","true","true","true","true","1","","false","OPERABLE_UNVERIFIED","NONE","","project/apps/api/src/modules/icrabot/v28-engine/outbox-cron.service.ts:36","ADD_REPRESENTATIVE_L6_VERIFICATION"
"SCH-9A3AB4E99CCC","SHARED PLATFORM / INFRASTRUCTURE","AutomationService.updateRiskScores — Cron(CronExpression.EVERY_DAY_AT_MIDNIGHT)","IMPLEMENTED | MERGED","true","true","false","false","1","","false","BOUND_DORMANT","P2","","project/apps/api/src/modules/automation/automation.service.ts:231","VERIFY_ACTIVATION_AUTHORITY_AND_DEPLOYED_VALUE"
"SCH-A7311D0C1045","SHARED PLATFORM / INFRASTRUCTURE","SchedulerService.checkTebligatStatus — Cron('0 */4 * * *')","IMPLEMENTED | MERGED","true","true","true","true","1","","false","OPERABLE_UNVERIFIED","NONE","","project/apps/api/src/modules/scheduler/scheduler.service.ts:724","ADD_REPRESENTATIVE_L6_VERIFICATION"
"SCH-AB2F693B2FAD","SHARED PLATFORM / INFRASTRUCTURE","ExchangeRateService.scheduledRateUpdate — Cron('30 15 * * 1-5')","IMPLEMENTED","true","true","true","true","1","","false","OPERABLE_UNVERIFIED","NONE","","project/apps/api/src/modules/exchange-rate/exchange-rate.service.ts:40","ADD_REPRESENTATIVE_L6_VERIFICATION"
"SCH-B7622318DF40","DEBTOR / BORÇLU","AddressTaskSchedulerService.checkAnnualRefreshTasks — Cron(CronExpression.EVERY_DAY_AT_MIDNIGHT)","IMPLEMENTED | MERGED","true","true","true","true","1","","false","OPERABLE_UNVERIFIED","NONE","","project/apps/api/src/modules/address-task/address-task-scheduler.service.ts:105","ADD_REPRESENTATIVE_L6_VERIFICATION"
"SCH-B86697FDA6CC","SHARED PLATFORM / INFRASTRUCTURE","DeprecatedUsageTrackerService.generateDailyReport — Cron('5 0 * * *')","IMPLEMENTED","true","true","true","true","1","","false","OPERABLE_UNVERIFIED","NONE","","project/apps/api/src/modules/policy-engine/deprecated-usage-tracker.service.ts:204","ADD_REPRESENTATIVE_L6_VERIFICATION"
"SCH-BA25C73ABF67","SHARED PLATFORM / INFRASTRUCTURE","GazetteWatcherService.checkGazette — Cron('0 9 * * *')","IMPLEMENTED","true","true","true","true","1","","false","OPERABLE_UNVERIFIED","NONE","","project/apps/api/src/modules/tariff/gazette-watcher.service.ts:39","ADD_REPRESENTATIVE_L6_VERIFICATION"
"SCH-BD96B25D740C","DEBTOR / BORÇLU","AddressTaskSchedulerService.publishOutboxEvents — Cron(CronExpression.EVERY_5_MINUTES)","IMPLEMENTED | MERGED","true","true","true","true","1","","false","OPERABLE_UNVERIFIED","NONE","","project/apps/api/src/modules/address-task/address-task-scheduler.service.ts:168","ADD_REPRESENTATIVE_L6_VERIFICATION"
"SCH-C8EE8FBB9825","SHARED PLATFORM / INFRASTRUCTURE","DecisionLogRetentionService.archiveOldRecords — Cron(CronExpression.EVERY_DAY_AT_3AM)","IMPLEMENTED | MERGED","true","true","true","true","1","","false","OPERABLE_UNVERIFIED","NONE","","project/apps/api/src/modules/policy-engine/decision-logger/decision-log-retention.service.ts:69","ADD_REPRESENTATIVE_L6_VERIFICATION"
"SCH-C95CAFED890A","SHARED PLATFORM / INFRASTRUCTURE","SchedulerService.retryFailedUyapRequests — Cron(EVERY_6_HOURS)","IMPLEMENTED | MERGED","true","true","true","true","1","","false","OPERABLE_UNVERIFIED","NONE","","project/apps/api/src/modules/scheduler/scheduler.service.ts:330","ADD_REPRESENTATIVE_L6_VERIFICATION"
"SCH-CBB32C0D936B","UYAP CONNECTOR","OutboxCronService.processOutboxActions — Cron(EVERY_MINUTE)","IMPLEMENTED | MERGED","true","true","true","true","1","","false","OPERABLE_UNVERIFIED","NONE","","project/apps/api/src/modules/icrabot/v28-engine/outbox-cron.service.ts:33","ADD_REPRESENTATIVE_L6_VERIFICATION"
"SCH-CFC32C481D16","SHARED PLATFORM / INFRASTRUCTURE","GreetingService.greetingSchedulerTick — Cron(CronExpression.EVERY_MINUTE)","IMPLEMENTED | MERGED","true","true","true","true","1","","false","OPERABLE_UNVERIFIED","NONE","","project/apps/api/src/modules/greeting/greeting.service.ts:352","ADD_REPRESENTATIVE_L6_VERIFICATION"
"SCH-DD1ED633002A","OFFICE / AVUKAT-PERSONEL","OfficeApprovalExecutorCronService.handleCron — Cron(CronExpression.EVERY_30_MINUTES, { name: 'officeApprovalExecutor' })","MERGED","true","true","true","true","1","","false","OPERABLE_UNVERIFIED","NONE","","project/apps/api/src/modules/office-approval/office-approval-executor-cron.service.ts:52","ADD_REPRESENTATIVE_L6_VERIFICATION"
"SCH-E75CC0F6BE9D","SHARED PLATFORM / INFRASTRUCTURE","SchedulerService.checkMtsReturns — Cron(CronExpression.EVERY_DAY_AT_10AM)","IMPLEMENTED | MERGED","true","true","true","true","1","","false","OPERABLE_UNVERIFIED","NONE","","project/apps/api/src/modules/scheduler/scheduler.service.ts:246","ADD_REPRESENTATIVE_L6_VERIFICATION"
"SCH-E790CC5ADF4B","SHARED PLATFORM / INFRASTRUCTURE","SchedulerService.processNafakaPeriods — Cron('0 8 1 * *')","IMPLEMENTED | MERGED","true","true","true","true","1","","false","OPERABLE_UNVERIFIED","NONE","","project/apps/api/src/modules/scheduler/scheduler.service.ts:147","ADD_REPRESENTATIVE_L6_VERIFICATION"
"SCH-E790CC5ADF4B-2","SHARED PLATFORM / INFRASTRUCTURE","SchedulerService.processNafakaPeriods — Cron('0 8 1 * *')","IMPLEMENTED | MERGED","true","true","true","true","1","","false","OPERABLE_UNVERIFIED","NONE","","project/apps/api/src/modules/scheduler/scheduler.service.ts:149","ADD_REPRESENTATIVE_L6_VERIFICATION"
"SCH-E7B98A4FDDA3","SHARED PLATFORM / INFRASTRUCTURE","decision-log-retention.service.ts.constructor — Cron(EVERY_DAY_AT_3AM)","IMPLEMENTED | MERGED","true","false","false","false","0","","false","CODE_PRESENT_UNBOUND","P2","decision-log-retention.service.ts production ScheduleModule graph'ında provider değil.","project/apps/api/src/modules/policy-engine/decision-logger/decision-log-retention.service.ts:12","OWNER_REVIEW_BIND_OR_DISPOSITION"
"SCH-EAA067B2C91B","UYAP CONNECTOR","OutboxService.recoverStaleProcessingActions — Cron(EVERY_MINUTE)","IMPLEMENTED | MERGED","true","true","true","true","1","","false","OPERABLE_UNVERIFIED","NONE","","project/apps/api/src/modules/icrabot/v28-engine/outbox.service.ts:197","ADD_REPRESENTATIVE_L6_VERIFICATION"
"SCH-F34A4110C760","SHARED PLATFORM / INFRASTRUCTURE","SchedulerService.checkExternalCaseFollowups — Cron(CronExpression.EVERY_DAY_AT_11AM)","IMPLEMENTED | MERGED","true","true","true","true","1","","false","OPERABLE_UNVERIFIED","NONE","","project/apps/api/src/modules/scheduler/scheduler.service.ts:569","ADD_REPRESENTATIVE_L6_VERIFICATION"
"SCH-F6E254B43BE8","SHARED PLATFORM / INFRASTRUCTURE","operational-escalation.service.ts.processEscalations — Cron(EVERY_HOUR)","MERGED","true","false","false","false","0","","false","CODE_PRESENT_UNBOUND","P2","operational-escalation.service.ts production ScheduleModule graph'ında provider değil.","project/apps/api/src/modules/escalation/operational-escalation.service.ts:38","OWNER_REVIEW_BIND_OR_DISPOSITION"
"SCH-F89231507269","UYAP CONNECTOR","TaskOrchestratorService.processQueue — Cron(CronExpression.EVERY_MINUTE)","IMPLEMENTED | MERGED","true","true","true","true","1","","false","OPERABLE_UNVERIFIED","NONE","","project/apps/api/src/modules/icrabot/task-orchestrator.service.ts:389","ADD_REPRESENTATIVE_L6_VERIFICATION"
"SCH-FB7C987B8BD3","SHARED PLATFORM / INFRASTRUCTURE","AutomationService.processPendingCases — Cron(CronExpression.EVERY_5_MINUTES)","IMPLEMENTED | MERGED","true","true","false","false","1","","false","BOUND_DORMANT","P2","","project/apps/api/src/modules/automation/automation.service.ts:35","VERIFY_ACTIVATION_AUTHORITY_AND_DEPLOYED_VALUE"
"UI-0707B2518028","FRONTEND / UI ACTIVATION","Next.js route /cases","IMPLEMENTED | MERGED","true","true","","true","94","","false","UNKNOWN_REQUIRES_EVIDENCE","NONE","","project/apps/web/src/__tests__/balance-shadow-display.test.tsx:navigation-reference | project/apps/web/src/__tests__/bulk-assign.test.ts:navigation-reference | project/apps/web/src/__tests__/case-debtor-include-passive-confinement.test.ts:navigation-reference | project/apps/web/src/__tests__/case-wizard-claim-classification-fail-closed.test.ts:navigation-reference | project/apps/web/src/__tests__/change-status-guarded-wiring.test.tsx:navigation-reference | project/apps/web/src/__tests__/claimitem-metadata-refresh.test.tsx:navigation-reference | project/apps/web/src/__tests__/client-intel-case-page-wiring.test.ts:navigation-reference | project/apps/web/src/__tests__/collection-summary-refresh.test.tsx:navigation-reference | project/apps/web/src/__tests__/error-log-drawer.test.tsx:navigation-reference | project/apps/web/src/__tests__/error-log-presentation.test.ts:navigation-reference | project/apps/web/src/__tests__/error-reporter.test.ts:navigation-reference | project/apps/web/src/__tests__/intake-links-api.test.ts:navigation-reference | project/apps/web/src/__tests__/interest-write-boundary.test.ts:navigation-reference | project/apps/web/src/__tests__/responsibility-at.test.ts:navigation-reference | project/apps/web/src/__tests__/responsibility-history-panel.test.tsx:navigation-reference | project/apps/web/src/__tests__/responsibility-history.test.ts:navigation-reference | project/apps/web/src/__tests__/responsible-person-picker.test.tsx:navigation-reference | project/apps/web/src/app/(dashboard)/cases/[id]/edit/page.tsx:navigation-reference | project/apps/web/src/app/(dashboard)/cases/[id]/page-new.tsx:navigation-reference | project/apps/web/src/app/(dashboard)/cases/[id]/page-v2.tsx:navigation-reference | project/apps/web/src/app/(dashboard)/cases/[id]/page.tsx:navigation-reference | project/apps/web/src/app/(dashboard)/cases/[id]/v2/page.tsx:navigation-reference | project/apps/web/src/app/(dashboard)/cases/new/page.tsx:navigation-reference | project/apps/web/src/app/(dashboard)/cases/page.tsx:1 | project/apps/web/src/app/(dashboard)/client-intake/[id]/page.tsx:navigation-reference | project/apps/web/src/app/(dashboard)/client-intake/[id]/promote/page.tsx:navigation-reference | project/apps/web/src/app/(dashboard)/client-intake/page.tsx:navigation-reference | project/apps/web/src/app/(dashboard)/onboarding/page.tsx:navigation-reference | project/apps/web/src/app/(dashboard)/reports/page.tsx:navigation-reference | project/apps/web/src/app/(dashboard)/tasks/page.tsx:navigation-reference | project/apps/web/src/app/portal/__tests__/portal-closeout-r01.spec.tsx:navigation-reference | project/apps/web/src/app/portal/__tests__/portal-dashboard-aggregate.spec.tsx:navigation-reference | project/apps/web/src/app/portal/__tests__/portal-layout-route-boundary.spec.tsx:navigation-reference | project/apps/web/src/app/portal/cases/__tests__/case-list-projection.spec.tsx:navigation-reference | project/apps/web/src/app/portal/cases/[id]/__tests__/case-detail-projection.spec.tsx:navigation-reference | project/apps/web/src/app/portal/cases/[id]/page.tsx:navigation-reference | project/apps/web/src/app/portal/cases/page.tsx:navigation-reference | project/apps/web/src/app/portal/layout.tsx:navigation-reference | project/apps/web/src/app/portal/page.tsx:navigation-reference | project/apps/web/src/components/case-detail/CaseHeader.tsx:navigation-reference | project/apps/web/src/components/case-detail/OperationDeck.tsx:navigation-reference | project/apps/web/src/components/case/case-activity-log.tsx:navigation-reference | project/apps/web/src/components/case/case-attachments.tsx:navigation-reference | project/apps/web/src/components/case/case-checklist.tsx:navigation-reference | project/apps/web/src/components/case/case-comments.tsx:navigation-reference | project/apps/web/src/components/case/case-compare-modal.tsx:navigation-reference | project/apps/web/src/components/case/case-copy-modal.tsx:navigation-reference | project/apps/web/src/components/case/case-cost-analysis.tsx:navigation-reference | project/apps/web/src/components/case/case-deadlines.tsx:navigation-reference | project/apps/web/src/components/case/case-expenses.tsx:navigation-reference | project/apps/web/src/components/case/case-favorites.tsx:navigation-reference | project/apps/web/src/components/case/case-hearings.tsx:navigation-reference | project/apps/web/src/components/case/case-history.tsx:navigation-reference | project/apps/web/src/components/case/case-links.tsx:navigation-reference | project/apps/web/src/components/case/case-merge-modal.tsx:navigation-reference | project/apps/web/src/components/case/case-mini-card.tsx:navigation-reference | project/apps/web/src/components/case/case-notes.tsx:navigation-reference | project/apps/web/src/components/case/case-priority.tsx:navigation-reference | project/apps/web/src/components/case/case-tags.tsx:navigation-reference | project/apps/web/src/components/case/case-timeline.tsx:navigation-reference | project/apps/web/src/components/case/case-watchlist.tsx:navigation-reference | project/apps/web/src/components/case/DocumentSourceSelector.tsx:navigation-reference | project/apps/web/src/components/case/legal-responsible-drawer-action.tsx:navigation-reference | project/apps/web/src/components/case/LegalResponsibleLawyerModal.tsx:navigation-reference | project/apps/web/src/components/case/responsibility-at-panel.tsx:navigation-reference | project/apps/web/src/components/case/responsibility-history-panel.tsx:navigation-reference | project/apps/web/src/components/case/responsible-candidate-select.tsx:navigation-reference | project/apps/web/src/components/case/responsible-person-picker.tsx:navigation-reference | project/apps/web/src/components/client/client-profile.tsx:navigation-reference | project/apps/web/src/components/dashboard/favorite-cases.tsx:navigation-reference | project/apps/web/src/components/dashboard/quick-summary.tsx:navigation-reference | project/apps/web/src/components/dashboard/recent-cases.tsx:navigation-reference | project/apps/web/src/components/dashboard/stats-widget.tsx:navigation-reference | project/apps/web/src/components/keyboard-shortcuts.tsx:navigation-reference | project/apps/web/src/components/layout/header.tsx:navigation-reference | project/apps/web/src/components/layout/sidebar.tsx:navigation-reference | project/apps/web/src/components/notifications/notification-center.tsx:navigation-reference | project/apps/web/src/components/quick-actions.tsx:navigation-reference | project/apps/web/src/components/reminders/reminder-widget.tsx:navigation-reference | project/apps/web/src/hooks/useCaseCalculation.ts:navigation-reference | project/apps/web/src/lib/__tests__/auth-context-portal-delegation.spec.tsx:navigation-reference | project/apps/web/src/lib/api.ts:navigation-reference | project/apps/web/src/lib/api/__tests__/client.test.ts:navigation-reference | project/apps/web/src/lib/api/balance-shadow-diff.ts:navigation-reference | project/apps/web/src/lib/api/cases.ts:navigation-reference | project/apps/web/src/lib/api/client-accounting.ts:navigation-reference | project/apps/web/src/lib/api/documents.ts:navigation-reference | project/apps/web/src/lib/api/finance.ts:navigation-reference | project/apps/web/src/lib/api/icrabot.ts:navigation-reference | project/apps/web/src/lib/bulk-assign-responsible.ts:navigation-reference | project/apps/web/src/lib/bulk-assign.ts:navigation-reference | project/apps/web/src/lib/case-staff-edit.ts:navigation-reference | project/apps/web/src/lib/error-log-presentation.ts:navigation-reference | project/apps/web/src/lib/responsibility-at.ts:navigation-reference | project/apps/web/src/lib/responsibility-history.ts:navigation-reference","COLLECT_MISSING_EVIDENCE"
"UI-12C15F80322D","FRONTEND / UI ACTIVATION","Next.js route /calendar","IMPLEMENTED","true","true","true","true","7","","false","OPERABLE_UNVERIFIED","NONE","","project/apps/web/src/app/(dashboard)/calendar/page.tsx:1 | project/apps/web/src/components/dashboard/quick-summary.tsx:navigation-reference | project/apps/web/src/components/dashboard/upcoming-events.tsx:navigation-reference | project/apps/web/src/components/keyboard-shortcuts.tsx:navigation-reference | project/apps/web/src/components/layout/sidebar.tsx:navigation-reference | project/apps/web/src/components/quick-actions.tsx:navigation-reference | project/apps/web/src/components/reminders/reminder-widget.tsx:navigation-reference | project/apps/web/src/lib/error-log-presentation.ts:navigation-reference","ADD_REPRESENTATIVE_L6_VERIFICATION"
"UI-160DF70BC91C","FRONTEND / UI ACTIVATION","Next.js route /intake/[token]","MERGED","true","true","true","true","8","","false","OPERABLE_UNVERIFIED","NONE","","project/apps/web/src/__tests__/client-actions-tab.test.tsx:navigation-reference | project/apps/web/src/__tests__/intake-api.test.ts:navigation-reference | project/apps/web/src/__tests__/intake-form-page.test.tsx:navigation-reference | project/apps/web/src/__tests__/intake-links-api.test.ts:navigation-reference | project/apps/web/src/__tests__/intake-links-card.test.tsx:navigation-reference | project/apps/web/src/app/intake/[token]/page.tsx:1 | project/apps/web/src/components/client/client-activity-tab.tsx:navigation-reference | project/apps/web/src/lib/api.ts:navigation-reference | project/apps/web/src/lib/intake-api.ts:navigation-reference","ADD_REPRESENTATIVE_L6_VERIFICATION"
"UI-17BA2FFBF305","FRONTEND / UI ACTIVATION","Next.js route /portal","CLOSED | IMPLEMENTED | MERGED","true","true","true","true","34","","false","OPERABLE_UNVERIFIED","NONE","","project/apps/web/src/app/(dashboard)/settings/clients/page.tsx:navigation-reference | project/apps/web/src/app/(dashboard)/settings/portal/page.tsx:navigation-reference | project/apps/web/src/app/(dashboard)/settings/security/page.tsx:navigation-reference | project/apps/web/src/app/portal/__tests__/portal-api-base-url-usage.spec.tsx:navigation-reference | project/apps/web/src/app/portal/__tests__/portal-closeout-r01.spec.tsx:navigation-reference | project/apps/web/src/app/portal/__tests__/portal-dashboard-aggregate.spec.tsx:navigation-reference | project/apps/web/src/app/portal/__tests__/portal-financial-disclosures.spec.tsx:navigation-reference | project/apps/web/src/app/portal/__tests__/portal-layout-notifications.spec.tsx:navigation-reference | project/apps/web/src/app/portal/__tests__/portal-layout-route-boundary.spec.tsx:navigation-reference | project/apps/web/src/app/portal/cases/__tests__/case-list-projection.spec.tsx:navigation-reference | project/apps/web/src/app/portal/cases/[id]/__tests__/case-detail-projection.spec.tsx:navigation-reference | project/apps/web/src/app/portal/cases/[id]/page.tsx:navigation-reference | project/apps/web/src/app/portal/cases/page.tsx:navigation-reference | project/apps/web/src/app/portal/documents/__tests__/portal-documents-page.spec.tsx:navigation-reference | project/apps/web/src/app/portal/documents/page.tsx:navigation-reference | project/apps/web/src/app/portal/financial-disclosures/page.tsx:navigation-reference | project/apps/web/src/app/portal/forgot-password/page.tsx:navigation-reference | project/apps/web/src/app/portal/layout.tsx:navigation-reference | project/apps/web/src/app/portal/login/page.tsx:navigation-reference | project/apps/web/src/app/portal/messages/__tests__/portal-messages-page.spec.tsx:navigation-reference | project/apps/web/src/app/portal/messages/page.tsx:navigation-reference | project/apps/web/src/app/portal/page.tsx:1 | project/apps/web/src/app/portal/poas/__tests__/portal-poa-page.spec.tsx:navigation-reference | project/apps/web/src/app/portal/poas/page.tsx:navigation-reference | project/apps/web/src/app/portal/profile/page.tsx:navigation-reference | project/apps/web/src/app/portal/reset-password/__tests__/reset-password-page.spec.tsx:navigation-reference | project/apps/web/src/app/portal/reset-password/page.tsx:navigation-reference | project/apps/web/src/components/client/client-portal-tab.tsx:navigation-reference | project/apps/web/src/components/layout/sidebar.tsx:navigation-reference | project/apps/web/src/lib/__tests__/auth-context-portal-delegation.spec.tsx:navigation-reference | project/apps/web/src/lib/api.ts:navigation-reference | project/apps/web/src/lib/auth-context.tsx:navigation-reference | project/apps/web/src/lib/config/__tests__/portal-api-url.spec.ts:navigation-reference | project/apps/web/src/lib/config/portal-api-url.ts:navigation-reference | project/apps/web/src/lib/error-log-presentation.ts:navigation-reference","ADD_REPRESENTATIVE_L6_VERIFICATION"
"UI-194986AF434B","FRONTEND / UI ACTIVATION","Next.js route /client-intake/[id]/promote","MERGED","true","true","true","true","2","","false","OPERABLE_UNVERIFIED","NONE","","project/apps/web/src/__tests__/case-debtor-include-passive-confinement.test.ts:navigation-reference | project/apps/web/src/__tests__/intake-promote-page.test.tsx:navigation-reference | project/apps/web/src/app/(dashboard)/client-intake/[id]/promote/page.tsx:1","ADD_REPRESENTATIVE_L6_VERIFICATION"
"UI-22081B10F7CC","FRONTEND / UI ACTIVATION","Next.js route /portal/cases","CLOSED | IMPLEMENTED | MERGED","true","true","true","true","9","","false","OPERABLE_UNVERIFIED","NONE","","project/apps/web/src/app/portal/__tests__/portal-closeout-r01.spec.tsx:navigation-reference | project/apps/web/src/app/portal/__tests__/portal-dashboard-aggregate.spec.tsx:navigation-reference | project/apps/web/src/app/portal/__tests__/portal-layout-route-boundary.spec.tsx:navigation-reference | project/apps/web/src/app/portal/cases/__tests__/case-list-projection.spec.tsx:navigation-reference | project/apps/web/src/app/portal/cases/[id]/__tests__/case-detail-projection.spec.tsx:navigation-reference | project/apps/web/src/app/portal/cases/[id]/page.tsx:navigation-reference | project/apps/web/src/app/portal/cases/page.tsx:1 | project/apps/web/src/app/portal/layout.tsx:navigation-reference | project/apps/web/src/app/portal/page.tsx:navigation-reference | project/apps/web/src/lib/__tests__/auth-context-portal-delegation.spec.tsx:navigation-reference","ADD_REPRESENTATIVE_L6_VERIFICATION"
"UI-2C7BD5793D91","FRONTEND / UI ACTIVATION","Next.js route /clients","CANONICAL","true","true","true","true","40","","false","OPERABLE_UNVERIFIED","NONE","","project/apps/web/src/__tests__/client-actions-tab.test.tsx:navigation-reference | project/apps/web/src/__tests__/client-activity-tab.test.tsx:navigation-reference | project/apps/web/src/__tests__/client-profile-actions-tab.test.tsx:navigation-reference | project/apps/web/src/__tests__/client-right-panel.test.tsx:navigation-reference | project/apps/web/src/__tests__/error-log-page.test.tsx:navigation-reference | project/apps/web/src/__tests__/error-log-presentation.test.ts:navigation-reference | project/apps/web/src/__tests__/intake-links-api.test.ts:navigation-reference | project/apps/web/src/__tests__/poa-ux.test.ts:navigation-reference | project/apps/web/src/app/(dashboard)/cases/[id]/page.tsx:navigation-reference | project/apps/web/src/app/(dashboard)/cases/new/page.tsx:navigation-reference | project/apps/web/src/app/(dashboard)/cases/page.tsx:navigation-reference | project/apps/web/src/app/(dashboard)/clients/[clientId]/accounting/page.tsx:navigation-reference | project/apps/web/src/app/(dashboard)/clients/[clientId]/edit/page.tsx:navigation-reference | project/apps/web/src/app/(dashboard)/clients/[clientId]/page.tsx:navigation-reference | project/apps/web/src/app/(dashboard)/clients/new/page.tsx:navigation-reference | project/apps/web/src/app/(dashboard)/clients/page.tsx:1 | project/apps/web/src/app/(dashboard)/dashboard/page.tsx:navigation-reference | project/apps/web/src/app/(dashboard)/settings/clients/page.tsx:navigation-reference | project/apps/web/src/app/(dashboard)/settings/notifications/page.tsx:navigation-reference | project/apps/web/src/app/(dashboard)/settings/portal/page.tsx:navigation-reference | project/apps/web/src/app/(dashboard)/tasks/page.tsx:navigation-reference | project/apps/web/src/components/client-accounting/ClientMovementsTable.tsx:navigation-reference | project/apps/web/src/components/client/client-activity-tab.tsx:navigation-reference | project/apps/web/src/components/client/client-address-section.tsx:navigation-reference | project/apps/web/src/components/client/client-form.tsx:navigation-reference | project/apps/web/src/components/client/client-portal-tab.tsx:navigation-reference | project/apps/web/src/components/client/client-profile.tsx:navigation-reference | project/apps/web/src/components/dashboard/quick-summary.tsx:navigation-reference | project/apps/web/src/components/dashboard/stats-widget.tsx:navigation-reference | project/apps/web/src/components/layout/header.tsx:navigation-reference | project/apps/web/src/components/layout/sidebar.tsx:navigation-reference | project/apps/web/src/components/notifications/notification-center.tsx:navigation-reference | project/apps/web/src/components/quick-actions.tsx:navigation-reference | project/apps/web/src/components/reports/client-performance.tsx:navigation-reference | project/apps/web/src/lib/api.ts:navigation-reference | project/apps/web/src/lib/api/client-accounting.ts:navigation-reference | project/apps/web/src/lib/api/client.types.ts:navigation-reference | project/apps/web/src/lib/client-display.ts:navigation-reference | project/apps/web/src/lib/client-write.ts:navigation-reference | project/apps/web/src/lib/error-log-presentation.ts:navigation-reference | project/apps/web/src/lib/poa-ux.ts:navigation-reference","ADD_REPRESENTATIVE_L6_VERIFICATION"
"UI-35E600A87A5B","FRONTEND / UI ACTIVATION","Next.js route /settings","IMPLEMENTED","true","true","true","true","24","","false","OPERABLE_UNVERIFIED","NONE","","project/apps/web/src/__tests__/error-log-page.test.tsx:navigation-reference | project/apps/web/src/__tests__/error-log-presentation.test.ts:navigation-reference | project/apps/web/src/__tests__/reporting-lines-settings.test.tsx:navigation-reference | project/apps/web/src/__tests__/settings-audit-safe-projection.test.tsx:navigation-reference | project/apps/web/src/app/(dashboard)/admin/execution-offices/page.tsx:navigation-reference | project/apps/web/src/app/(dashboard)/cases/[id]/page.tsx:navigation-reference | project/apps/web/src/app/(dashboard)/cases/new/page.tsx:navigation-reference | project/apps/web/src/app/(dashboard)/clients/[clientId]/edit/page.tsx:navigation-reference | project/apps/web/src/app/(dashboard)/clients/new/page.tsx:navigation-reference | project/apps/web/src/app/(dashboard)/clients/page.tsx:navigation-reference | project/apps/web/src/app/(dashboard)/dashboard/page.tsx:navigation-reference | project/apps/web/src/app/(dashboard)/onboarding/page.tsx:navigation-reference | project/apps/web/src/app/(dashboard)/settings/clients/page.tsx:navigation-reference | project/apps/web/src/app/(dashboard)/settings/notifications/page.tsx:navigation-reference | project/apps/web/src/app/(dashboard)/settings/office/page.tsx:navigation-reference | project/apps/web/src/app/(dashboard)/settings/page.tsx:1 | project/apps/web/src/app/(dashboard)/tasks/page.tsx:navigation-reference | project/apps/web/src/components/client/client-form.tsx:navigation-reference | project/apps/web/src/components/layout/header.tsx:navigation-reference | project/apps/web/src/components/layout/sidebar.tsx:navigation-reference | project/apps/web/src/components/notifications/notification-center.tsx:navigation-reference | project/apps/web/src/components/quick-actions.tsx:navigation-reference | project/apps/web/src/components/reports/client-performance.tsx:navigation-reference | project/apps/web/src/lib/api/client.types.ts:navigation-reference | project/apps/web/src/lib/error-log-presentation.ts:navigation-reference","ADD_REPRESENTATIVE_L6_VERIFICATION"
"UI-36135FC1CB0A","FRONTEND / UI ACTIVATION","Next.js route /ai-tools","IMPLEMENTED","true","true","true","true","3","","false","OPERABLE_UNVERIFIED","NONE","","project/apps/web/src/app/(dashboard)/ai-tools/page.tsx:1 | project/apps/web/src/components/layout/header.tsx:navigation-reference | project/apps/web/src/components/layout/sidebar.tsx:navigation-reference | project/apps/web/src/lib/error-log-presentation.ts:navigation-reference","ADD_REPRESENTATIVE_L6_VERIFICATION"
"UI-37040034E82D","FRONTEND / UI ACTIVATION","Next.js route /settings/notifications","IMPLEMENTED | MERGED","true","true","true","true","3","","false","OPERABLE_UNVERIFIED","NONE","","project/apps/web/src/__tests__/error-log-presentation.test.ts:navigation-reference | project/apps/web/src/app/(dashboard)/settings/notifications/page.tsx:1 | project/apps/web/src/components/layout/sidebar.tsx:navigation-reference | project/apps/web/src/lib/error-log-presentation.ts:navigation-reference","ADD_REPRESENTATIVE_L6_VERIFICATION"
"UI-3A3D340AA491","FRONTEND / UI ACTIVATION","Next.js route /auth/account-recovery","MERGED","true","true","true","true","5","","false","OPERABLE_UNVERIFIED","NONE","","project/apps/web/src/app/auth/account-recovery/page.tsx:1 | project/apps/web/src/app/auth/forgot-password/page.tsx:navigation-reference | project/apps/web/src/app/auth/login/page.tsx:navigation-reference | project/apps/web/src/lib/__tests__/auth-context-portal-delegation.spec.tsx:navigation-reference | project/apps/web/src/lib/api.ts:navigation-reference | project/apps/web/src/lib/auth-context.tsx:navigation-reference","ADD_REPRESENTATIVE_L6_VERIFICATION"
"UI-433F52293C04","FRONTEND / UI ACTIVATION","Next.js route /uyap-export","IMPLEMENTED","true","true","true","true","5","","false","OPERABLE_UNVERIFIED","NONE","","project/apps/web/src/app/(dashboard)/cases/[id]/page.tsx:navigation-reference | project/apps/web/src/app/(dashboard)/uyap-export/page.tsx:1 | project/apps/web/src/components/layout/sidebar.tsx:navigation-reference | project/apps/web/src/lib/api.ts:navigation-reference | project/apps/web/src/lib/api/uyap.ts:navigation-reference | project/apps/web/src/lib/error-log-presentation.ts:navigation-reference","ADD_REPRESENTATIVE_L6_VERIFICATION"
"UI-4400567A1B8A","FRONTEND / UI ACTIVATION","Next.js route /portal/login","CLOSED | IMPLEMENTED","true","true","true","true","6","","false","OPERABLE_UNVERIFIED","NONE","","project/apps/web/src/app/portal/__tests__/portal-closeout-r01.spec.tsx:navigation-reference | project/apps/web/src/app/portal/__tests__/portal-layout-route-boundary.spec.tsx:navigation-reference | project/apps/web/src/app/portal/forgot-password/page.tsx:navigation-reference | project/apps/web/src/app/portal/layout.tsx:navigation-reference | project/apps/web/src/app/portal/login/page.tsx:1 | project/apps/web/src/app/portal/reset-password/page.tsx:navigation-reference | project/apps/web/src/lib/__tests__/auth-context-portal-delegation.spec.tsx:navigation-reference","ADD_REPRESENTATIVE_L6_VERIFICATION"
"UI-4559857D5B3C","FRONTEND / UI ACTIVATION","Next.js route /clients/[clientId]/edit","CANONICAL | MERGED","true","true","true","false","0","","false","ACTIVE_UNREACHABLE","P1","Route dosyası mevcut fakat repository içinde navigation/action consumer bulunamadı.","project/apps/web/src/app/(dashboard)/clients/[clientId]/edit/page.tsx:1","WIRE_REAL_ENTRYPOINT_OR_DISPOSITION"
"UI-4E06E39CAD6B","FRONTEND / UI ACTIVATION","Next.js route /debtors","IMPLEMENTED | MERGED","true","true","","true","11","","false","UNKNOWN_REQUIRES_EVIDENCE","NONE","","project/apps/web/src/__tests__/case-debtor-include-passive-confinement.test.ts:navigation-reference | project/apps/web/src/__tests__/error-log-presentation.test.ts:navigation-reference | project/apps/web/src/app/(dashboard)/debtors/page.tsx:1 | project/apps/web/src/components/debtor/debtor-search.tsx:navigation-reference | project/apps/web/src/components/debtor/DebtorStep.tsx:navigation-reference | project/apps/web/src/components/debtor/NewDebtorModal.tsx:navigation-reference | project/apps/web/src/components/layout/header.tsx:navigation-reference | project/apps/web/src/components/layout/sidebar.tsx:navigation-reference | project/apps/web/src/components/quick-actions.tsx:navigation-reference | project/apps/web/src/lib/api.ts:navigation-reference | project/apps/web/src/lib/api/debtors.ts:navigation-reference | project/apps/web/src/lib/error-log-presentation.ts:navigation-reference","COLLECT_MISSING_EVIDENCE"
"UI-56FC1F1BC383","FRONTEND / UI ACTIVATION","Next.js route /page.tsx","IMPLEMENTED","true","true","true","true","17","","false","OPERABLE_UNVERIFIED","NONE","","project/apps/web/src/__tests__/case-debtor-include-passive-confinement.test.ts:navigation-reference | project/apps/web/src/__tests__/case-wizard-claim-classification-fail-closed.test.ts:navigation-reference | project/apps/web/src/__tests__/change-status-guarded-wiring.test.tsx:navigation-reference | project/apps/web/src/__tests__/claimitem-metadata-refresh.test.tsx:navigation-reference | project/apps/web/src/__tests__/client-intel-case-page-wiring.test.ts:navigation-reference | project/apps/web/src/__tests__/collection-summary-refresh.test.tsx:navigation-reference | project/apps/web/src/__tests__/interest-write-boundary.test.ts:navigation-reference | project/apps/web/src/app/(dashboard)/cases/new/lookup-ui.ts:navigation-reference | project/apps/web/src/app/page.tsx:1 | project/apps/web/src/app/portal/__tests__/portal-closeout-r01.spec.tsx:navigation-reference | project/apps/web/src/app/portal/__tests__/portal-dashboard-aggregate.spec.tsx:navigation-reference | project/apps/web/src/app/portal/cases/__tests__/case-list-projection.spec.tsx:navigation-reference | project/apps/web/src/app/portal/reset-password/__tests__/reset-password-page.spec.tsx:navigation-reference | project/apps/web/src/app/portal/reset-password/page.tsx:navigation-reference | project/apps/web/src/components/client/client-form.tsx:navigation-reference | project/apps/web/src/lib/api.ts:navigation-reference | project/apps/web/src/lib/bulk-assign.ts:navigation-reference | project/apps/web/src/lib/lawyer-match.ts:navigation-reference","ADD_REPRESENTATIVE_L6_VERIFICATION"
"UI-585E221FEA04","FRONTEND / UI ACTIVATION","Next.js route /portal/forgot-password","CLOSED | IMPLEMENTED","true","true","true","true","7","","false","OPERABLE_UNVERIFIED","NONE","","project/apps/web/src/app/portal/__tests__/portal-closeout-r01.spec.tsx:navigation-reference | project/apps/web/src/app/portal/__tests__/portal-layout-route-boundary.spec.tsx:navigation-reference | project/apps/web/src/app/portal/forgot-password/page.tsx:1 | project/apps/web/src/app/portal/layout.tsx:navigation-reference | project/apps/web/src/app/portal/login/page.tsx:navigation-reference | project/apps/web/src/app/portal/reset-password/__tests__/reset-password-page.spec.tsx:navigation-reference | project/apps/web/src/app/portal/reset-password/page.tsx:navigation-reference | project/apps/web/src/lib/__tests__/auth-context-portal-delegation.spec.tsx:navigation-reference","ADD_REPRESENTATIVE_L6_VERIFICATION"
"UI-5893A5D635F7","FRONTEND / UI ACTIVATION","Next.js route /auth/register","IMPLEMENTED | MERGED","true","true","true","true","6","","false","OPERABLE_UNVERIFIED","NONE","","project/apps/web/src/app/auth/register/__tests__/register-page.spec.tsx:navigation-reference | project/apps/web/src/app/auth/register/page.tsx:1 | project/apps/web/src/app/page.tsx:navigation-reference | project/apps/web/src/lib/__tests__/auth-context-portal-delegation.spec.tsx:navigation-reference | project/apps/web/src/lib/api.ts:navigation-reference | project/apps/web/src/lib/api/auth.ts:navigation-reference | project/apps/web/src/lib/auth-context.tsx:navigation-reference","ADD_REPRESENTATIVE_L6_VERIFICATION"
"UI-5F595BB239F4","FRONTEND / UI ACTIVATION","Next.js route /cases/[id]","IMPLEMENTED | MERGED","true","true","","true","94","","false","UNKNOWN_REQUIRES_EVIDENCE","NONE","","project/apps/web/src/__tests__/balance-shadow-display.test.tsx:navigation-reference | project/apps/web/src/__tests__/bulk-assign.test.ts:navigation-reference | project/apps/web/src/__tests__/case-debtor-include-passive-confinement.test.ts:navigation-reference | project/apps/web/src/__tests__/case-wizard-claim-classification-fail-closed.test.ts:navigation-reference | project/apps/web/src/__tests__/change-status-guarded-wiring.test.tsx:navigation-reference | project/apps/web/src/__tests__/claimitem-metadata-refresh.test.tsx:navigation-reference | project/apps/web/src/__tests__/client-intel-case-page-wiring.test.ts:navigation-reference | project/apps/web/src/__tests__/collection-summary-refresh.test.tsx:navigation-reference | project/apps/web/src/__tests__/error-log-drawer.test.tsx:navigation-reference | project/apps/web/src/__tests__/error-log-presentation.test.ts:navigation-reference | project/apps/web/src/__tests__/error-reporter.test.ts:navigation-reference | project/apps/web/src/__tests__/intake-links-api.test.ts:navigation-reference | project/apps/web/src/__tests__/interest-write-boundary.test.ts:navigation-reference | project/apps/web/src/__tests__/responsibility-at.test.ts:navigation-reference | project/apps/web/src/__tests__/responsibility-history-panel.test.tsx:navigation-reference | project/apps/web/src/__tests__/responsibility-history.test.ts:navigation-reference | project/apps/web/src/__tests__/responsible-person-picker.test.tsx:navigation-reference | project/apps/web/src/app/(dashboard)/cases/[id]/edit/page.tsx:navigation-reference | project/apps/web/src/app/(dashboard)/cases/[id]/page-new.tsx:navigation-reference | project/apps/web/src/app/(dashboard)/cases/[id]/page-v2.tsx:navigation-reference | project/apps/web/src/app/(dashboard)/cases/[id]/page.tsx:1 | project/apps/web/src/app/(dashboard)/cases/[id]/v2/page.tsx:navigation-reference | project/apps/web/src/app/(dashboard)/cases/new/page.tsx:navigation-reference | project/apps/web/src/app/(dashboard)/cases/page.tsx:navigation-reference | project/apps/web/src/app/(dashboard)/client-intake/[id]/page.tsx:navigation-reference | project/apps/web/src/app/(dashboard)/client-intake/[id]/promote/page.tsx:navigation-reference | project/apps/web/src/app/(dashboard)/client-intake/page.tsx:navigation-reference | project/apps/web/src/app/(dashboard)/onboarding/page.tsx:navigation-reference | project/apps/web/src/app/(dashboard)/reports/page.tsx:navigation-reference | project/apps/web/src/app/(dashboard)/tasks/page.tsx:navigation-reference | project/apps/web/src/app/portal/__tests__/portal-closeout-r01.spec.tsx:navigation-reference | project/apps/web/src/app/portal/__tests__/portal-dashboard-aggregate.spec.tsx:navigation-reference | project/apps/web/src/app/portal/__tests__/portal-layout-route-boundary.spec.tsx:navigation-reference | project/apps/web/src/app/portal/cases/__tests__/case-list-projection.spec.tsx:navigation-reference | project/apps/web/src/app/portal/cases/[id]/__tests__/case-detail-projection.spec.tsx:navigation-reference | project/apps/web/src/app/portal/cases/[id]/page.tsx:navigation-reference | project/apps/web/src/app/portal/cases/page.tsx:navigation-reference | project/apps/web/src/app/portal/layout.tsx:navigation-reference | project/apps/web/src/app/portal/page.tsx:navigation-reference | project/apps/web/src/components/case-detail/CaseHeader.tsx:navigation-reference | project/apps/web/src/components/case-detail/OperationDeck.tsx:navigation-reference | project/apps/web/src/components/case/case-activity-log.tsx:navigation-reference | project/apps/web/src/components/case/case-attachments.tsx:navigation-reference | project/apps/web/src/components/case/case-checklist.tsx:navigation-reference | project/apps/web/src/components/case/case-comments.tsx:navigation-reference | project/apps/web/src/components/case/case-compare-modal.tsx:navigation-reference | project/apps/web/src/components/case/case-copy-modal.tsx:navigation-reference | project/apps/web/src/components/case/case-cost-analysis.tsx:navigation-reference | project/apps/web/src/components/case/case-deadlines.tsx:navigation-reference | project/apps/web/src/components/case/case-expenses.tsx:navigation-reference | project/apps/web/src/components/case/case-favorites.tsx:navigation-reference | project/apps/web/src/components/case/case-hearings.tsx:navigation-reference | project/apps/web/src/components/case/case-history.tsx:navigation-reference | project/apps/web/src/components/case/case-links.tsx:navigation-reference | project/apps/web/src/components/case/case-merge-modal.tsx:navigation-reference | project/apps/web/src/components/case/case-mini-card.tsx:navigation-reference | project/apps/web/src/components/case/case-notes.tsx:navigation-reference | project/apps/web/src/components/case/case-priority.tsx:navigation-reference | project/apps/web/src/components/case/case-tags.tsx:navigation-reference | project/apps/web/src/components/case/case-timeline.tsx:navigation-reference | project/apps/web/src/components/case/case-watchlist.tsx:navigation-reference | project/apps/web/src/components/case/DocumentSourceSelector.tsx:navigation-reference | project/apps/web/src/components/case/legal-responsible-drawer-action.tsx:navigation-reference | project/apps/web/src/components/case/LegalResponsibleLawyerModal.tsx:navigation-reference | project/apps/web/src/components/case/responsibility-at-panel.tsx:navigation-reference | project/apps/web/src/components/case/responsibility-history-panel.tsx:navigation-reference | project/apps/web/src/components/case/responsible-candidate-select.tsx:navigation-reference | project/apps/web/src/components/case/responsible-person-picker.tsx:navigation-reference | project/apps/web/src/components/client/client-profile.tsx:navigation-reference | project/apps/web/src/components/dashboard/favorite-cases.tsx:navigation-reference | project/apps/web/src/components/dashboard/quick-summary.tsx:navigation-reference | project/apps/web/src/components/dashboard/recent-cases.tsx:navigation-reference | project/apps/web/src/components/dashboard/stats-widget.tsx:navigation-reference | project/apps/web/src/components/keyboard-shortcuts.tsx:navigation-reference | project/apps/web/src/components/layout/header.tsx:navigation-reference | project/apps/web/src/components/layout/sidebar.tsx:navigation-reference | project/apps/web/src/components/notifications/notification-center.tsx:navigation-reference | project/apps/web/src/components/quick-actions.tsx:navigation-reference | project/apps/web/src/components/reminders/reminder-widget.tsx:navigation-reference | project/apps/web/src/hooks/useCaseCalculation.ts:navigation-reference | project/apps/web/src/lib/__tests__/auth-context-portal-delegation.spec.tsx:navigation-reference | project/apps/web/src/lib/api.ts:navigation-reference | project/apps/web/src/lib/api/__tests__/client.test.ts:navigation-reference | project/apps/web/src/lib/api/balance-shadow-diff.ts:navigation-reference | project/apps/web/src/lib/api/cases.ts:navigation-reference | project/apps/web/src/lib/api/client-accounting.ts:navigation-reference | project/apps/web/src/lib/api/documents.ts:navigation-reference | project/apps/web/src/lib/api/finance.ts:navigation-reference | project/apps/web/src/lib/api/icrabot.ts:navigation-reference | project/apps/web/src/lib/bulk-assign-responsible.ts:navigation-reference | project/apps/web/src/lib/bulk-assign.ts:navigation-reference | project/apps/web/src/lib/case-staff-edit.ts:navigation-reference | project/apps/web/src/lib/error-log-presentation.ts:navigation-reference | project/apps/web/src/lib/responsibility-at.ts:navigation-reference | project/apps/web/src/lib/responsibility-history.ts:navigation-reference","COLLECT_MISSING_EVIDENCE"
"UI-603944806996","FRONTEND / UI ACTIVATION","Next.js route /tasks","IMPLEMENTED | MERGED","true","true","true","true","9","","false","OPERABLE_UNVERIFIED","NONE","","project/apps/web/src/app/(dashboard)/tasks/kanban/page.tsx:navigation-reference | project/apps/web/src/app/(dashboard)/tasks/page.tsx:1 | project/apps/web/src/components/dashboard/stats-widget.tsx:navigation-reference | project/apps/web/src/components/layout/header.tsx:navigation-reference | project/apps/web/src/components/layout/sidebar.tsx:navigation-reference | project/apps/web/src/components/quick-actions.tsx:navigation-reference | project/apps/web/src/lib/api.ts:navigation-reference | project/apps/web/src/lib/api/automation.ts:navigation-reference | project/apps/web/src/lib/api/icrabot.ts:navigation-reference | project/apps/web/src/lib/error-log-presentation.ts:navigation-reference","ADD_REPRESENTATIVE_L6_VERIFICATION"
"UI-6064668B2EC7","FRONTEND / UI ACTIVATION","Next.js route /cases/new","CANONICAL | IMPLEMENTED | MERGED","true","true","","true","10","","false","UNKNOWN_REQUIRES_EVIDENCE","NONE","","project/apps/web/src/__tests__/case-debtor-include-passive-confinement.test.ts:navigation-reference | project/apps/web/src/__tests__/case-wizard-claim-classification-fail-closed.test.ts:navigation-reference | project/apps/web/src/app/(dashboard)/cases/[id]/page.tsx:navigation-reference | project/apps/web/src/app/(dashboard)/cases/new/page.tsx:1 | project/apps/web/src/app/(dashboard)/cases/page.tsx:navigation-reference | project/apps/web/src/app/(dashboard)/onboarding/page.tsx:navigation-reference | project/apps/web/src/components/keyboard-shortcuts.tsx:navigation-reference | project/apps/web/src/components/layout/header.tsx:navigation-reference | project/apps/web/src/components/layout/sidebar.tsx:navigation-reference | project/apps/web/src/components/quick-actions.tsx:navigation-reference | project/apps/web/src/lib/error-log-presentation.ts:navigation-reference","COLLECT_MISSING_EVIDENCE"
"UI-69EE6E3DA96C","FRONTEND / UI ACTIVATION","Next.js route /settings/audit","IMPLEMENTED | MERGED","true","true","true","true","3","","false","OPERABLE_UNVERIFIED","NONE","","project/apps/web/src/__tests__/settings-audit-safe-projection.test.tsx:navigation-reference | project/apps/web/src/app/(dashboard)/settings/audit/page.tsx:1 | project/apps/web/src/components/layout/sidebar.tsx:navigation-reference | project/apps/web/src/lib/error-log-presentation.ts:navigation-reference","ADD_REPRESENTATIVE_L6_VERIFICATION"
"UI-71559813E75F","FRONTEND / UI ACTIVATION","Next.js route /tasks/kanban","IMPLEMENTED","true","true","true","true","2","","false","OPERABLE_UNVERIFIED","NONE","","project/apps/web/src/app/(dashboard)/tasks/kanban/page.tsx:1 | project/apps/web/src/app/(dashboard)/tasks/page.tsx:navigation-reference | project/apps/web/src/lib/error-log-presentation.ts:navigation-reference","ADD_REPRESENTATIVE_L6_VERIFICATION"
"UI-7246FE581487","FRONTEND / UI ACTIVATION","Next.js route /auth/forgot-password","MERGED","true","true","true","true","4","","false","OPERABLE_UNVERIFIED","NONE","","project/apps/web/src/app/auth/forgot-password/__tests__/forgot-password-page.spec.tsx:navigation-reference | project/apps/web/src/app/auth/forgot-password/page.tsx:1 | project/apps/web/src/app/auth/login/page.tsx:navigation-reference | project/apps/web/src/app/auth/reset-password/page.tsx:navigation-reference | project/apps/web/src/lib/api.ts:navigation-reference","ADD_REPRESENTATIVE_L6_VERIFICATION"
"UI-779BC33FF12E","FRONTEND / UI ACTIVATION","Next.js route /portal/financial-disclosures","MERGED","true","true","true","true","2","","false","OPERABLE_UNVERIFIED","NONE","","project/apps/web/src/app/portal/__tests__/portal-financial-disclosures.spec.tsx:navigation-reference | project/apps/web/src/app/portal/financial-disclosures/page.tsx:1 | project/apps/web/src/app/portal/layout.tsx:navigation-reference","ADD_REPRESENTATIVE_L6_VERIFICATION"
"UI-7828758F6A7D","FRONTEND / UI ACTIVATION","Next.js route /cases/[id]/_v2_disabled","IMPLEMENTED","true","false","false","false","0","","false","INTENTIONALLY_DORMANT","NONE","Next.js private underscore segment production route üretmez.","project/apps/web/src/app/(dashboard)/cases/[id]/_v2_disabled/page.tsx:1","PRESERVE_DORMANT_CONTRACT"
"UI-785CF3B753E3","FRONTEND / UI ACTIVATION","Next.js route /cases/[id]/v2","IMPLEMENTED | MERGED","true","true","true","true","1","","false","OPERABLE_UNVERIFIED","NONE","","project/apps/web/src/__tests__/case-debtor-include-passive-confinement.test.ts:navigation-reference | project/apps/web/src/app/(dashboard)/cases/[id]/v2/page.tsx:1","ADD_REPRESENTATIVE_L6_VERIFICATION"
"UI-7AD63ABCE73E","FRONTEND / UI ACTIVATION","Next.js route /portal/documents","CLOSED | IMPLEMENTED | MERGED","true","true","true","true","7","","false","OPERABLE_UNVERIFIED","NONE","","project/apps/web/src/app/portal/__tests__/portal-api-base-url-usage.spec.tsx:navigation-reference | project/apps/web/src/app/portal/__tests__/portal-closeout-r01.spec.tsx:navigation-reference | project/apps/web/src/app/portal/__tests__/portal-layout-notifications.spec.tsx:navigation-reference | project/apps/web/src/app/portal/documents/__tests__/portal-documents-page.spec.tsx:navigation-reference | project/apps/web/src/app/portal/documents/page.tsx:1 | project/apps/web/src/app/portal/layout.tsx:navigation-reference | project/apps/web/src/lib/config/__tests__/portal-api-url.spec.ts:navigation-reference | project/apps/web/src/lib/config/portal-api-url.ts:navigation-reference","ADD_REPRESENTATIVE_L6_VERIFICATION"
"UI-7E344E276C65","FRONTEND / UI ACTIVATION","Next.js route /portal/cases/[id]","CLOSED | IMPLEMENTED | MERGED","true","true","true","true","9","","false","OPERABLE_UNVERIFIED","NONE","","project/apps/web/src/app/portal/__tests__/portal-closeout-r01.spec.tsx:navigation-reference | project/apps/web/src/app/portal/__tests__/portal-dashboard-aggregate.spec.tsx:navigation-reference | project/apps/web/src/app/portal/__tests__/portal-layout-route-boundary.spec.tsx:navigation-reference | project/apps/web/src/app/portal/cases/__tests__/case-list-projection.spec.tsx:navigation-reference | project/apps/web/src/app/portal/cases/[id]/__tests__/case-detail-projection.spec.tsx:navigation-reference | project/apps/web/src/app/portal/cases/[id]/page.tsx:1 | project/apps/web/src/app/portal/cases/page.tsx:navigation-reference | project/apps/web/src/app/portal/layout.tsx:navigation-reference | project/apps/web/src/app/portal/page.tsx:navigation-reference | project/apps/web/src/lib/__tests__/auth-context-portal-delegation.spec.tsx:navigation-reference","ADD_REPRESENTATIVE_L6_VERIFICATION"
"UI-8AC75603E74E","FRONTEND / UI ACTIVATION","Next.js route /reports","IMPLEMENTED | MERGED","true","true","true","true","20","","false","OPERABLE_UNVERIFIED","NONE","","project/apps/web/src/app/(dashboard)/dashboard/page.tsx:navigation-reference | project/apps/web/src/app/(dashboard)/reports/page.tsx:1 | project/apps/web/src/components/dashboard/advanced-stats.tsx:navigation-reference | project/apps/web/src/components/dashboard/chart-widget.tsx:navigation-reference | project/apps/web/src/components/dashboard/lawyer-performance.tsx:navigation-reference | project/apps/web/src/components/keyboard-shortcuts.tsx:navigation-reference | project/apps/web/src/components/layout/sidebar.tsx:navigation-reference | project/apps/web/src/components/quick-actions.tsx:navigation-reference | project/apps/web/src/components/reports/CaseDebtReport.tsx:navigation-reference | project/apps/web/src/components/reports/client-performance.tsx:navigation-reference | project/apps/web/src/components/reports/CollectionHistoryReport.tsx:navigation-reference | project/apps/web/src/components/reports/custom-report-builder.tsx:navigation-reference | project/apps/web/src/components/reports/email-report-modal.tsx:navigation-reference | project/apps/web/src/components/reports/InterestReport.tsx:navigation-reference | project/apps/web/src/components/reports/lawyer-workload.tsx:navigation-reference | project/apps/web/src/components/reports/pdf-export.tsx:navigation-reference | project/apps/web/src/components/reports/scheduled-reports.tsx:navigation-reference | project/apps/web/src/components/reports/user-activity-report.tsx:navigation-reference | project/apps/web/src/lib/api.ts:navigation-reference | project/apps/web/src/lib/api/automation.ts:navigation-reference | project/apps/web/src/lib/error-log-presentation.ts:navigation-reference","ADD_REPRESENTATIVE_L6_VERIFICATION"
"UI-8DEDBB5A020D","FRONTEND / UI ACTIVATION","Next.js route /settings/clients","CANONICAL | IMPLEMENTED | MERGED","true","true","true","true","16","","false","OPERABLE_UNVERIFIED","NONE","","project/apps/web/src/app/(dashboard)/cases/[id]/page.tsx:navigation-reference | project/apps/web/src/app/(dashboard)/cases/new/page.tsx:navigation-reference | project/apps/web/src/app/(dashboard)/clients/[clientId]/edit/page.tsx:navigation-reference | project/apps/web/src/app/(dashboard)/clients/new/page.tsx:navigation-reference | project/apps/web/src/app/(dashboard)/clients/page.tsx:navigation-reference | project/apps/web/src/app/(dashboard)/dashboard/page.tsx:navigation-reference | project/apps/web/src/app/(dashboard)/settings/clients/page.tsx:1 | project/apps/web/src/app/(dashboard)/settings/notifications/page.tsx:navigation-reference | project/apps/web/src/app/(dashboard)/tasks/page.tsx:navigation-reference | project/apps/web/src/components/client/client-form.tsx:navigation-reference | project/apps/web/src/components/layout/header.tsx:navigation-reference | project/apps/web/src/components/layout/sidebar.tsx:navigation-reference | project/apps/web/src/components/notifications/notification-center.tsx:navigation-reference | project/apps/web/src/components/quick-actions.tsx:navigation-reference | project/apps/web/src/components/reports/client-performance.tsx:navigation-reference | project/apps/web/src/lib/api/client.types.ts:navigation-reference | project/apps/web/src/lib/error-log-presentation.ts:navigation-reference","ADD_REPRESENTATIVE_L6_VERIFICATION"
"UI-90D94C7E5788","FRONTEND / UI ACTIVATION","Next.js route /settings/reporting-lines","MERGED","true","true","true","true","2","","false","OPERABLE_UNVERIFIED","NONE","","project/apps/web/src/__tests__/reporting-lines-settings.test.tsx:navigation-reference | project/apps/web/src/app/(dashboard)/settings/reporting-lines/page.tsx:1 | project/apps/web/src/components/layout/sidebar.tsx:navigation-reference","ADD_REPRESENTATIVE_L6_VERIFICATION"
"UI-940EBCB1A86B","FRONTEND / UI ACTIVATION","Next.js route /auth/accept-invite","MERGED","true","true","true","true","1","","false","OPERABLE_UNVERIFIED","NONE","","project/apps/web/src/app/auth/accept-invite/page.tsx:1 | project/apps/web/src/lib/api.ts:navigation-reference","ADD_REPRESENTATIVE_L6_VERIFICATION"
"UI-9658C32E711C","FRONTEND / UI ACTIVATION","Next.js route /settings/portal","IMPLEMENTED","true","true","true","true","2","","false","OPERABLE_UNVERIFIED","NONE","","project/apps/web/src/app/(dashboard)/settings/portal/page.tsx:1 | project/apps/web/src/components/layout/sidebar.tsx:navigation-reference | project/apps/web/src/lib/error-log-presentation.ts:navigation-reference","ADD_REPRESENTATIVE_L6_VERIFICATION"
"UI-9A7E11E3C2C3","FRONTEND / UI ACTIVATION","Next.js route /admin/execution-offices","IMPLEMENTED","true","true","true","true","2","","false","OPERABLE_UNVERIFIED","NONE","","project/apps/web/src/app/(dashboard)/admin/execution-offices/page.tsx:1 | project/apps/web/src/components/layout/sidebar.tsx:navigation-reference | project/apps/web/src/lib/error-log-presentation.ts:navigation-reference","ADD_REPRESENTATIVE_L6_VERIFICATION"
"UI-9CB450178084","FRONTEND / UI ACTIVATION","Next.js route /dashboard","IMPLEMENTED","true","true","true","true","14","","false","OPERABLE_UNVERIFIED","NONE","","project/apps/web/src/__tests__/sidebar-admin-visibility.test.tsx:navigation-reference | project/apps/web/src/app/(dashboard)/dashboard/page.tsx:1 | project/apps/web/src/app/(dashboard)/onboarding/page.tsx:navigation-reference | project/apps/web/src/app/(dashboard)/reports/page.tsx:navigation-reference | project/apps/web/src/app/auth/register/__tests__/register-page.spec.tsx:navigation-reference | project/apps/web/src/app/auth/register/page.tsx:navigation-reference | project/apps/web/src/components/keyboard-shortcuts.tsx:navigation-reference | project/apps/web/src/components/layout/header.tsx:navigation-reference | project/apps/web/src/components/layout/sidebar.tsx:navigation-reference | project/apps/web/src/lib/__tests__/auth-context-portal-delegation.spec.tsx:navigation-reference | project/apps/web/src/lib/__tests__/auth-context-redirect.spec.tsx:navigation-reference | project/apps/web/src/lib/api.ts:navigation-reference | project/apps/web/src/lib/api/icrabot.ts:navigation-reference | project/apps/web/src/lib/auth-context.tsx:navigation-reference | project/apps/web/src/lib/error-log-presentation.ts:navigation-reference","ADD_REPRESENTATIVE_L6_VERIFICATION"
"UI-9E7B959DCC8D","FRONTEND / UI ACTIVATION","Next.js route /cases/[id]/edit","IMPLEMENTED | MERGED","true","true","true","true","1","","false","OPERABLE_UNVERIFIED","NONE","","project/apps/web/src/__tests__/change-status-guarded-wiring.test.tsx:navigation-reference | project/apps/web/src/app/(dashboard)/cases/[id]/edit/page.tsx:1","ADD_REPRESENTATIVE_L6_VERIFICATION"
"UI-B8406DD15BC2","FRONTEND / UI ACTIVATION","Next.js route /clients/new","CANONICAL | MERGED","true","true","true","true","2","","false","OPERABLE_UNVERIFIED","NONE","","project/apps/web/src/app/(dashboard)/clients/new/page.tsx:1 | project/apps/web/src/app/(dashboard)/clients/page.tsx:navigation-reference | project/apps/web/src/app/(dashboard)/settings/clients/page.tsx:navigation-reference","ADD_REPRESENTATIVE_L6_VERIFICATION"
"UI-BAA748F99B46","FRONTEND / UI ACTIVATION","Next.js route /auth/reset-password","MERGED","true","true","true","true","4","","false","OPERABLE_UNVERIFIED","NONE","","project/apps/web/src/app/auth/reset-password/__tests__/reset-password-page.spec.tsx:navigation-reference | project/apps/web/src/app/auth/reset-password/page.tsx:1 | project/apps/web/src/app/portal/reset-password/__tests__/reset-password-page.spec.tsx:navigation-reference | project/apps/web/src/app/portal/reset-password/page.tsx:navigation-reference | project/apps/web/src/lib/api.ts:navigation-reference","ADD_REPRESENTATIVE_L6_VERIFICATION"
"UI-C679ADB15948","FRONTEND / UI ACTIVATION","Next.js route /portal/messages","CLOSED | IMPLEMENTED | MERGED","true","true","true","true","6","","false","OPERABLE_UNVERIFIED","NONE","","project/apps/web/src/app/portal/__tests__/portal-api-base-url-usage.spec.tsx:navigation-reference | project/apps/web/src/app/portal/__tests__/portal-closeout-r01.spec.tsx:navigation-reference | project/apps/web/src/app/portal/__tests__/portal-layout-notifications.spec.tsx:navigation-reference | project/apps/web/src/app/portal/layout.tsx:navigation-reference | project/apps/web/src/app/portal/messages/__tests__/portal-messages-page.spec.tsx:navigation-reference | project/apps/web/src/app/portal/messages/page.tsx:1 | project/apps/web/src/lib/config/__tests__/portal-api-url.spec.ts:navigation-reference","ADD_REPRESENTATIVE_L6_VERIFICATION"
"UI-CAE24A2F6515","FRONTEND / UI ACTIVATION","Next.js route /settings/office","IMPLEMENTED | MERGED","true","true","true","true","6","","false","OPERABLE_UNVERIFIED","NONE","","project/apps/web/src/app/(dashboard)/cases/[id]/page.tsx:navigation-reference | project/apps/web/src/app/(dashboard)/cases/new/page.tsx:navigation-reference | project/apps/web/src/app/(dashboard)/settings/notifications/page.tsx:navigation-reference | project/apps/web/src/app/(dashboard)/settings/office/page.tsx:1 | project/apps/web/src/components/layout/sidebar.tsx:navigation-reference | project/apps/web/src/components/quick-actions.tsx:navigation-reference | project/apps/web/src/lib/error-log-presentation.ts:navigation-reference","ADD_REPRESENTATIVE_L6_VERIFICATION"
"UI-D6AD798F0FB0","FRONTEND / UI ACTIVATION","Next.js route /onboarding","IMPLEMENTED","true","true","true","true","1","","false","OPERABLE_UNVERIFIED","NONE","","project/apps/web/src/app/(dashboard)/onboarding/page.tsx:1 | project/apps/web/src/lib/error-log-presentation.ts:navigation-reference","ADD_REPRESENTATIVE_L6_VERIFICATION"
"UI-D8B811E689DF","FRONTEND / UI ACTIVATION","Next.js route /clients/[clientId]/accounting","MERGED","true","true","true","false","0","","false","ACTIVE_UNREACHABLE","P1","Route dosyası mevcut fakat repository içinde navigation/action consumer bulunamadı.","project/apps/web/src/app/(dashboard)/clients/[clientId]/accounting/page.tsx:1","WIRE_REAL_ENTRYPOINT_OR_DISPOSITION"
"UI-E040EAD6754B","FRONTEND / UI ACTIVATION","Next.js route /auth/login","IMPLEMENTED | MERGED","true","true","true","true","15","","false","OPERABLE_UNVERIFIED","NONE","","project/apps/web/src/app/(dashboard)/settings/security/page.tsx:navigation-reference | project/apps/web/src/app/auth/accept-invite/page.tsx:navigation-reference | project/apps/web/src/app/auth/account-recovery/page.tsx:navigation-reference | project/apps/web/src/app/auth/forgot-password/page.tsx:navigation-reference | project/apps/web/src/app/auth/login/__tests__/login-page.spec.tsx:navigation-reference | project/apps/web/src/app/auth/login/page.tsx:1 | project/apps/web/src/app/auth/register/__tests__/register-page.spec.tsx:navigation-reference | project/apps/web/src/app/auth/register/page.tsx:navigation-reference | project/apps/web/src/app/auth/reset-password/__tests__/reset-password-page.spec.tsx:navigation-reference | project/apps/web/src/app/auth/reset-password/page.tsx:navigation-reference | project/apps/web/src/app/page.tsx:navigation-reference | project/apps/web/src/lib/__tests__/auth-context-portal-delegation.spec.tsx:navigation-reference | project/apps/web/src/lib/__tests__/auth-context-redirect.spec.tsx:navigation-reference | project/apps/web/src/lib/api.ts:navigation-reference | project/apps/web/src/lib/api/auth.ts:navigation-reference | project/apps/web/src/lib/auth-context.tsx:navigation-reference","ADD_REPRESENTATIVE_L6_VERIFICATION"
"UI-E701D0365454","FRONTEND / UI ACTIVATION","Next.js route /portal/poas","CLOSED | IMPLEMENTED","true","true","true","true","3","","false","OPERABLE_UNVERIFIED","NONE","","project/apps/web/src/app/portal/__tests__/portal-closeout-r01.spec.tsx:navigation-reference | project/apps/web/src/app/portal/layout.tsx:navigation-reference | project/apps/web/src/app/portal/poas/__tests__/portal-poa-page.spec.tsx:navigation-reference | project/apps/web/src/app/portal/poas/page.tsx:1","ADD_REPRESENTATIVE_L6_VERIFICATION"
"UI-E90D5018FEB5","FRONTEND / UI ACTIVATION","Next.js route /client-intake/[id]","MERGED","true","true","true","true","14","","false","OPERABLE_UNVERIFIED","NONE","","project/apps/web/src/__tests__/case-debtor-include-passive-confinement.test.ts:navigation-reference | project/apps/web/src/__tests__/client-intake-tab.test.tsx:navigation-reference | project/apps/web/src/__tests__/intake-detail-page.test.tsx:navigation-reference | project/apps/web/src/__tests__/intake-links-api.test.ts:navigation-reference | project/apps/web/src/__tests__/intake-promote-page.test.tsx:navigation-reference | project/apps/web/src/__tests__/intake-queue-page.test.tsx:navigation-reference | project/apps/web/src/__tests__/intake-review-api.test.ts:navigation-reference | project/apps/web/src/app/(dashboard)/client-intake/[id]/page.tsx:1 | project/apps/web/src/app/(dashboard)/client-intake/[id]/promote/page.tsx:navigation-reference | project/apps/web/src/app/(dashboard)/client-intake/page.tsx:navigation-reference | project/apps/web/src/components/client/client-intake-tab.tsx:navigation-reference | project/apps/web/src/components/client/client-profile.tsx:navigation-reference | project/apps/web/src/components/layout/sidebar.tsx:navigation-reference | project/apps/web/src/lib/api.ts:navigation-reference | project/apps/web/src/lib/error-log-presentation.ts:navigation-reference","ADD_REPRESENTATIVE_L6_VERIFICATION"
"UI-E949B0179CB8","FRONTEND / UI ACTIVATION","Next.js route /clients/[clientId]","CANONICAL","true","true","true","true","40","","false","OPERABLE_UNVERIFIED","NONE","","project/apps/web/src/__tests__/client-actions-tab.test.tsx:navigation-reference | project/apps/web/src/__tests__/client-activity-tab.test.tsx:navigation-reference | project/apps/web/src/__tests__/client-profile-actions-tab.test.tsx:navigation-reference | project/apps/web/src/__tests__/client-right-panel.test.tsx:navigation-reference | project/apps/web/src/__tests__/error-log-page.test.tsx:navigation-reference | project/apps/web/src/__tests__/error-log-presentation.test.ts:navigation-reference | project/apps/web/src/__tests__/intake-links-api.test.ts:navigation-reference | project/apps/web/src/__tests__/poa-ux.test.ts:navigation-reference | project/apps/web/src/app/(dashboard)/cases/[id]/page.tsx:navigation-reference | project/apps/web/src/app/(dashboard)/cases/new/page.tsx:navigation-reference | project/apps/web/src/app/(dashboard)/cases/page.tsx:navigation-reference | project/apps/web/src/app/(dashboard)/clients/[clientId]/accounting/page.tsx:navigation-reference | project/apps/web/src/app/(dashboard)/clients/[clientId]/edit/page.tsx:navigation-reference | project/apps/web/src/app/(dashboard)/clients/[clientId]/page.tsx:1 | project/apps/web/src/app/(dashboard)/clients/new/page.tsx:navigation-reference | project/apps/web/src/app/(dashboard)/clients/page.tsx:navigation-reference | project/apps/web/src/app/(dashboard)/dashboard/page.tsx:navigation-reference | project/apps/web/src/app/(dashboard)/settings/clients/page.tsx:navigation-reference | project/apps/web/src/app/(dashboard)/settings/notifications/page.tsx:navigation-reference | project/apps/web/src/app/(dashboard)/settings/portal/page.tsx:navigation-reference | project/apps/web/src/app/(dashboard)/tasks/page.tsx:navigation-reference | project/apps/web/src/components/client-accounting/ClientMovementsTable.tsx:navigation-reference | project/apps/web/src/components/client/client-activity-tab.tsx:navigation-reference | project/apps/web/src/components/client/client-address-section.tsx:navigation-reference | project/apps/web/src/components/client/client-form.tsx:navigation-reference | project/apps/web/src/components/client/client-portal-tab.tsx:navigation-reference | project/apps/web/src/components/client/client-profile.tsx:navigation-reference | project/apps/web/src/components/dashboard/quick-summary.tsx:navigation-reference | project/apps/web/src/components/dashboard/stats-widget.tsx:navigation-reference | project/apps/web/src/components/layout/header.tsx:navigation-reference | project/apps/web/src/components/layout/sidebar.tsx:navigation-reference | project/apps/web/src/components/notifications/notification-center.tsx:navigation-reference | project/apps/web/src/components/quick-actions.tsx:navigation-reference | project/apps/web/src/components/reports/client-performance.tsx:navigation-reference | project/apps/web/src/lib/api.ts:navigation-reference | project/apps/web/src/lib/api/client-accounting.ts:navigation-reference | project/apps/web/src/lib/api/client.types.ts:navigation-reference | project/apps/web/src/lib/client-display.ts:navigation-reference | project/apps/web/src/lib/client-write.ts:navigation-reference | project/apps/web/src/lib/error-log-presentation.ts:navigation-reference | project/apps/web/src/lib/poa-ux.ts:navigation-reference","ADD_REPRESENTATIVE_L6_VERIFICATION"
"UI-EAD407FC7C58","FRONTEND / UI ACTIVATION","Next.js route /portal/profile","CLOSED | IMPLEMENTED","true","true","true","true","2","","false","OPERABLE_UNVERIFIED","NONE","","project/apps/web/src/app/(dashboard)/settings/security/page.tsx:navigation-reference | project/apps/web/src/app/portal/layout.tsx:navigation-reference | project/apps/web/src/app/portal/profile/page.tsx:1","ADD_REPRESENTATIVE_L6_VERIFICATION"
"UI-EB0594749B23","FRONTEND / UI ACTIVATION","Next.js route /office-approvals","MERGED","true","true","true","true","3","","false","OPERABLE_UNVERIFIED","NONE","","project/apps/web/src/__tests__/office-approval-page.test.tsx:navigation-reference | project/apps/web/src/app/(dashboard)/office-approvals/page.tsx:1 | project/apps/web/src/components/layout/sidebar.tsx:navigation-reference | project/apps/web/src/lib/api/office-approval.ts:navigation-reference","ADD_REPRESENTATIVE_L6_VERIFICATION"
"UI-F0D6434DF7BD","FRONTEND / UI ACTIVATION","Next.js route /settings/error-logs","IMPLEMENTED | MERGED","true","true","true","true","4","","false","OPERABLE_UNVERIFIED","NONE","","project/apps/web/src/__tests__/error-log-page.test.tsx:navigation-reference | project/apps/web/src/__tests__/error-log-presentation.test.ts:navigation-reference | project/apps/web/src/app/(dashboard)/settings/error-logs/page.tsx:1 | project/apps/web/src/components/layout/sidebar.tsx:navigation-reference | project/apps/web/src/lib/error-log-presentation.ts:navigation-reference","ADD_REPRESENTATIVE_L6_VERIFICATION"
"UI-F1F0061A53D1","FRONTEND / UI ACTIVATION","Next.js route /client-intake","MERGED","true","true","true","true","14","","false","OPERABLE_UNVERIFIED","NONE","","project/apps/web/src/__tests__/case-debtor-include-passive-confinement.test.ts:navigation-reference | project/apps/web/src/__tests__/client-intake-tab.test.tsx:navigation-reference | project/apps/web/src/__tests__/intake-detail-page.test.tsx:navigation-reference | project/apps/web/src/__tests__/intake-links-api.test.ts:navigation-reference | project/apps/web/src/__tests__/intake-promote-page.test.tsx:navigation-reference | project/apps/web/src/__tests__/intake-queue-page.test.tsx:navigation-reference | project/apps/web/src/__tests__/intake-review-api.test.ts:navigation-reference | project/apps/web/src/app/(dashboard)/client-intake/[id]/page.tsx:navigation-reference | project/apps/web/src/app/(dashboard)/client-intake/[id]/promote/page.tsx:navigation-reference | project/apps/web/src/app/(dashboard)/client-intake/page.tsx:1 | project/apps/web/src/components/client/client-intake-tab.tsx:navigation-reference | project/apps/web/src/components/client/client-profile.tsx:navigation-reference | project/apps/web/src/components/layout/sidebar.tsx:navigation-reference | project/apps/web/src/lib/api.ts:navigation-reference | project/apps/web/src/lib/error-log-presentation.ts:navigation-reference","ADD_REPRESENTATIVE_L6_VERIFICATION"
"UI-F559139C175A","FRONTEND / UI ACTIVATION","Next.js route /portal/reset-password","CLOSED | MERGED","true","true","true","true","4","","false","OPERABLE_UNVERIFIED","NONE","","project/apps/web/src/app/portal/__tests__/portal-layout-route-boundary.spec.tsx:navigation-reference | project/apps/web/src/app/portal/layout.tsx:navigation-reference | project/apps/web/src/app/portal/reset-password/__tests__/reset-password-page.spec.tsx:navigation-reference | project/apps/web/src/app/portal/reset-password/page.tsx:1 | project/apps/web/src/lib/__tests__/auth-context-portal-delegation.spec.tsx:navigation-reference","ADD_REPRESENTATIVE_L6_VERIFICATION"
"UI-FF3B83977133","FRONTEND / UI ACTIVATION","Next.js route /settings/security","MERGED","true","true","true","true","1","","false","OPERABLE_UNVERIFIED","NONE","","project/apps/web/src/app/(dashboard)/settings/security/page.tsx:1 | project/apps/web/src/components/layout/header.tsx:navigation-reference","ADD_REPRESENTATIVE_L6_VERIFICATION"
